City,Locality,Locality_Tier,BHK,Area_SqFt,Bathrooms,Balconies,Property_Age,Furnishing,Floor_Level,Amenities_Score,Latitude,Longitude,Price_Lakhs
Pune,Hadapsar & Undri,Mid-Segment,2,1161,2,1,0,Unfurnished,High (13+),4,18.47153,73.94114,84.8
Chennai,Anna Nagar,Premium,2,923,3,2,0,Unfurnished,Mid (5-12),10,13.08363,80.22018,121.05
Chennai,OMR IT Corridor (Perungudi),Mid-Segment,2,1243,2,0,5,Unfurnished,Ground-Low (1-4),4,12.96041,80.27102,97.06
Bengaluru,Electronic City,Mid-Segment,2,1123,3,2,0,Fully-Furnished,Ground-Low (1-4),8,12.85671,77.6731,96.3
Chennai,Anna Nagar,Premium,2,862,3,2,18,Fully-Furnished,Mid (5-12),8,13.10192,80.21759,107.25
Hyderabad,Gachibowli & Financial District,Premium,2,1084,2,1,5,Unfurnished,High (13+),1,17.43531,78.36517,137.92
Mumbai,Thane West,Mid-Segment,2,855,2,2,8,Semi-Furnished,Ground-Low (1-4),7,19.283,72.95669,126.27
Mumbai,Navi Mumbai (Vashi/Kharghar),Mid-Segment,3,1732,3,2,2,Fully-Furnished,High (13+),5,19.10723,73.03312,251.38
Delhi NCR,Golf Course Rd (Gurugram),Ultra Luxury,3,1416,4,1,0,Semi-Furnished,Ground-Low (1-4),4,28.45211,77.10411,377.65
Pune,Hadapsar & Undri,Mid-Segment,1,507,1,3,5,Unfurnished,Ground-Low (1-4),4,18.48825,73.93749,31.88
Bengaluru,Electronic City,Mid-Segment,2,1212,2,1,2,Fully-Furnished,High (13+),7,12.8513,77.67845,106.25
Bengaluru,Electronic City,Mid-Segment,2,917,3,2,8,Semi-Furnished,High (13+),4,12.84654,77.67853,61.87
Delhi NCR,Golf Course Rd (Gurugram),Ultra Luxury,1,649,1,2,5,Unfurnished,Ground-Low (1-4),1,28.45452,77.09796,159.26
Chennai,Velachery,Mid-Segment,1,523,1,2,2,Semi-Furnished,Mid (5-12),1,12.97571,80.23086,43.31
Hyderabad,Kondapur & HITECH City,Premium,3,1756,3,2,12,Unfurnished,Ground-Low (1-4),9,17.46373,78.37945,159.51
Pune,Koregaon Park & Kalyani Nagar,Ultra Luxury,1,634,1,2,0,Unfurnished,High (13+),4,18.54099,73.89154,114.45
Chennai,Velachery,Mid-Segment,2,1203,2,1,2,Semi-Furnished,High (13+),8,12.98972,80.23941,114.43
Pune,Wakad & Hinjewadi,Mid-Segment,3,1573,3,2,0,Unfurnished,Mid (5-12),6,18.58937,73.76659,130.46
Pune,Koregaon Park & Kalyani Nagar,Ultra Luxury,1,548,1,2,5,Fully-Furnished,Mid (5-12),1,18.54313,73.89171,92.73
Chennai,Tambaram & Porur,Affordable,2,1212,2,2,5,Semi-Furnished,Mid (5-12),5,12.9173,80.15068,80.95
Pune,Kharadi & Viman Nagar,Premium,3,1376,4,3,18,Fully-Furnished,Ground-Low (1-4),9,18.55146,73.92815,127.6
Pune,Koregaon Park & Kalyani Nagar,Ultra Luxury,1,511,1,3,2,Unfurnished,Mid (5-12),6,18.54432,73.8981,83.38
Bengaluru,HSR Layout & Sarjapur,Premium,2,968,3,2,8,Semi-Furnished,Ground-Low (1-4),10,12.91894,77.66286,125.83
Bengaluru,Indiranagar & Koramangala,Ultra Luxury,3,1466,4,2,8,Fully-Furnished,Ground-Low (1-4),2,12.97348,77.63617,263.36
Chennai,OMR IT Corridor (Perungudi),Mid-Segment,2,1067,2,3,12,Unfurnished,Ground-Low (1-4),6,12.96926,80.27613,69.92
Pune,Hadapsar & Undri,Mid-Segment,2,1186,3,2,5,Semi-Furnished,Mid (5-12),2,18.48073,73.93316,80.16
Mumbai,Powai-Andheri West,Premium,2,881,2,1,0,Semi-Furnished,Mid (5-12),1,19.191,72.85868,203.55
Mumbai,Navi Mumbai (Vashi/Kharghar),Mid-Segment,2,1231,2,2,2,Semi-Furnished,Ground-Low (1-4),10,19.10312,73.03286,158.54
Mumbai,Navi Mumbai (Vashi/Kharghar),Mid-Segment,1,459,1,1,25,Unfurnished,Ground-Low (1-4),10,19.09946,73.02638,35.03
Bengaluru,HSR Layout & Sarjapur,Premium,4,3075,5,1,5,Semi-Furnished,High (13+),5,12.91528,77.65692,391.72
Bengaluru,Indiranagar & Koramangala,Ultra Luxury,3,1731,4,2,2,Semi-Furnished,Mid (5-12),3,12.98801,77.63763,328.3
Delhi NCR,Noida Sector 150/62,Mid-Segment,2,935,3,0,0,Semi-Furnished,Ground-Low (1-4),8,28.57161,77.38263,96.19
Chennai,Anna Nagar,Premium,2,1048,3,2,5,Fully-Furnished,Mid (5-12),5,13.09117,80.21207,144.76
Delhi NCR,Golf Course Rd (Gurugram),Ultra Luxury,3,1426,3,2,2,Fully-Furnished,High (13+),1,28.4575,77.1038,431.71
Delhi NCR,Golf Course Rd (Gurugram),Ultra Luxury,2,1063,3,3,2,Fully-Furnished,Ground-Low (1-4),9,28.46304,77.10254,315.55
Pune,Kharadi & Viman Nagar,Premium,2,883,2,1,2,Semi-Furnished,Mid (5-12),7,18.55603,73.91897,101.33
Hyderabad,Gachibowli & Financial District,Premium,5,4793,6,2,12,Semi-Furnished,Ground-Low (1-4),9,17.43702,78.35838,549.46
Hyderabad,Gachibowli & Financial District,Premium,2,1206,3,0,0,Fully-Furnished,Ground-Low (1-4),1,17.45261,78.36143,160.94
Mumbai,Navi Mumbai (Vashi/Kharghar),Mid-Segment,3,1575,3,2,2,Semi-Furnished,Ground-Low (1-4),3,19.09623,73.02707,187.13
Bengaluru,Electronic City,Mid-Segment,1,473,1,2,8,Unfurnished,Mid (5-12),1,12.84326,77.67517,27.87
Hyderabad,Gachibowli & Financial District,Premium,1,643,1,1,0,Fully-Furnished,High (13+),4,17.44546,78.36929,93.63
Chennai,Adyar & Boat Club Area,Ultra Luxury,3,1700,4,2,18,Fully-Furnished,Ground-Low (1-4),6,13.00181,80.2531,249.1
Bengaluru,Electronic City,Mid-Segment,3,1582,4,2,0,Fully-Furnished,High (13+),6,12.84702,77.66726,151.31
Delhi NCR,Greater Noida West,Affordable,4,2558,4,2,2,Fully-Furnished,High (13+),5,28.52443,77.45653,166.65
Mumbai,Bandra-Juhu Belt,Ultra Luxury,5,3525,5,2,2,Fully-Furnished,Mid (5-12),1,19.15147,72.82883,1162.4
Chennai,Velachery,Mid-Segment,3,1949,4,3,5,Semi-Furnished,Mid (5-12),3,12.97765,80.22971,145.11
Chennai,Adyar & Boat Club Area,Ultra Luxury,4,2766,5,3,8,Unfurnished,Ground-Low (1-4),7,13.00815,80.2511,419.47
Pune,Koregaon Park & Kalyani Nagar,Ultra Luxury,2,1074,3,2,5,Semi-Furnished,Mid (5-12),5,18.54281,73.90078,191.24
Delhi NCR,Noida Sector 150/62,Mid-Segment,5,4212,6,1,2,Fully-Furnished,Ground-Low (1-4),6,28.56986,77.37947,437.01
Mumbai,Navi Mumbai (Vashi/Kharghar),Mid-Segment,3,1625,3,2,2,Semi-Furnished,High (13+),5,19.10295,73.02188,215.57
Delhi NCR,Cyber City & Sector 54,Premium,1,475,1,2,2,Semi-Furnished,Ground-Low (1-4),4,28.47338,77.11235,83.76
Bengaluru,Yelahanka & North Blr,Mid-Segment,2,866,2,1,2,Unfurnished,Mid (5-12),5,13.10082,77.57873,67.05
Bengaluru,Indiranagar & Koramangala,Ultra Luxury,2,1126,2,0,5,Semi-Furnished,Mid (5-12),1,12.98657,77.62829,203.73
Chennai,Anna Nagar,Premium,3,1668,4,2,0,Unfurnished,Mid (5-12),7,13.09293,80.21134,213.6
Hyderabad,Gachibowli & Financial District,Premium,2,1063,2,1,8,Unfurnished,Mid (5-12),1,17.4374,78.37451,106.01
Pune,Koregaon Park & Kalyani Nagar,Ultra Luxury,3,1823,3,2,5,Semi-Furnished,Mid (5-12),8,18.53903,73.88925,290.2
Mumbai,Navi Mumbai (Vashi/Kharghar),Mid-Segment,2,1108,3,1,5,Unfurnished,High (13+),5,19.09973,73.0234,129.88
Mumbai,Powai-Andheri West,Premium,2,1014,3,4,12,Semi-Furnished,High (13+),6,19.2055,72.85751,223.97
Chennai,OMR IT Corridor (Perungudi),Mid-Segment,3,1781,3,2,2,Semi-Furnished,Ground-Low (1-4),6,12.96742,80.2813,149.53
Mumbai,Bandra-Juhu Belt,Ultra Luxury,3,1402,4,1,5,Semi-Furnished,Ground-Low (1-4),2,19.15509,72.83867,475.14
Bengaluru,Electronic City,Mid-Segment,2,1123,3,1,8,Semi-Furnished,Mid (5-12),8,12.84373,77.68161,86.72
Pune,Wakad & Hinjewadi,Mid-Segment,2,1223,2,3,0,Unfurnished,Mid (5-12),6,18.58136,73.76233,104.98
Delhi NCR,Golf Course Rd (Gurugram),Ultra Luxury,3,1829,3,1,12,Semi-Furnished,Mid (5-12),4,28.45756,77.09804,457.09
Chennai,OMR IT Corridor (Perungudi),Mid-Segment,3,1673,3,2,0,Fully-Furnished,Ground-Low (1-4),5,12.97083,80.28318,146.27
Delhi NCR,Cyber City & Sector 54,Premium,3,1550,4,1,12,Semi-Furnished,Mid (5-12),4,28.46676,77.10309,251.97
Bengaluru,HSR Layout & Sarjapur,Premium,2,1151,3,3,0,Fully-Furnished,Ground-Low (1-4),8,12.91165,77.6554,175.09
Hyderabad,Tellapur & Nallagandla,Mid-Segment,3,1782,3,2,5,Semi-Furnished,Mid (5-12),4,17.46424,78.33565,133.75
Pune,Baner & Balewadi,Premium,3,1653,3,1,8,Semi-Furnished,Ground-Low (1-4),4,18.5662,73.77716,184.07
Bengaluru,Indiranagar & Koramangala,Ultra Luxury,3,1714,4,0,0,Fully-Furnished,High (13+),1,12.97958,77.6257,401.97
Mumbai,Bandra-Juhu Belt,Ultra Luxury,3,1352,3,1,2,Fully-Furnished,High (13+),7,19.15294,72.84245,594.98
Mumbai,Powai-Andheri West,Premium,1,632,1,1,5,Semi-Furnished,High (13+),1,19.1904,72.85195,141.05
Mumbai,South Mumbai (Colaba/Worli),Ultra Luxury,4,2263,5,3,5,Unfurnished,Ground-Low (1-4),7,19.12454,72.8337,933.68
Chennai,Tambaram & Porur,Affordable,3,1576,4,2,0,Semi-Furnished,Mid (5-12),2,12.92264,80.15601,85.91
Pune,Koregaon Park & Kalyani Nagar,Ultra Luxury,2,880,2,1,2,Semi-Furnished,Mid (5-12),7,18.54998,73.9035,172.91
Hyderabad,Jubilee Hills & Banjara Hills,Ultra Luxury,2,951,2,2,0,Unfurnished,Mid (5-12),3,17.43942,78.43281,166.55
Chennai,OMR IT Corridor (Perungudi),Mid-Segment,4,3138,5,1,2,Fully-Furnished,Ground-Low (1-4),7,12.96742,80.28766,315.65
Hyderabad,Kondapur & HITECH City,Premium,3,1602,4,3,5,Unfurnished,High (13+),3,17.45748,78.38489,155.01
Chennai,Adyar & Boat Club Area,Ultra Luxury,2,967,3,4,8,Unfurnished,Mid (5-12),7,13.0087,80.2492,155.26
Delhi NCR,Golf Course Rd (Gurugram),Ultra Luxury,2,1066,2,2,0,Semi-Furnished,Mid (5-12),10,28.44935,77.08937,303.45
Bengaluru,Yelahanka & North Blr,Mid-Segment,3,1648,4,2,8,Fully-Furnished,Ground-Low (1-4),10,13.0944,77.57987,141.33
Chennai,OMR IT Corridor (Perungudi),Mid-Segment,3,1710,3,2,5,Fully-Furnished,Mid (5-12),10,12.97187,80.27439,155.09
Hyderabad,Tellapur & Nallagandla,Mid-Segment,3,1390,3,1,2,Semi-Furnished,Ground-Low (1-4),3,17.47399,78.32463,107.13
Chennai,Tambaram & Porur,Affordable,2,957,2,1,5,Unfurnished,Mid (5-12),2,12.91959,80.14773,48.91
Mumbai,South Mumbai (Colaba/Worli),Ultra Luxury,3,1708,3,1,12,Semi-Furnished,Mid (5-12),6,19.1278,72.82492,744.31
Pune,Kharadi & Viman Nagar,Premium,4,2250,5,2,5,Unfurnished,High (13+),3,18.55358,73.93055,230.69
Chennai,Adyar & Boat Club Area,Ultra Luxury,4,2811,4,4,18,Unfurnished,Mid (5-12),7,13.01269,80.25182,391.65
Chennai,Anna Nagar,Premium,2,898,2,1,18,Fully-Furnished,High (13+),2,13.09559,80.2137,110.65
Delhi NCR,Noida Sector 150/62,Mid-Segment,1,465,1,2,2,Semi-Furnished,Mid (5-12),8,28.57469,77.38481,39.72
Mumbai,Navi Mumbai (Vashi/Kharghar),Mid-Segment,3,1881,4,3,2,Semi-Furnished,High (13+),7,19.11465,73.0191,252.18
Chennai,Velachery,Mid-Segment,1,467,1,2,5,Fully-Furnished,High (13+),10,12.97453,80.22743,42.49
Pune,Hadapsar & Undri,Mid-Segment,3,1352,3,1,2,Unfurnished,Ground-Low (1-4),9,18.4713,73.92889,94.99
Mumbai,Thane West,Mid-Segment,2,1229,2,1,5,Fully-Furnished,High (13+),8,19.27535,72.95997,214.34
Mumbai,Thane West,Mid-Segment,1,530,1,2,5,Semi-Furnished,Ground-Low (1-4),2,19.28515,72.96422,71.9
Hyderabad,Miyapur & Kukatpally,Mid-Segment,3,1479,3,3,25,Unfurnished,Ground-Low (1-4),2,17.49482,78.39663,66.56
Delhi NCR,Cyber City & Sector 54,Premium,2,939,2,0,12,Fully-Furnished,Mid (5-12),8,28.48167,77.11811,160.37
Pune,Baner & Balewadi,Premium,3,1743,3,2,2,Unfurnished,Ground-Low (1-4),5,18.55138,73.78735,182.92
Hyderabad,Tellapur & Nallagandla,Mid-Segment,1,628,1,3,5,Semi-Furnished,Mid (5-12),10,17.46588,78.33399,61.36
Mumbai,Powai-Andheri West,Premium,3,1497,3,3,8,Fully-Furnished,Mid (5-12),10,19.18812,72.86168,403.37
Pune,Hadapsar & Undri,Mid-Segment,4,3059,4,3,0,Fully-Furnished,Ground-Low (1-4),7,18.48704,73.93685,243.32
Bengaluru,Yelahanka & North Blr,Mid-Segment,3,1938,3,1,2,Unfurnished,High (13+),6,13.09727,77.57497,158.62
Mumbai,Bandra-Juhu Belt,Ultra Luxury,2,1103,3,2,8,Unfurnished,Mid (5-12),4,19.14735,72.83934,370.63
Mumbai,Bandra-Juhu Belt,Ultra Luxury,1,620,1,4,18,Semi-Furnished,Ground-Low (1-4),7,19.14731,72.84413,172.84
Delhi NCR,Cyber City & Sector 54,Premium,3,1617,4,2,18,Unfurnished,High (13+),7,28.4807,77.11446,230.25
Pune,Kharadi & Viman Nagar,Premium,2,1230,3,0,8,Fully-Furnished,High (13+),4,18.54835,73.92218,140.65
Delhi NCR,Cyber City & Sector 54,Premium,2,1207,2,2,0,Fully-Furnished,Mid (5-12),2,28.48326,77.10271,227.52
Mumbai,Navi Mumbai (Vashi/Kharghar),Mid-Segment,3,1812,4,2,0,Semi-Furnished,Ground-Low (1-4),8,19.11442,73.03003,249.85
Chennai,Adyar & Boat Club Area,Ultra Luxury,1,569,1,2,2,Unfurnished,Mid (5-12),6,13.00865,80.24691,86.92
Hyderabad,Jubilee Hills & Banjara Hills,Ultra Luxury,1,464,1,1,25,Semi-Furnished,Mid (5-12),9,17.4422,78.4323,68.77
Delhi NCR,Cyber City & Sector 54,Premium,1,498,1,2,0,Semi-Furnished,Ground-Low (1-4),1,28.47043,77.10935,82.13
Mumbai,South Mumbai (Colaba/Worli),Ultra Luxury,2,863,3,1,2,Fully-Furnished,Ground-Low (1-4),10,19.13201,72.8217,420.18
Pune,Koregaon Park & Kalyani Nagar,Ultra Luxury,4,2236,4,0,18,Unfurnished,Mid (5-12),2,18.54265,73.89639,289.51
Delhi NCR,Noida Sector 150/62,Mid-Segment,2,1088,3,2,5,Semi-Furnished,Mid (5-12),2,28.56511,77.37394,97.89
Hyderabad,Jubilee Hills & Banjara Hills,Ultra Luxury,4,2341,4,2,8,Fully-Furnished,Mid (5-12),3,17.43585,78.42657,392.01
Pune,Baner & Balewadi,Premium,2,938,3,0,2,Semi-Furnished,High (13+),10,18.56525,73.78521,131.51
Pune,Wakad & Hinjewadi,Mid-Segment,2,1245,3,2,5,Semi-Furnished,Ground-Low (1-4),2,18.59841,73.75513,99.65
Bengaluru,Whitefield (IT Hub),Premium,3,1897,4,1,5,Fully-Furnished,Ground-Low (1-4),10,12.98592,77.74278,221.66
Bengaluru,Electronic City,Mid-Segment,2,1055,2,3,5,Unfurnished,High (13+),8,12.84351,77.67764,85.82
Mumbai,South Mumbai (Colaba/Worli),Ultra Luxury,2,1193,2,1,8,Unfurnished,High (13+),10,19.11747,72.8211,536.43
Bengaluru,Yelahanka & North Blr,Mid-Segment,2,1181,2,2,5,Fully-Furnished,Ground-Low (1-4),6,13.10109,77.59148,103.53
Pune,Wakad & Hinjewadi,Mid-Segment,3,1684,3,1,2,Unfurnished,Mid (5-12),4,18.58143,73.7595,142.28
Delhi NCR,Greater Noida West,Affordable,4,2447,4,2,8,Semi-Furnished,Mid (5-12),2,28.53433,77.45585,125.16
Chennai,Velachery,Mid-Segment,1,476,1,2,0,Semi-Furnished,High (13+),1,12.98732,80.22382,41.2
Chennai,Tambaram & Porur,Affordable,4,2380,4,3,18,Semi-Furnished,Mid (5-12),1,12.92807,80.14296,109.57
Mumbai,Thane West,Mid-Segment,3,1479,4,3,8,Semi-Furnished,Ground-Low (1-4),2,19.28599,72.94866,198.71
Mumbai,South Mumbai (Colaba/Worli),Ultra Luxury,2,1198,2,0,2,Unfurnished,Mid (5-12),6,19.13216,72.83295,533.63
Mumbai,Powai-Andheri West,Premium,3,1575,4,2,0,Unfurnished,Ground-Low (1-4),7,19.19727,72.85531,343.05
Hyderabad,Jubilee Hills & Banjara Hills,Ultra Luxury,3,1677,3,1,0,Semi-Furnished,Mid (5-12),10,17.43585,78.43573,340.21
Bengaluru,Electronic City,Mid-Segment,1,518,1,1,5,Unfurnished,Mid (5-12),7,12.85786,77.67896,39.32
Delhi NCR,Cyber City & Sector 54,Premium,1,489,1,3,0,Fully-Furnished,Mid (5-12),3,28.47362,77.10414,90.37
Pune,Kharadi & Viman Nagar,Premium,4,2685,5,1,5,Semi-Furnished,Ground-Low (1-4),4,18.55686,73.92715,257.24
Pune,Baner & Balewadi,Premium,3,1460,3,1,5,Unfurnished,High (13+),4,18.55265,73.77675,165.6
Chennai,Tambaram & Porur,Affordable,4,2350,4,2,0,Semi-Furnished,High (13+),8,12.91977,80.14544,140.13
Hyderabad,Tellapur & Nallagandla,Mid-Segment,2,1179,3,2,12,Semi-Furnished,Ground-Low (1-4),7,17.46974,78.33396,83.39
Hyderabad,Jubilee Hills & Banjara Hills,Ultra Luxury,2,974,2,2,5,Unfurnished,Ground-Low (1-4),9,17.43494,78.43646,168.84
Delhi NCR,Greater Noida West,Affordable,3,1615,3,2,8,Fully-Furnished,Ground-Low (1-4),3,28.54201,77.46445,86.18
Pune,Hadapsar & Undri,Mid-Segment,4,2311,5,1,2,Semi-Furnished,Mid (5-12),2,18.48379,73.9281,167.09
Hyderabad,Gachibowli & Financial District,Premium,3,1488,4,1,8,Fully-Furnished,Mid (5-12),1,17.44167,78.36831,174.72
Bengaluru,Electronic City,Mid-Segment,4,2798,4,1,5,Unfurnished,Mid (5-12),1,12.84762,77.68422,181.49
Delhi NCR,Greater Noida West,Affordable,1,644,1,4,18,Semi-Furnished,High (13+),5,28.53966,77.46629,33.46
Hyderabad,Tellapur & Nallagandla,Mid-Segment,3,1775,4,1,0,Unfurnished,Ground-Low (1-4),2,17.47374,78.32778,134.4
Delhi NCR,Cyber City & Sector 54,Premium,2,1028,3,3,0,Semi-Furnished,Mid (5-12),5,28.47184,77.10979,189.08
Hyderabad,Kondapur & HITECH City,Premium,3,1669,4,3,8,Unfurnished,Ground-Low (1-4),5,17.44546,78.37978,139.33
Delhi NCR,South Delhi (Vasant Vihar),Ultra Luxury,4,2730,5,3,0,Fully-Furnished,High (13+),1,28.5574,77.15905,1031.11
Mumbai,South Mumbai (Colaba/Worli),Ultra Luxury,3,1423,3,0,0,Fully-Furnished,Mid (5-12),4,19.12479,72.81981,698.52
Chennai,Tambaram & Porur,Affordable,1,570,1,1,0,Semi-Furnished,Mid (5-12),2,12.92509,80.14665,36.41
Delhi NCR,Golf Course Rd (Gurugram),Ultra Luxury,1,474,1,1,0,Semi-Furnished,Mid (5-12),4,28.46383,77.10528,132.27
Pune,Wakad & Hinjewadi,Mid-Segment,2,1112,3,2,0,Fully-Furnished,Mid (5-12),3,18.59695,73.76137,95.99
Chennai,Tambaram & Porur,Affordable,1,533,1,2,8,Semi-Furnished,Mid (5-12),8,12.92341,80.145,28.15
Hyderabad,Gachibowli & Financial District,Premium,2,1240,3,0,0,Semi-Furnished,Ground-Low (1-4),5,17.44149,78.37145,143.5
Delhi NCR,Golf Course Rd (Gurugram),Ultra Luxury,3,1865,4,2,12,Fully-Furnished,Mid (5-12),9,28.46276,77.10518,514.55
Hyderabad,Jubilee Hills & Banjara Hills,Ultra Luxury,3,1373,4,2,12,Semi-Furnished,Ground-Low (1-4),6,17.42633,78.42707,231.41
Delhi NCR,Greater Noida West,Affordable,3,1657,3,0,0,Semi-Furnished,Mid (5-12),3,28.52533,77.44924,111.13
Hyderabad,Tellapur & Nallagandla,Mid-Segment,3,1561,4,4,25,Fully-Furnished,Mid (5-12),3,17.4603,78.31712,110.63
Pune,Koregaon Park & Kalyani Nagar,Ultra Luxury,2,1157,2,4,8,Unfurnished,Ground-Low (1-4),4,18.54589,73.89958,166.54
Bengaluru,HSR Layout & Sarjapur,Premium,2,900,2,4,5,Semi-Furnished,Mid (5-12),2,12.92016,77.64909,108.45
Mumbai,Powai-Andheri West,Premium,2,1005,3,3,0,Unfurnished,Ground-Low (1-4),1,19.19892,72.85342,205.23
Chennai,Adyar & Boat Club Area,Ultra Luxury,2,1067,2,2,5,Fully-Furnished,Mid (5-12),7,12.99809,80.25149,208.18
Hyderabad,Gachibowli & Financial District,Premium,1,587,1,3,0,Semi-Furnished,High (13+),6,17.44584,78.36851,76.65
Delhi NCR,Cyber City & Sector 54,Premium,2,887,3,2,8,Unfurnished,Mid (5-12),8,28.48374,77.10098,150.77
Bengaluru,HSR Layout & Sarjapur,Premium,2,1072,3,3,5,Semi-Furnished,Ground-Low (1-4),9,12.91268,77.6447,132.96
Bengaluru,HSR Layout & Sarjapur,Premium,1,599,1,2,8,Semi-Furnished,Mid (5-12),7,12.90409,77.65231,76.73
Pune,Wakad & Hinjewadi,Mid-Segment,3,1480,4,1,2,Semi-Furnished,Ground-Low (1-4),6,18.58374,73.75033,102.81
Hyderabad,Tellapur & Nallagandla,Mid-Segment,2,1199,2,2,0,Semi-Furnished,Mid (5-12),4,17.46699,78.32874,104.98
Pune,Wakad & Hinjewadi,Mid-Segment,2,1104,2,0,2,Semi-Furnished,Mid (5-12),4,18.59075,73.7555,90.07
Pune,Koregaon Park & Kalyani Nagar,Ultra Luxury,2,885,3,0,12,Semi-Furnished,Mid (5-12),6,18.54312,73.90241,125.23
Delhi NCR,Noida Sector 150/62,Mid-Segment,2,1078,3,1,5,Fully-Furnished,Ground-Low (1-4),1,28.57562,77.38073,105.06
Chennai,Adyar & Boat Club Area,Ultra Luxury,4,2960,4,1,2,Fully-Furnished,High (13+),5,13.01145,80.25482,500.3
Bengaluru,Electronic City,Mid-Segment,1,630,1,2,8,Semi-Furnished,Ground-Low (1-4),9,12.85663,77.67774,42.76
Pune,Hadapsar & Undri,Mid-Segment,1,461,1,0,2,Unfurnished,Mid (5-12),10,18.47939,73.94223,34.89
Pune,Koregaon Park & Kalyani Nagar,Ultra Luxury,2,863,3,2,5,Unfurnished,Ground-Low (1-4),7,18.53213,73.89144,124.76
Delhi NCR,Noida Sector 150/62,Mid-Segment,1,626,1,0,2,Unfurnished,Mid (5-12),10,28.57067,77.37517,57.41
Hyderabad,Tellapur & Nallagandla,Mid-Segment,2,895,3,2,2,Unfurnished,Mid (5-12),1,17.46547,78.319,71.27
Bengaluru,Electronic City,Mid-Segment,3,1390,4,2,5,Unfurnished,High (13+),10,12.85085,77.67284,108.78
Hyderabad,Tellapur & Nallagandla,Mid-Segment,1,552,1,1,25,Semi-Furnished,Mid (5-12),7,17.47244,78.3276,37.95
Pune,Wakad & Hinjewadi,Mid-Segment,2,931,2,2,0,Unfurnished,High (13+),8,18.59117,73.75666,87.82
Chennai,Velachery,Mid-Segment,2,1008,2,2,18,Unfurnished,Mid (5-12),8,12.97983,80.23585,66.02
Hyderabad,Miyapur & Kukatpally,Mid-Segment,2,1107,2,3,5,Unfurnished,Mid (5-12),2,17.50312,78.38224,70.83
Chennai,Adyar & Boat Club Area,Ultra Luxury,3,1370,4,3,8,Unfurnished,Mid (5-12),6,13.01206,80.25784,206.09
Mumbai,Thane West,Mid-Segment,3,1541,3,2,25,Semi-Furnished,Mid (5-12),4,19.27974,72.94956,167.49
Pune,Koregaon Park & Kalyani Nagar,Ultra Luxury,3,1475,4,2,0,Fully-Furnished,High (13+),2,18.53261,73.90189,278.71
Mumbai,Powai-Andheri West,Premium,4,2816,4,1,5,Fully-Furnished,Ground-Low (1-4),10,19.18774,72.86208,712.1
Delhi NCR,Noida Sector 150/62,Mid-Segment,4,2913,5,2,8,Semi-Furnished,Ground-Low (1-4),5,28.58002,77.38587,242.34
Delhi NCR,Cyber City & Sector 54,Premium,1,597,1,1,8,Unfurnished,Ground-Low (1-4),9,28.46821,77.10621,99.06
Hyderabad,Kondapur & HITECH City,Premium,3,1594,4,3,12,Semi-Furnished,Mid (5-12),2,17.45802,78.39418,148.96
Delhi NCR,Cyber City & Sector 54,Premium,1,539,1,1,2,Unfurnished,Mid (5-12),4,28.46444,77.11832,89.67
Chennai,Adyar & Boat Club Area,Ultra Luxury,2,1214,3,2,12,Fully-Furnished,Mid (5-12),9,12.9988,80.25729,206.58
Pune,Kharadi & Viman Nagar,Premium,4,2223,5,1,0,Unfurnished,Ground-Low (1-4),1,18.55237,73.92264,188.02
Delhi NCR,Golf Course Rd (Gurugram),Ultra Luxury,1,630,1,3,2,Unfurnished,High (13+),7,28.45453,77.10576,175.11
Chennai,Velachery,Mid-Segment,3,1947,4,2,8,Unfurnished,Ground-Low (1-4),1,12.97335,80.23807,129.8
Bengaluru,Indiranagar & Koramangala,Ultra Luxury,1,588,1,1,2,Semi-Furnished,Mid (5-12),10,12.9749,77.62801,130.31
Hyderabad,Kondapur & HITECH City,Premium,2,1165,2,1,5,Unfurnished,Ground-Low (1-4),3,17.45701,78.39157,114.53
Mumbai,South Mumbai (Colaba/Worli),Ultra Luxury,1,457,1,0,0,Unfurnished,High (13+),1,19.12845,72.82709,193.51
Hyderabad,Tellapur & Nallagandla,Mid-Segment,2,1056,3,3,0,Fully-Furnished,High (13+),1,17.46644,78.32695,105.31
Delhi NCR,Golf Course Rd (Gurugram),Ultra Luxury,2,884,2,3,5,Fully-Furnished,Mid (5-12),7,28.45377,77.10305,253.73
Delhi NCR,Cyber City & Sector 54,Premium,1,504,1,1,8,Fully-Furnished,Mid (5-12),1,28.46905,77.10019,82.93
Pune,Baner & Balewadi,Premium,2,1116,2,2,2,Unfurnished,Mid (5-12),4,18.56841,73.78478,123.38
Delhi NCR,Golf Course Rd (Gurugram),Ultra Luxury,4,2835,4,2,12,Semi-Furnished,Mid (5-12),3,28.46137,77.10348,677.89
Delhi NCR,Greater Noida West,Affordable,4,2173,5,4,12,Semi-Furnished,Mid (5-12),1,28.52559,77.45699,116.66
Hyderabad,Miyapur & Kukatpally,Mid-Segment,3,1479,3,2,8,Fully-Furnished,Mid (5-12),2,17.49585,78.39393,95.92
Chennai,Velachery,Mid-Segment,2,1003,2,3,18,Semi-Furnished,Ground-Low (1-4),10,12.9801,80.22125,68.44
Pune,Koregaon Park & Kalyani Nagar,Ultra Luxury,2,1054,3,2,0,Fully-Furnished,Ground-Low (1-4),4,18.53798,73.88683,186.78
Delhi NCR,Cyber City & Sector 54,Premium,2,1120,2,2,12,Semi-Furnished,Mid (5-12),4,28.46725,77.11844,155.28
Chennai,OMR IT Corridor (Perungudi),Mid-Segment,2,904,3,0,0,Semi-Furnished,Ground-Low (1-4),2,12.96246,80.2733,73.76
Bengaluru,Yelahanka & North Blr,Mid-Segment,2,999,2,3,5,Fully-Furnished,High (13+),4,13.09222,77.59401,87.08
Chennai,Velachery,Mid-Segment,5,4016,5,2,8,Fully-Furnished,Mid (5-12),10,12.97624,80.23085,366.07
Pune,Hadapsar & Undri,Mid-Segment,4,2713,4,1,5,Fully-Furnished,Ground-Low (1-4),2,18.48018,73.93474,193.54
Mumbai,Powai-Andheri West,Premium,4,2785,4,2,5,Semi-Furnished,Ground-Low (1-4),5,19.19055,72.86698,709.28
Hyderabad,Gachibowli & Financial District,Premium,3,1670,4,0,8,Semi-Furnished,Ground-Low (1-4),8,17.44052,78.37424,179.02
Pune,Koregaon Park & Kalyani Nagar,Ultra Luxury,4,2664,5,2,12,Semi-Furnished,Ground-Low (1-4),6,18.53922,73.89882,433.11
Mumbai,Powai-Andheri West,Premium,3,1869,4,2,2,Semi-Furnished,Mid (5-12),7,19.20512,72.85171,488.96
Mumbai,Thane West,Mid-Segment,1,578,1,3,0,Fully-Furnished,Mid (5-12),7,19.27975,72.96215,102.13
Chennai,Anna Nagar,Premium,1,509,1,3,2,Semi-Furnished,Mid (5-12),3,13.10266,80.21424,64.54
Mumbai,Powai-Andheri West,Premium,3,1850,3,0,0,Fully-Furnished,High (13+),9,19.19827,72.84947,563.93
Mumbai,Bandra-Juhu Belt,Ultra Luxury,1,531,1,0,2,Semi-Furnished,Mid (5-12),2,19.14612,72.82972,192.54
Chennai,Anna Nagar,Premium,1,550,1,1,5,Unfurnished,Mid (5-12),8,13.08832,80.21677,65.8
Chennai,OMR IT Corridor (Perungudi),Mid-Segment,1,566,1,1,5,Fully-Furnished,Mid (5-12),5,12.96102,80.28589,50.87
Mumbai,Bandra-Juhu Belt,Ultra Luxury,3,1724,4,2,5,Semi-Furnished,Ground-Low (1-4),5,19.1564,72.83056,597.91
Bengaluru,Electronic City,Mid-Segment,2,963,3,3,8,Unfurnished,Mid (5-12),9,12.8416,77.67482,71.37
Bengaluru,HSR Layout & Sarjapur,Premium,2,1132,2,2,5,Unfurnished,High (13+),9,12.91845,77.65087,141.2
Pune,Baner & Balewadi,Premium,4,2577,4,1,18,Semi-Furnished,Ground-Low (1-4),7,18.56028,73.78445,231.49
Delhi NCR,Golf Course Rd (Gurugram),Ultra Luxury,3,1352,3,1,12,Unfurnished,Ground-Low (1-4),1,28.44928,77.09851,287.53
Delhi NCR,Noida Sector 150/62,Mid-Segment,5,3457,6,4,5,Semi-Furnished,Mid (5-12),2,28.57659,77.38442,304.95
Mumbai,Thane West,Mid-Segment,3,1461,3,3,12,Unfurnished,Mid (5-12),6,19.27956,72.95986,188.78
Bengaluru,Indiranagar & Koramangala,Ultra Luxury,1,580,1,2,25,Unfurnished,Mid (5-12),6,12.97558,77.6424,79.54
Pune,Kharadi & Viman Nagar,Premium,2,873,3,2,5,Unfurnished,Mid (5-12),5,18.54103,73.93142,85.15
Chennai,Adyar & Boat Club Area,Ultra Luxury,4,2393,4,2,18,Semi-Furnished,Mid (5-12),4,13.0018,80.24605,330.2
Mumbai,Thane West,Mid-Segment,5,3488,5,0,2,Semi-Furnished,Ground-Low (1-4),7,19.27296,72.95513,541.05
Delhi NCR,Greater Noida West,Affordable,3,1934,3,2,5,Fully-Furnished,Mid (5-12),8,28.53306,77.45696,140.45
Pune,Kharadi & Viman Nagar,Premium,3,1912,4,2,8,Semi-Furnished,Ground-Low (1-4),10,18.55329,73.92793,214.45
Chennai,Adyar & Boat Club Area,Ultra Luxury,2,1140,2,1,5,Semi-Furnished,Mid (5-12),5,13.00325,80.25883,194.61
Pune,Kharadi & Viman Nagar,Premium,2,988,3,1,8,Semi-Furnished,Ground-Low (1-4),2,18.55035,73.92131,91.73
Chennai,Adyar & Boat Club Area,Ultra Luxury,4,2682,4,1,18,Fully-Furnished,Mid (5-12),6,13.00792,80.25164,411.64
Chennai,Tambaram & Porur,Affordable,2,1074,3,2,0,Unfurnished,High (13+),2,12.93191,80.14464,61.35
Delhi NCR,Noida Sector 150/62,Mid-Segment,5,4367,6,2,0,Semi-Furnished,High (13+),7,28.56536,77.38145,470.64
Bengaluru,Electronic City,Mid-Segment,3,1789,3,3,18,Semi-Furnished,High (13+),7,12.85706,77.6708,122.51
Chennai,Adyar & Boat Club Area,Ultra Luxury,2,1162,3,2,8,Semi-Furnished,Ground-Low (1-4),10,13.00839,80.24824,189.02
Pune,Baner & Balewadi,Premium,3,1377,4,1,12,Semi-Furnished,Ground-Low (1-4),5,18.56829,73.77671,133.18
Pune,Koregaon Park & Kalyani Nagar,Ultra Luxury,2,1246,3,4,0,Semi-Furnished,Ground-Low (1-4),4,18.53221,73.88735,188.21
Delhi NCR,Golf Course Rd (Gurugram),Ultra Luxury,2,960,2,2,2,Semi-Furnished,Ground-Low (1-4),4,28.46303,77.09196,242.51
Hyderabad,Jubilee Hills & Banjara Hills,Ultra Luxury,4,2739,4,2,2,Unfurnished,High (13+),7,17.44288,78.43563,534.39
Hyderabad,Miyapur & Kukatpally,Mid-Segment,3,1843,4,2,0,Semi-Furnished,Ground-Low (1-4),3,17.49772,78.38399,121.85
Bengaluru,Whitefield (IT Hub),Premium,2,1013,3,3,0,Semi-Furnished,Mid (5-12),8,12.98469,77.72763,119.33
Mumbai,South Mumbai (Colaba/Worli),Ultra Luxury,2,962,2,3,2,Semi-Furnished,Mid (5-12),9,19.13046,72.82171,442.55
Chennai,Tambaram & Porur,Affordable,2,942,2,0,0,Unfurnished,Mid (5-12),4,12.92754,80.15767,52.51
Bengaluru,HSR Layout & Sarjapur,Premium,4,2999,5,3,0,Semi-Furnished,High (13+),6,12.91685,77.65545,404.44
Mumbai,Powai-Andheri West,Premium,2,1151,3,1,8,Semi-Furnished,High (13+),10,19.19564,72.85493,283.59
Pune,Koregaon Park & Kalyani Nagar,Ultra Luxury,1,562,1,2,5,Semi-Furnished,High (13+),8,18.53236,73.90277,97.37
Bengaluru,Yelahanka & North Blr,Mid-Segment,3,1514,3,0,0,Unfurnished,Mid (5-12),5,13.10873,77.58862,119.57
Pune,Hadapsar & Undri,Mid-Segment,4,2645,4,2,5,Semi-Furnished,High (13+),1,18.4751,73.9408,180.23
Delhi NCR,Golf Course Rd (Gurugram),Ultra Luxury,2,1066,2,2,8,Fully-Furnished,Ground-Low (1-4),3,28.46295,77.09353,281.79
Delhi NCR,South Delhi (Vasant Vihar),Ultra Luxury,3,1756,4,1,12,Semi-Furnished,Mid (5-12),7,28.57091,77.16864,523.62
Delhi NCR,South Delhi (Vasant Vihar),Ultra Luxury,2,915,2,2,2,Unfurnished,Ground-Low (1-4),1,28.5726,77.15761,251.48
Pune,Hadapsar & Undri,Mid-Segment,1,606,1,0,2,Semi-Furnished,Ground-Low (1-4),7,18.48383,73.93935,43.3
Chennai,OMR IT Corridor (Perungudi),Mid-Segment,3,1710,4,1,2,Semi-Furnished,High (13+),10,12.9617,80.29024,177.31
Bengaluru,HSR Layout & Sarjapur,Premium,1,530,1,1,5,Unfurnished,Mid (5-12),7,12.91126,77.64997,63.11
Pune,Baner & Balewadi,Premium,3,1436,3,0,0,Fully-Furnished,Ground-Low (1-4),6,18.56432,73.78586,175.97
Delhi NCR,South Delhi (Vasant Vihar),Ultra Luxury,2,856,2,1,5,Semi-Furnished,Mid (5-12),6,28.56585,77.16632,255.53
Mumbai,Powai-Andheri West,Premium,1,480,1,1,18,Unfurnished,Mid (5-12),4,19.20002,72.8613,83.12
Pune,Koregaon Park & Kalyani Nagar,Ultra Luxury,1,566,1,2,18,Unfurnished,Mid (5-12),10,18.5437,73.89666,73.76
Delhi NCR,South Delhi (Vasant Vihar),Ultra Luxury,1,599,1,3,12,Fully-Furnished,Mid (5-12),10,28.57383,77.15358,202.57
Delhi NCR,Golf Course Rd (Gurugram),Ultra Luxury,3,1770,3,0,0,Fully-Furnished,Mid (5-12),1,28.44885,77.09025,493.34
Hyderabad,Gachibowli & Financial District,Premium,3,1714,3,2,2,Unfurnished,High (13+),3,17.44487,78.36237,196.83
Chennai,OMR IT Corridor (Perungudi),Mid-Segment,3,1795,4,4,2,Semi-Furnished,Mid (5-12),6,12.97,80.28901,159.3
Hyderabad,Jubilee Hills & Banjara Hills,Ultra Luxury,1,607,1,2,0,Semi-Furnished,Mid (5-12),4,17.4357,78.41959,119.58
Pune,Baner & Balewadi,Premium,3,1525,3,2,0,Semi-Furnished,Mid (5-12),6,18.55063,73.78488,196.06
Chennai,Tambaram & Porur,Affordable,2,878,3,3,8,Semi-Furnished,High (13+),3,12.91491,80.14648,47.32
Pune,Wakad & Hinjewadi,Mid-Segment,2,1056,2,1,8,Unfurnished,High (13+),7,18.59613,73.75934,87.7
Mumbai,Bandra-Juhu Belt,Ultra Luxury,2,942,2,1,2,Semi-Furnished,Mid (5-12),6,19.15643,72.84359,343.53
Mumbai,Thane West,Mid-Segment,3,1799,3,0,2,Semi-Furnished,Mid (5-12),4,19.26931,72.94774,271.21
Bengaluru,Yelahanka & North Blr,Mid-Segment,3,1658,4,2,2,Semi-Furnished,Mid (5-12),3,13.09643,77.58169,132.24
Pune,Kharadi & Viman Nagar,Premium,2,1057,3,1,0,Unfurnished,Ground-Low (1-4),6,18.54872,73.92528,111.41
Delhi NCR,Cyber City & Sector 54,Premium,3,1771,3,1,2,Semi-Furnished,Mid (5-12),1,28.47381,77.11766,331.09
Bengaluru,Indiranagar & Koramangala,Ultra Luxury,2,1006,2,2,8,Fully-Furnished,Mid (5-12),1,12.97976,77.64231,184.36
Delhi NCR,South Delhi (Vasant Vihar),Ultra Luxury,2,853,3,2,8,Semi-Furnished,High (13+),9,28.5636,77.15567,295.37
Mumbai,Navi Mumbai (Vashi/Kharghar),Mid-Segment,2,1191,2,2,0,Semi-Furnished,Mid (5-12),2,19.09734,73.03525,148.44
Pune,Koregaon Park & Kalyani Nagar,Ultra Luxury,3,1858,4,2,0,Semi-Furnished,High (13+),4,18.55034,73.89788,330.91
Hyderabad,Kondapur & HITECH City,Premium,2,990,3,2,8,Semi-Furnished,Ground-Low (1-4),10,17.45258,78.39333,110.02
Mumbai,South Mumbai (Colaba/Worli),Ultra Luxury,1,610,1,1,0,Semi-Furnished,Mid (5-12),10,19.13164,72.83273,290.88
Bengaluru,Electronic City,Mid-Segment,1,584,1,2,2,Semi-Furnished,Ground-Low (1-4),6,12.85677,77.67654,43.57
Bengaluru,Electronic City,Mid-Segment,3,1674,4,1,5,Semi-Furnished,Ground-Low (1-4),8,12.85337,77.66831,122.75
Hyderabad,Kondapur & HITECH City,Premium,3,1871,4,2,0,Unfurnished,Mid (5-12),3,17.46092,78.38214,204.36
Chennai,Adyar & Boat Club Area,Ultra Luxury,2,1225,3,1,5,Fully-Furnished,Mid (5-12),4,13.00918,80.24196,228.26
Hyderabad,Tellapur & Nallagandla,Mid-Segment,2,1243,3,0,8,Semi-Furnished,Mid (5-12),1,17.4633,78.33447,86.28
Hyderabad,Tellapur & Nallagandla,Mid-Segment,1,583,1,2,0,Semi-Furnished,Mid (5-12),7,17.47492,78.33321,52.57
Bengaluru,Whitefield (IT Hub),Premium,3,1774,4,0,25,Unfurnished,Mid (5-12),10,12.98302,77.73068,145.03
Hyderabad,Jubilee Hills & Banjara Hills,Ultra Luxury,4,3080,4,2,5,Unfurnished,Mid (5-12),3,17.42531,78.41704,498.64
Bengaluru,Indiranagar & Koramangala,Ultra Luxury,3,1373,3,2,0,Fully-Furnished,Mid (5-12),10,12.98437,77.63926,298.6
Bengaluru,HSR Layout & Sarjapur,Premium,1,565,1,2,18,Fully-Furnished,Ground-Low (1-4),5,12.91426,77.65399,61.9
Hyderabad,Tellapur & Nallagandla,Mid-Segment,2,1194,3,2,5,Unfurnished,Mid (5-12),2,17.4572,78.3352,94.4
Pune,Hadapsar & Undri,Mid-Segment,1,578,1,2,2,Unfurnished,Mid (5-12),4,18.47868,73.93078,37.87
Chennai,Anna Nagar,Premium,3,1852,4,0,8,Unfurnished,Ground-Low (1-4),8,13.09074,80.20377,205.07
Hyderabad,Jubilee Hills & Banjara Hills,Ultra Luxury,2,1218,3,2,0,Semi-Furnished,Mid (5-12),8,17.42962,78.43501,277.45
Pune,Wakad & Hinjewadi,Mid-Segment,2,1126,2,1,12,Fully-Furnished,Ground-Low (1-4),5,18.5829,73.75071,88.49
Hyderabad,Gachibowli & Financial District,Premium,3,1711,3,2,12,Unfurnished,Ground-Low (1-4),7,17.44371,78.36462,176.48
Mumbai,Bandra-Juhu Belt,Ultra Luxury,4,2193,4,2,2,Unfurnished,Mid (5-12),2,19.14935,72.83065,715.67
Delhi NCR,Greater Noida West,Affordable,3,1930,4,0,0,Unfurnished,Mid (5-12),8,28.52649,77.45413,119.67
Mumbai,Thane West,Mid-Segment,3,1387,3,1,12,Semi-Furnished,Ground-Low (1-4),8,19.27727,72.96378,172.04
Hyderabad,Gachibowli & Financial District,Premium,2,907,2,0,0,Fully-Furnished,Mid (5-12),10,17.45145,78.35784,132.55
Bengaluru,Indiranagar & Koramangala,Ultra Luxury,2,988,3,2,8,Fully-Furnished,Ground-Low (1-4),7,12.9755,77.63439,183.05
Mumbai,Thane West,Mid-Segment,2,1185,2,1,8,Unfurnished,Mid (5-12),9,19.27628,72.96577,177.92
Hyderabad,Jubilee Hills & Banjara Hills,Ultra Luxury,3,1656,3,2,5,Semi-Furnished,Ground-Low (1-4),7,17.43059,78.41933,293.12
Pune,Hadapsar & Undri,Mid-Segment,2,937,2,2,18,Semi-Furnished,Mid (5-12),7,18.48183,73.92956,55.95
Chennai,OMR IT Corridor (Perungudi),Mid-Segment,4,3083,5,2,12,Semi-Furnished,Ground-Low (1-4),9,12.96448,80.28573,278.35
Hyderabad,Gachibowli & Financial District,Premium,3,1726,3,1,2,Semi-Furnished,Ground-Low (1-4),8,17.44472,78.37511,240.48
Hyderabad,Kondapur & HITECH City,Premium,2,1213,2,0,8,Semi-Furnished,Mid (5-12),6,17.46499,78.39209,141.65
Hyderabad,Gachibowli & Financial District,Premium,2,862,2,0,5,Unfurnished,Mid (5-12),4,17.4452,78.36673,89.71
Pune,Koregaon Park & Kalyani Nagar,Ultra Luxury,3,1907,3,1,0,Semi-Furnished,Ground-Low (1-4),1,18.53418,73.90515,299.45
Pune,Koregaon Park & Kalyani Nagar,Ultra Luxury,3,1469,3,2,0,Semi-Furnished,Ground-Low (1-4),5,18.54172,73.90528,243.77
Chennai,Anna Nagar,Premium,2,1149,2,2,8,Unfurnished,Ground-Low (1-4),1,13.08353,80.21344,113.77
Delhi NCR,Golf Course Rd (Gurugram),Ultra Luxury,3,1465,4,3,18,Fully-Furnished,Mid (5-12),10,28.46216,77.0958,356.99
Hyderabad,Tellapur & Nallagandla,Mid-Segment,3,1675,4,2,25,Unfurnished,Ground-Low (1-4),8,17.45678,78.33653,105.61
Mumbai,Thane West,Mid-Segment,2,999,3,1,0,Unfurnished,Mid (5-12),8,19.27283,72.95668,153.52
Bengaluru,Whitefield (IT Hub),Premium,2,1038,3,3,5,Unfurnished,Ground-Low (1-4),8,12.97271,77.72474,106.76
Pune,Koregaon Park & Kalyani Nagar,Ultra Luxury,3,1596,4,3,2,Semi-Furnished,Ground-Low (1-4),7,18.53254,73.8955,273.8
Bengaluru,Whitefield (IT Hub),Premium,2,1021,2,3,0,Semi-Furnished,Ground-Low (1-4),10,12.98028,77.72789,122.85
Mumbai,Bandra-Juhu Belt,Ultra Luxury,2,1210,3,1,0,Semi-Furnished,Ground-Low (1-4),3,19.15733,72.84084,394.06
Delhi NCR,South Delhi (Vasant Vihar),Ultra Luxury,2,1227,3,3,12,Unfurnished,Mid (5-12),7,28.5656,77.15353,325.6
Delhi NCR,South Delhi (Vasant Vihar),Ultra Luxury,3,1369,4,3,0,Fully-Furnished,Mid (5-12),8,28.55983,77.16777,502.68
Chennai,Velachery,Mid-Segment,5,3689,5,2,0,Unfurnished,Ground-Low (1-4),9,12.97723,80.23298,295.23
Mumbai,South Mumbai (Colaba/Worli),Ultra Luxury,3,1565,3,2,0,Fully-Furnished,Mid (5-12),1,19.12256,72.82188,783.2
Mumbai,South Mumbai (Colaba/Worli),Ultra Luxury,2,1215,2,1,2,Fully-Furnished,High (13+),1,19.11634,72.83128,543.62
Bengaluru,Indiranagar & Koramangala,Ultra Luxury,2,1090,2,2,2,Unfurnished,Mid (5-12),2,12.97824,77.64316,181.83
Chennai,Tambaram & Porur,Affordable,2,945,2,2,18,Semi-Furnished,Ground-Low (1-4),3,12.9315,80.14164,44.25
Hyderabad,Miyapur & Kukatpally,Mid-Segment,2,952,2,2,8,Semi-Furnished,Mid (5-12),5,17.4864,78.38461,58.82
Pune,Kharadi & Viman Nagar,Premium,1,631,1,2,0,Fully-Furnished,Mid (5-12),6,18.55713,73.9177,71.73
Pune,Kharadi & Viman Nagar,Premium,2,976,3,2,8,Semi-Furnished,Mid (5-12),7,18.55503,73.93319,93.37
Hyderabad,Miyapur & Kukatpally,Mid-Segment,1,638,1,2,2,Fully-Furnished,Ground-Low (1-4),2,17.49049,78.39473,45.28
Chennai,OMR IT Corridor (Perungudi),Mid-Segment,2,1181,2,4,18,Semi-Furnished,Mid (5-12),5,12.96984,80.28711,78.69
Delhi NCR,Golf Course Rd (Gurugram),Ultra Luxury,2,1163,2,2,8,Fully-Furnished,Ground-Low (1-4),1,28.44786,77.09031,266.13
Hyderabad,Miyapur & Kukatpally,Mid-Segment,2,1068,3,2,0,Semi-Furnished,Mid (5-12),10,17.50296,78.37838,80.01
Bengaluru,Indiranagar & Koramangala,Ultra Luxury,1,481,1,1,0,Unfurnished,High (13+),7,12.98897,77.64313,93.81
Bengaluru,HSR Layout & Sarjapur,Premium,1,457,1,0,12,Semi-Furnished,High (13+),9,12.91735,77.65073,57.5
Bengaluru,Electronic City,Mid-Segment,2,1076,3,2,2,Semi-Furnished,Ground-Low (1-4),7,12.84549,77.66646,80.11
Hyderabad,Kondapur & HITECH City,Premium,3,1484,4,1,0,Unfurnished,Ground-Low (1-4),6,17.45175,78.39411,149.76
Chennai,Anna Nagar,Premium,3,1872,3,2,2,Semi-Furnished,Mid (5-12),3,13.08863,80.21892,234.17
Hyderabad,Tellapur & Nallagandla,Mid-Segment,3,1557,4,2,8,Unfurnished,Ground-Low (1-4),3,17.46894,78.32057,106.82
Chennai,Tambaram & Porur,Affordable,2,984,2,1,0,Semi-Furnished,Ground-Low (1-4),9,12.91481,80.14161,62.0
Chennai,OMR IT Corridor (Perungudi),Mid-Segment,2,1118,2,4,0,Semi-Furnished,Mid (5-12),4,12.97225,80.28658,96.15
Delhi NCR,Golf Course Rd (Gurugram),Ultra Luxury,2,1105,2,2,5,Semi-Furnished,Mid (5-12),8,28.44793,77.10769,325.41
Delhi NCR,Golf Course Rd (Gurugram),Ultra Luxury,1,469,1,0,12,Unfurnished,High (13+),1,28.45694,77.10462,107.72
Bengaluru,HSR Layout & Sarjapur,Premium,3,1411,4,1,0,Fully-Furnished,Ground-Low (1-4),3,12.91366,77.65825,202.02
Pune,Wakad & Hinjewadi,Mid-Segment,2,1157,2,2,18,Unfurnished,Mid (5-12),6,18.58477,73.7479,82.52
Hyderabad,Jubilee Hills & Banjara Hills,Ultra Luxury,3,1376,3,4,0,Semi-Furnished,Mid (5-12),9,17.42663,78.42187,271.11
Pune,Wakad & Hinjewadi,Mid-Segment,3,1753,4,1,2,Semi-Furnished,High (13+),5,18.59194,73.75798,157.08
Hyderabad,Gachibowli & Financial District,Premium,2,1185,3,1,18,Semi-Furnished,Ground-Low (1-4),4,17.45175,78.36899,103.76
Chennai,OMR IT Corridor (Perungudi),Mid-Segment,2,1152,3,1,8,Semi-Furnished,Mid (5-12),6,12.96639,80.28875,101.87
Chennai,Tambaram & Porur,Affordable,2,903,3,3,5,Semi-Furnished,Ground-Low (1-4),4,12.91868,80.15852,46.25
Hyderabad,Kondapur & HITECH City,Premium,2,951,3,0,12,Fully-Furnished,High (13+),5,17.45529,78.3784,111.48
Mumbai,Bandra-Juhu Belt,Ultra Luxury,3,1583,3,1,5,Unfurnished,Ground-Low (1-4),7,19.15664,72.84517,525.33
Delhi NCR,Noida Sector 150/62,Mid-Segment,3,1837,4,2,2,Semi-Furnished,High (13+),8,28.5702,77.37166,192.86
Delhi NCR,Noida Sector 150/62,Mid-Segment,1,565,1,2,2,Fully-Furnished,Mid (5-12),3,28.56763,77.36951,58.11
Chennai,Velachery,Mid-Segment,2,1096,3,1,0,Semi-Furnished,Mid (5-12),3,12.98227,80.23241,97.45
Pune,Koregaon Park & Kalyani Nagar,Ultra Luxury,1,461,1,4,5,Unfurnished,Ground-Low (1-4),10,18.53545,73.89286,79.38
Bengaluru,Electronic City,Mid-Segment,4,2990,4,1,12,Unfurnished,High (13+),4,12.8454,77.67863,192.03
Chennai,Velachery,Mid-Segment,2,1214,3,2,18,Fully-Furnished,High (13+),6,12.98062,80.23583,98.5
Chennai,Anna Nagar,Premium,2,1223,2,2,2,Semi-Furnished,Ground-Low (1-4),9,13.08394,80.20749,155.45
Pune,Kharadi & Viman Nagar,Premium,3,1948,4,1,18,Fully-Furnished,Mid (5-12),9,18.55359,73.92554,172.11
Pune,Baner & Balewadi,Premium,1,612,1,2,0,Unfurnished,Ground-Low (1-4),9,18.56244,73.78833,66.05
Chennai,OMR IT Corridor (Perungudi),Mid-Segment,2,900,2,2,0,Semi-Furnished,Mid (5-12),4,12.97014,80.28224,90.91
Hyderabad,Kondapur & HITECH City,Premium,2,1061,2,2,18,Semi-Furnished,Ground-Low (1-4),3,17.44803,78.38536,95.67
Pune,Hadapsar & Undri,Mid-Segment,1,637,1,2,5,Unfurnished,Ground-Low (1-4),2,18.48607,73.93224,40.33
Hyderabad,Jubilee Hills & Banjara Hills,Ultra Luxury,2,1245,3,1,8,Unfurnished,Mid (5-12),5,17.43345,78.43661,205.69
Chennai,Adyar & Boat Club Area,Ultra Luxury,4,2264,5,4,0,Fully-Furnished,Ground-Low (1-4),7,12.99973,80.25291,435.51
Hyderabad,Tellapur & Nallagandla,Mid-Segment,1,569,1,2,8,Fully-Furnished,High (13+),10,17.46382,78.32069,51.07
Pune,Koregaon Park & Kalyani Nagar,Ultra Luxury,2,877,3,3,5,Semi-Furnished,Mid (5-12),7,18.53369,73.895,149.71
Delhi NCR,Golf Course Rd (Gurugram),Ultra Luxury,3,1460,4,3,8,Unfurnished,High (13+),7,28.45138,77.10151,374.13
Delhi NCR,Cyber City & Sector 54,Premium,2,930,2,2,2,Fully-Furnished,High (13+),3,28.46681,77.10911,192.63
Hyderabad,Kondapur & HITECH City,Premium,1,564,1,4,0,Unfurnished,Ground-Low (1-4),7,17.44696,78.37758,59.93
Mumbai,South Mumbai (Colaba/Worli),Ultra Luxury,3,1377,3,2,5,Semi-Furnished,High (13+),9,19.12316,72.83749,592.21
Hyderabad,Kondapur & HITECH City,Premium,1,635,1,2,0,Unfurnished,Mid (5-12),3,17.45162,78.39202,68.04
Mumbai,Thane West,Mid-Segment,3,1363,3,0,18,Semi-Furnished,Mid (5-12),7,19.26794,72.95128,163.48
Bengaluru,HSR Layout & Sarjapur,Premium,3,1417,3,3,0,Unfurnished,Ground-Low (1-4),3,12.92145,77.64941,165.47
Chennai,Tambaram & Porur,Affordable,2,1009,2,2,5,Unfurnished,Ground-Low (1-4),7,12.92014,80.15114,57.06
Pune,Hadapsar & Undri,Mid-Segment,2,1232,2,1,2,Semi-Furnished,Mid (5-12),7,18.48177,73.92788,86.63
Pune,Kharadi & Viman Nagar,Premium,2,903,3,2,5,Semi-Furnished,Ground-Low (1-4),9,18.55378,73.92638,91.22
Chennai,Tambaram & Porur,Affordable,3,1695,3,2,0,Unfurnished,Ground-Low (1-4),8,12.92755,80.1412,92.92
Bengaluru,HSR Layout & Sarjapur,Premium,1,589,1,2,5,Semi-Furnished,Mid (5-12),1,12.90998,77.65659,69.83
Mumbai,Bandra-Juhu Belt,Ultra Luxury,2,852,3,3,0,Unfurnished,Ground-Low (1-4),2,19.16483,72.83119,272.23
Delhi NCR,Golf Course Rd (Gurugram),Ultra Luxury,1,575,1,1,0,Unfurnished,Mid (5-12),9,28.45584,77.1052,170.52
Delhi NCR,Golf Course Rd (Gurugram),Ultra Luxury,3,1897,3,1,0,Unfurnished,Mid (5-12),2,28.45003,77.1001,492.2
Chennai,Tambaram & Porur,Affordable,2,1096,3,1,8,Semi-Furnished,Mid (5-12),2,12.92894,80.14098,56.4
Mumbai,Navi Mumbai (Vashi/Kharghar),Mid-Segment,3,1909,4,1,5,Semi-Furnished,Mid (5-12),2,19.11372,73.03402,206.61
Pune,Baner & Balewadi,Premium,3,1475,3,3,0,Unfurnished,High (13+),5,18.56863,73.77751,160.31
Bengaluru,Electronic City,Mid-Segment,2,1240,2,0,2,Semi-Furnished,High (13+),9,12.84464,77.67117,97.7
Mumbai,Navi Mumbai (Vashi/Kharghar),Mid-Segment,3,1787,3,2,8,Semi-Furnished,Ground-Low (1-4),6,19.10397,73.01784,215.94
Chennai,Adyar & Boat Club Area,Ultra Luxury,2,1150,2,2,0,Semi-Furnished,Mid (5-12),3,13.00846,80.25876,184.61
Chennai,OMR IT Corridor (Perungudi),Mid-Segment,2,976,3,2,5,Fully-Furnished,High (13+),10,12.96651,80.2896,99.37
Hyderabad,Jubilee Hills & Banjara Hills,Ultra Luxury,1,583,1,2,0,Unfurnished,High (13+),6,17.4251,78.42561,113.17
Hyderabad,Kondapur & HITECH City,Premium,3,1917,4,2,12,Fully-Furnished,Mid (5-12),8,17.46246,78.38008,201.34
Delhi NCR,Golf Course Rd (Gurugram),Ultra Luxury,2,1189,3,1,12,Semi-Furnished,Mid (5-12),4,28.45546,77.09516,297.14
Mumbai,Powai-Andheri West,Premium,3,1938,3,2,0,Fully-Furnished,Mid (5-12),1,19.19824,72.85383,470.63
Bengaluru,Whitefield (IT Hub),Premium,3,1728,4,2,5,Fully-Furnished,Ground-Low (1-4),8,12.97946,77.72739,192.85
Chennai,Velachery,Mid-Segment,2,1240,3,1,5,Unfurnished,Ground-Low (1-4),7,12.98286,80.22347,92.81
Delhi NCR,South Delhi (Vasant Vihar),Ultra Luxury,1,582,1,2,5,Semi-Furnished,High (13+),5,28.57031,77.16197,200.23
Mumbai,Powai-Andheri West,Premium,2,952,3,3,8,Semi-Furnished,Ground-Low (1-4),9,19.1929,72.84879,226.06
Mumbai,Navi Mumbai (Vashi/Kharghar),Mid-Segment,3,1413,3,3,12,Semi-Furnished,Ground-Low (1-4),6,19.11066,73.03522,152.79
Mumbai,South Mumbai (Colaba/Worli),Ultra Luxury,3,1534,3,1,2,Semi-Furnished,Mid (5-12),9,19.11816,72.82235,721.93
Bengaluru,HSR Layout & Sarjapur,Premium,2,1099,3,3,2,Semi-Furnished,Mid (5-12),10,12.91915,77.66006,157.7
Chennai,OMR IT Corridor (Perungudi),Mid-Segment,1,556,1,4,5,Fully-Furnished,Mid (5-12),6,12.96067,80.28796,53.57
Hyderabad,Miyapur & Kukatpally,Mid-Segment,2,1193,2,2,0,Fully-Furnished,Ground-Low (1-4),8,17.48637,78.39654,94.06
Chennai,Adyar & Boat Club Area,Ultra Luxury,1,557,1,1,5,Unfurnished,Mid (5-12),6,13.0095,80.24749,90.2
Bengaluru,HSR Layout & Sarjapur,Premium,2,978,2,3,18,Semi-Furnished,Ground-Low (1-4),9,12.90301,77.66279,115.06
Hyderabad,Jubilee Hills & Banjara Hills,Ultra Luxury,3,1676,3,1,5,Semi-Furnished,Ground-Low (1-4),6,17.44039,78.4354,291.36
Delhi NCR,Golf Course Rd (Gurugram),Ultra Luxury,3,1882,4,2,5,Fully-Furnished,High (13+),7,28.45574,77.10302,573.49
Bengaluru,Yelahanka & North Blr,Mid-Segment,2,1181,3,2,5,Unfurnished,Mid (5-12),6,13.09532,77.59362,87.74
Hyderabad,Tellapur & Nallagandla,Mid-Segment,4,2908,5,1,2,Fully-Furnished,Ground-Low (1-4),7,17.47158,78.32686,277.05
Chennai,Tambaram & Porur,Affordable,2,1101,2,2,5,Semi-Furnished,Mid (5-12),10,12.91408,80.1474,72.26
Chennai,Velachery,Mid-Segment,3,1563,3,3,8,Semi-Furnished,Ground-Low (1-4),1,12.97663,80.22545,112.09
Bengaluru,Whitefield (IT Hub),Premium,3,1710,3,2,8,Semi-Furnished,Ground-Low (1-4),2,12.98195,77.73286,141.91
Mumbai,Thane West,Mid-Segment,1,588,1,3,8,Semi-Furnished,Ground-Low (1-4),9,19.26761,72.95064,84.09
Mumbai,South Mumbai (Colaba/Worli),Ultra Luxury,2,1189,3,2,0,Unfurnished,High (13+),5,19.13029,72.8225,579.07
Bengaluru,Yelahanka & North Blr,Mid-Segment,2,1063,3,2,2,Semi-Furnished,Ground-Low (1-4),1,13.0939,77.57468,86.87
Delhi NCR,Noida Sector 150/62,Mid-Segment,3,1697,4,0,2,Semi-Furnished,Ground-Low (1-4),3,28.57773,77.37424,150.24
Mumbai,Bandra-Juhu Belt,Ultra Luxury,3,1464,3,3,5,Semi-Furnished,High (13+),3,19.15467,72.84467,508.48
Delhi NCR,Noida Sector 150/62,Mid-Segment,3,1710,4,2,12,Fully-Furnished,Ground-Low (1-4),1,28.57318,77.38138,148.21
Pune,Koregaon Park & Kalyani Nagar,Ultra Luxury,2,895,3,1,8,Semi-Furnished,Ground-Low (1-4),4,18.54103,73.89462,119.87
Bengaluru,Electronic City,Mid-Segment,2,1209,3,2,5,Semi-Furnished,Mid (5-12),5,12.85838,77.67561,90.84
Pune,Wakad & Hinjewadi,Mid-Segment,3,1710,4,2,12,Semi-Furnished,Ground-Low (1-4),6,18.59035,73.75027,117.72
Bengaluru,Electronic City,Mid-Segment,3,1718,3,1,5,Fully-Furnished,Ground-Low (1-4),5,12.85855,77.66824,129.26
Delhi NCR,South Delhi (Vasant Vihar),Ultra Luxury,3,1823,3,2,0,Unfurnished,Ground-Low (1-4),5,28.57063,77.16309,544.76
Bengaluru,Yelahanka & North Blr,Mid-Segment,2,1231,3,2,0,Unfurnished,Mid (5-12),10,13.09766,77.58525,102.78
Pune,Wakad & Hinjewadi,Mid-Segment,2,1132,2,2,18,Semi-Furnished,High (13+),1,18.59482,73.75038,78.42
Hyderabad,Kondapur & HITECH City,Premium,2,859,3,2,5,Unfurnished,Mid (5-12),10,17.46049,78.38441,91.84
Hyderabad,Gachibowli & Financial District,Premium,2,1073,3,0,12,Semi-Furnished,Ground-Low (1-4),10,17.44974,78.35743,125.54
Pune,Wakad & Hinjewadi,Mid-Segment,3,1374,4,2,8,Semi-Furnished,Ground-Low (1-4),8,18.58603,73.75585,103.53
Mumbai,Powai-Andheri West,Premium,3,1800,4,3,0,Unfurnished,Mid (5-12),4,19.19356,72.86732,405.86
Mumbai,Powai-Andheri West,Premium,3,1591,4,3,0,Unfurnished,Mid (5-12),5,19.19387,72.86003,365.75
Delhi NCR,South Delhi (Vasant Vihar),Ultra Luxury,2,1111,3,1,0,Semi-Furnished,Ground-Low (1-4),4,28.57377,77.16637,344.99
Bengaluru,Electronic City,Mid-Segment,2,963,2,1,5,Semi-Furnished,Mid (5-12),7,12.84351,77.67298,69.0
Mumbai,Bandra-Juhu Belt,Ultra Luxury,4,2771,5,0,2,Unfurnished,Mid (5-12),10,19.15629,72.82969,1007.56
Delhi NCR,Noida Sector 150/62,Mid-Segment,4,2514,5,2,0,Semi-Furnished,High (13+),7,28.57203,77.3866,282.43
Hyderabad,Kondapur & HITECH City,Premium,4,2785,4,1,12,Semi-Furnished,Mid (5-12),3,17.45102,78.38038,275.18
Hyderabad,Jubilee Hills & Banjara Hills,Ultra Luxury,2,1128,2,0,2,Semi-Furnished,Ground-Low (1-4),7,17.42907,78.43208,202.32
Pune,Hadapsar & Undri,Mid-Segment,2,853,3,3,12,Unfurnished,Mid (5-12),6,18.48309,73.93912,50.53
Delhi NCR,Greater Noida West,Affordable,5,3580,5,3,8,Semi-Furnished,High (13+),4,28.53645,77.46747,200.66
Delhi NCR,South Delhi (Vasant Vihar),Ultra Luxury,1,497,1,0,2,Unfurnished,Ground-Low (1-4),4,28.57227,77.14994,148.03
Pune,Koregaon Park & Kalyani Nagar,Ultra Luxury,2,945,2,2,12,Unfurnished,High (13+),9,18.53828,73.89886,153.42
Hyderabad,Gachibowli & Financial District,Premium,3,1486,4,1,2,Semi-Furnished,Mid (5-12),1,17.443,78.35785,168.45
Delhi NCR,South Delhi (Vasant Vihar),Ultra Luxury,3,1359,4,2,2,Semi-Furnished,Mid (5-12),7,28.55652,77.16495,455.1
Delhi NCR,Cyber City & Sector 54,Premium,2,1213,3,1,5,Semi-Furnished,Mid (5-12),4,28.47904,77.11278,205.83
Bengaluru,Indiranagar & Koramangala,Ultra Luxury,5,3940,6,2,2,Fully-Furnished,Ground-Low (1-4),7,12.97963,77.63466,777.52
Hyderabad,Miyapur & Kukatpally,Mid-Segment,3,1719,4,1,2,Semi-Furnished,Mid (5-12),7,17.48519,78.37821,130.47
Delhi NCR,South Delhi (Vasant Vihar),Ultra Luxury,3,1354,4,2,0,Fully-Furnished,Mid (5-12),6,28.56433,77.15149,522.71
Mumbai,Navi Mumbai (Vashi/Kharghar),Mid-Segment,3,1397,3,2,0,Semi-Furnished,Mid (5-12),6,19.10514,73.02351,175.75
Bengaluru,Indiranagar & Koramangala,Ultra Luxury,1,571,1,2,5,Semi-Furnished,Ground-Low (1-4),6,12.98135,77.64351,102.65
Chennai,Velachery,Mid-Segment,2,961,3,1,5,Unfurnished,High (13+),3,12.9808,80.24068,74.42
Delhi NCR,South Delhi (Vasant Vihar),Ultra Luxury,3,1399,3,2,2,Unfurnished,Ground-Low (1-4),2,28.56532,77.16719,390.64
Mumbai,Navi Mumbai (Vashi/Kharghar),Mid-Segment,3,1919,3,2,5,Fully-Furnished,Mid (5-12),2,19.105,73.03156,247.52
Mumbai,Navi Mumbai (Vashi/Kharghar),Mid-Segment,5,3731,5,1,12,Unfurnished,Ground-Low (1-4),9,19.10806,73.02225,398.63
Delhi NCR,Greater Noida West,Affordable,2,1246,3,1,12,Fully-Furnished,Ground-Low (1-4),1,28.53084,77.45764,70.57
Pune,Wakad & Hinjewadi,Mid-Segment,3,1695,3,1,8,Unfurnished,Mid (5-12),10,18.58931,73.76604,136.73
Delhi NCR,Noida Sector 150/62,Mid-Segment,3,1433,3,1,5,Fully-Furnished,Mid (5-12),4,28.56575,77.37816,154.06
Mumbai,Powai-Andheri West,Premium,3,1424,3,4,0,Unfurnished,High (13+),4,19.18921,72.85116,357.97
Pune,Hadapsar & Undri,Mid-Segment,1,459,1,1,8,Unfurnished,High (13+),2,18.47054,73.94198,28.41
Bengaluru,HSR Layout & Sarjapur,Premium,2,1080,3,2,2,Unfurnished,High (13+),7,12.91144,77.66433,144.18
Delhi NCR,South Delhi (Vasant Vihar),Ultra Luxury,3,1368,4,2,2,Fully-Furnished,Mid (5-12),3,28.55535,77.15298,463.13
Mumbai,Navi Mumbai (Vashi/Kharghar),Mid-Segment,2,900,2,2,2,Semi-Furnished,Mid (5-12),9,19.10382,73.03723,117.36
Delhi NCR,Cyber City & Sector 54,Premium,3,1494,4,2,2,Unfurnished,Mid (5-12),4,28.47883,77.09925,233.7
Chennai,Adyar & Boat Club Area,Ultra Luxury,2,942,2,2,0,Semi-Furnished,Ground-Low (1-4),10,13.00994,80.25702,162.79
Pune,Hadapsar & Undri,Mid-Segment,3,1942,3,1,5,Semi-Furnished,Mid (5-12),9,18.48544,73.93807,140.42
Hyderabad,Kondapur & HITECH City,Premium,2,983,2,2,0,Semi-Furnished,Mid (5-12),3,17.44864,78.38678,100.07
Mumbai,Bandra-Juhu Belt,Ultra Luxury,2,1035,2,1,5,Unfurnished,Ground-Low (1-4),6,19.15204,72.84569,337.94
Pune,Koregaon Park & Kalyani Nagar,Ultra Luxury,2,865,3,2,5,Semi-Furnished,Mid (5-12),7,18.53633,73.892,143.6
Delhi NCR,Noida Sector 150/62,Mid-Segment,3,1448,4,2,5,Semi-Furnished,Mid (5-12),5,28.57689,77.38636,139.65
Hyderabad,Tellapur & Nallagandla,Mid-Segment,3,1395,4,2,0,Semi-Furnished,High (13+),6,17.47439,78.32578,139.46
Delhi NCR,Golf Course Rd (Gurugram),Ultra Luxury,4,3044,5,1,25,Unfurnished,Ground-Low (1-4),4,28.45698,77.10896,546.07
Delhi NCR,Cyber City & Sector 54,Premium,2,1013,3,4,0,Fully-Furnished,Mid (5-12),1,28.469,77.11436,216.94
Delhi NCR,Noida Sector 150/62,Mid-Segment,1,522,1,0,5,Fully-Furnished,High (13+),2,28.57328,77.38757,54.27
Bengaluru,HSR Layout & Sarjapur,Premium,2,1060,2,1,18,Fully-Furnished,Mid (5-12),10,12.91591,77.64996,137.63
Hyderabad,Kondapur & HITECH City,Premium,1,452,1,3,12,Semi-Furnished,Mid (5-12),5,17.46239,78.39144,47.78
Bengaluru,HSR Layout & Sarjapur,Premium,3,1432,3,3,0,Semi-Furnished,Ground-Low (1-4),5,12.9021,77.65901,194.41
Bengaluru,HSR Layout & Sarjapur,Premium,2,1068,2,2,8,Semi-Furnished,High (13+),6,12.90962,77.66356,130.39
Mumbai,Navi Mumbai (Vashi/Kharghar),Mid-Segment,1,459,1,1,25,Semi-Furnished,Ground-Low (1-4),8,19.10121,73.03447,43.02
Hyderabad,Miyapur & Kukatpally,Mid-Segment,4,2858,4,1,0,Semi-Furnished,High (13+),1,17.48655,78.38696,209.47
Mumbai,Navi Mumbai (Vashi/Kharghar),Mid-Segment,3,1697,4,2,0,Semi-Furnished,High (13+),6,19.10172,73.03051,242.59
Mumbai,Powai-Andheri West,Premium,4,2136,5,1,8,Semi-Furnished,Ground-Low (1-4),10,19.19567,72.84799,505.42
Bengaluru,Whitefield (IT Hub),Premium,5,3633,6,1,5,Unfurnished,Ground-Low (1-4),9,12.98147,77.74283,387.1
Hyderabad,Kondapur & HITECH City,Premium,2,850,3,1,2,Semi-Furnished,Ground-Low (1-4),3,17.45018,78.39427,87.99
Mumbai,Navi Mumbai (Vashi/Kharghar),Mid-Segment,4,2326,4,1,18,Semi-Furnished,High (13+),1,19.11237,73.02441,226.14
Mumbai,Bandra-Juhu Belt,Ultra Luxury,2,892,2,1,5,Unfurnished,Ground-Low (1-4),4,19.14774,72.83244,283.62
Bengaluru,HSR Layout & Sarjapur,Premium,1,523,1,2,8,Semi-Furnished,Ground-Low (1-4),6,12.91181,77.64741,62.0
Chennai,Adyar & Boat Club Area,Ultra Luxury,2,1126,3,2,8,Unfurnished,Ground-Low (1-4),3,13.00867,80.24284,149.68
Delhi NCR,Cyber City & Sector 54,Premium,4,2521,5,2,0,Unfurnished,Mid (5-12),10,28.47865,77.10406,470.43
Pune,Baner & Balewadi,Premium,2,1214,2,1,2,Unfurnished,Mid (5-12),4,18.56294,73.77962,132.47
Pune,Kharadi & Viman Nagar,Premium,3,1593,4,1,0,Semi-Furnished,High (13+),4,18.55366,73.93601,173.33
Hyderabad,Tellapur & Nallagandla,Mid-Segment,3,1728,3,4,18,Unfurnished,Ground-Low (1-4),2,17.46043,78.33302,100.24
Mumbai,Navi Mumbai (Vashi/Kharghar),Mid-Segment,1,518,1,2,5,Semi-Furnished,High (13+),3,19.0974,73.01883,62.84
Pune,Baner & Balewadi,Premium,2,972,2,2,8,Semi-Furnished,Ground-Low (1-4),9,18.56546,73.7867,112.31
Chennai,OMR IT Corridor (Perungudi),Mid-Segment,5,4011,6,3,2,Semi-Furnished,High (13+),1,12.9709,80.27379,340.59
Pune,Wakad & Hinjewadi,Mid-Segment,1,624,1,2,2,Unfurnished,Mid (5-12),2,18.58365,73.76589,50.3
Pune,Koregaon Park & Kalyani Nagar,Ultra Luxury,3,1556,4,1,0,Unfurnished,Mid (5-12),3,18.53885,73.90106,242.27
Delhi NCR,Greater Noida West,Affordable,3,1489,3,1,0,Semi-Furnished,Mid (5-12),5,28.5405,77.45731,95.33
Chennai,Tambaram & Porur,Affordable,1,558,1,2,0,Semi-Furnished,Ground-Low (1-4),7,12.91531,80.14652,29.06
Chennai,Anna Nagar,Premium,2,1137,2,2,5,Unfurnished,Ground-Low (1-4),10,13.101,80.20741,143.94
Chennai,Anna Nagar,Premium,2,1102,3,3,5,Unfurnished,High (13+),5,13.08711,80.20399,149.93
Bengaluru,Indiranagar & Koramangala,Ultra Luxury,4,2881,5,1,2,Unfurnished,High (13+),7,12.97731,77.63632,550.9
Delhi NCR,South Delhi (Vasant Vihar),Ultra Luxury,4,2292,4,4,2,Semi-Furnished,High (13+),2,28.55439,77.15714,746.21
Delhi NCR,Noida Sector 150/62,Mid-Segment,5,4500,5,1,2,Semi-Furnished,Ground-Low (1-4),10,28.56597,77.38305,418.24
Delhi NCR,South Delhi (Vasant Vihar),Ultra Luxury,2,1249,2,3,0,Unfurnished,Mid (5-12),9,28.56637,77.15168,429.09
Mumbai,Navi Mumbai (Vashi/Kharghar),Mid-Segment,3,1433,3,2,5,Fully-Furnished,High (13+),8,19.10283,73.02201,208.93
Pune,Baner & Balewadi,Premium,2,1172,3,1,18,Unfurnished,Mid (5-12),2,18.5633,73.77704,112.38
Pune,Wakad & Hinjewadi,Mid-Segment,1,478,1,2,0,Unfurnished,Mid (5-12),10,18.58067,73.75754,44.81
Hyderabad,Tellapur & Nallagandla,Mid-Segment,2,878,3,1,8,Unfurnished,Ground-Low (1-4),3,17.47245,78.32896,58.95
Mumbai,South Mumbai (Colaba/Worli),Ultra Luxury,4,2670,4,2,2,Unfurnished,Ground-Low (1-4),5,19.13469,72.82183,1089.72
Chennai,Adyar & Boat Club Area,Ultra Luxury,1,559,1,3,2,Unfurnished,Ground-Low (1-4),9,12.99528,80.2551,95.6
Bengaluru,Yelahanka & North Blr,Mid-Segment,4,3093,4,1,5,Unfurnished,Mid (5-12),8,13.10764,77.5823,239.32
Pune,Baner & Balewadi,Premium,1,507,1,1,8,Semi-Furnished,Ground-Low (1-4),1,18.55757,73.78729,44.73
Chennai,OMR IT Corridor (Perungudi),Mid-Segment,3,1554,4,2,12,Fully-Furnished,Mid (5-12),1,12.97139,80.28522,122.32
Delhi NCR,Cyber City & Sector 54,Premium,4,2765,5,1,0,Unfurnished,High (13+),10,28.46811,77.11279,531.83
Delhi NCR,South Delhi (Vasant Vihar),Ultra Luxury,2,882,2,2,18,Semi-Furnished,Ground-Low (1-4),9,28.56385,77.15452,218.31
Mumbai,Bandra-Juhu Belt,Ultra Luxury,1,582,1,2,8,Unfurnished,Mid (5-12),6,19.15525,72.84407,192.36
Bengaluru,HSR Layout & Sarjapur,Premium,2,925,2,1,0,Semi-Furnished,Ground-Low (1-4),8,12.92048,77.66413,131.27
Mumbai,Powai-Andheri West,Premium,4,2699,5,3,5,Semi-Furnished,Ground-Low (1-4),6,19.18827,72.84778,603.93
Delhi NCR,Golf Course Rd (Gurugram),Ultra Luxury,3,1655,3,1,5,Semi-Furnished,Ground-Low (1-4),2,28.4478,77.09527,410.61
Pune,Wakad & Hinjewadi,Mid-Segment,2,1223,2,3,5,Semi-Furnished,High (13+),8,18.58376,73.75695,111.72
Chennai,Anna Nagar,Premium,3,1917,3,2,0,Semi-Furnished,Mid (5-12),7,13.08676,80.21561,273.82
Delhi NCR,Greater Noida West,Affordable,2,970,3,2,12,Unfurnished,Mid (5-12),9,28.54063,77.45924,51.51
Chennai,OMR IT Corridor (Perungudi),Mid-Segment,4,2728,5,1,5,Unfurnished,Ground-Low (1-4),1,12.95301,80.2779,204.55
Chennai,OMR IT Corridor (Perungudi),Mid-Segment,1,589,1,1,25,Unfurnished,Mid (5-12),8,12.95689,80.27215,39.75
Pune,Hadapsar & Undri,Mid-Segment,4,2815,4,2,18,Semi-Furnished,Ground-Low (1-4),8,18.48404,73.94448,158.59
Hyderabad,Tellapur & Nallagandla,Mid-Segment,2,1159,2,1,5,Semi-Furnished,Ground-Low (1-4),5,17.45881,78.32403,96.11
Pune,Hadapsar & Undri,Mid-Segment,1,647,1,1,5,Semi-Furnished,Ground-Low (1-4),10,18.48984,73.92988,48.1
Pune,Kharadi & Viman Nagar,Premium,2,1006,2,3,0,Semi-Furnished,Mid (5-12),3,18.55635,73.9311,100.55
Pune,Koregaon Park & Kalyani Nagar,Ultra Luxury,2,919,3,1,0,Semi-Furnished,Ground-Low (1-4),5,18.54386,73.90651,154.61
Bengaluru,Whitefield (IT Hub),Premium,3,1443,3,2,18,Unfurnished,High (13+),8,12.98066,77.74131,139.06
Pune,Hadapsar & Undri,Mid-Segment,3,1714,4,1,12,Semi-Furnished,Mid (5-12),4,18.47455,73.93808,112.91
Hyderabad,Jubilee Hills & Banjara Hills,Ultra Luxury,2,1236,3,1,8,Fully-Furnished,Mid (5-12),6,17.43949,78.42293,223.46
Delhi NCR,Cyber City & Sector 54,Premium,3,1448,4,2,2,Semi-Furnished,Mid (5-12),1,28.48167,77.10868,242.22
Chennai,Tambaram & Porur,Affordable,2,1223,2,2,2,Unfurnished,Mid (5-12),3,12.91989,80.14233,77.63
Bengaluru,Indiranagar & Koramangala,Ultra Luxury,4,2549,5,3,0,Fully-Furnished,Ground-Low (1-4),4,12.98177,77.62946,524.16
Mumbai,Thane West,Mid-Segment,4,2831,4,2,8,Fully-Furnished,Mid (5-12),7,19.26615,72.95806,488.8
Delhi NCR,South Delhi (Vasant Vihar),Ultra Luxury,2,1029,2,2,18,Semi-Furnished,Ground-Low (1-4),8,28.57202,77.15983,278.01
Hyderabad,Gachibowli & Financial District,Premium,3,1564,3,2,0,Fully-Furnished,Mid (5-12),7,17.45436,78.3745,229.38
Hyderabad,Miyapur & Kukatpally,Mid-Segment,2,861,2,3,8,Semi-Furnished,High (13+),7,17.4906,78.388,62.25
Chennai,Adyar & Boat Club Area,Ultra Luxury,3,1730,3,4,2,Semi-Furnished,Ground-Low (1-4),7,13.00368,80.25663,294.95
Bengaluru,Electronic City,Mid-Segment,4,2826,5,1,2,Semi-Furnished,High (13+),10,12.84577,77.6687,247.86
Mumbai,South Mumbai (Colaba/Worli),Ultra Luxury,2,1204,3,3,8,Semi-Furnished,High (13+),4,19.13495,72.83304,476.68
Chennai,Anna Nagar,Premium,2,1143,3,3,5,Semi-Furnished,Mid (5-12),5,13.09027,80.21979,144.82
Hyderabad,Kondapur & HITECH City,Premium,3,1468,3,2,18,Semi-Furnished,Ground-Low (1-4),6,17.44689,78.37736,126.76
Chennai,Adyar & Boat Club Area,Ultra Luxury,3,1488,4,1,2,Semi-Furnished,High (13+),10,13.00244,80.25475,291.27
Hyderabad,Tellapur & Nallagandla,Mid-Segment,2,954,2,2,8,Fully-Furnished,Mid (5-12),9,17.46534,78.31904,88.78
Chennai,Velachery,Mid-Segment,1,568,1,1,2,Fully-Furnished,Ground-Low (1-4),2,12.98255,80.23743,47.34
Mumbai,South Mumbai (Colaba/Worli),Ultra Luxury,3,1529,4,1,2,Semi-Furnished,High (13+),7,19.1176,72.82719,700.45
Delhi NCR,Golf Course Rd (Gurugram),Ultra Luxury,1,611,1,2,2,Unfurnished,High (13+),8,28.45956,77.10591,180.05
Delhi NCR,Greater Noida West,Affordable,2,1188,3,1,5,Semi-Furnished,Mid (5-12),2,28.54206,77.4636,68.78
Pune,Kharadi & Viman Nagar,Premium,1,521,1,2,18,Fully-Furnished,Ground-Low (1-4),7,18.55891,73.93406,47.89
Delhi NCR,Greater Noida West,Affordable,1,592,1,1,12,Fully-Furnished,Ground-Low (1-4),7,28.53877,77.46401,32.49
Mumbai,Navi Mumbai (Vashi/Kharghar),Mid-Segment,2,967,2,2,8,Semi-Furnished,Ground-Low (1-4),4,19.1151,73.0225,112.16
Chennai,Tambaram & Porur,Affordable,2,1080,2,1,12,Unfurnished,Mid (5-12),7,12.91282,80.14227,59.54
Pune,Koregaon Park & Kalyani Nagar,Ultra Luxury,1,591,1,0,2,Fully-Furnished,Mid (5-12),3,18.54924,73.90149,93.29
Pune,Baner & Balewadi,Premium,3,1596,3,2,2,Unfurnished,Ground-Low (1-4),8,18.56006,73.78451,186.04
Chennai,Velachery,Mid-Segment,2,1218,2,2,5,Fully-Furnished,Ground-Low (1-4),9,12.98317,80.22303,114.8
Delhi NCR,Noida Sector 150/62,Mid-Segment,2,1224,2,1,0,Semi-Furnished,Ground-Low (1-4),1,28.56789,77.37643,109.56
Bengaluru,Whitefield (IT Hub),Premium,2,1059,3,2,5,Fully-Furnished,Ground-Low (1-4),6,12.98546,77.73572,114.53
Delhi NCR,Noida Sector 150/62,Mid-Segment,1,583,1,3,0,Semi-Furnished,Mid (5-12),9,28.56843,77.38104,64.88
Chennai,OMR IT Corridor (Perungudi),Mid-Segment,1,549,1,3,12,Semi-Furnished,High (13+),7,12.95666,80.27946,44.73
Mumbai,Bandra-Juhu Belt,Ultra Luxury,2,1017,3,1,0,Semi-Furnished,Mid (5-12),8,19.16093,72.84557,362.14
Pune,Wakad & Hinjewadi,Mid-Segment,3,1441,4,1,5,Fully-Furnished,Ground-Low (1-4),7,18.59757,73.75938,121.54
Chennai,Anna Nagar,Premium,1,502,1,1,12,Unfurnished,Mid (5-12),10,13.09633,80.20486,54.37
Bengaluru,Whitefield (IT Hub),Premium,3,1599,4,3,5,Semi-Furnished,Mid (5-12),8,12.9838,77.73225,169.39
Mumbai,Thane West,Mid-Segment,2,1012,3,3,18,Semi-Furnished,Mid (5-12),8,19.27477,72.95207,132.09
Bengaluru,Whitefield (IT Hub),Premium,1,480,1,2,0,Unfurnished,Mid (5-12),5,12.98938,77.73951,45.55
Hyderabad,Jubilee Hills & Banjara Hills,Ultra Luxury,3,1821,4,0,18,Fully-Furnished,Mid (5-12),2,17.4281,78.42999,278.53
Hyderabad,Jubilee Hills & Banjara Hills,Ultra Luxury,2,1205,3,3,0,Unfurnished,Mid (5-12),9,17.44207,78.43145,225.58
Bengaluru,Yelahanka & North Blr,Mid-Segment,2,1149,2,2,2,Semi-Furnished,Ground-Low (1-4),7,13.1099,77.5839,92.58
Hyderabad,Jubilee Hills & Banjara Hills,Ultra Luxury,3,1711,3,1,8,Fully-Furnished,High (13+),4,17.43721,78.42199,319.07
Pune,Hadapsar & Undri,Mid-Segment,4,2799,5,2,12,Unfurnished,Ground-Low (1-4),2,18.47892,73.93775,144.93
Pune,Wakad & Hinjewadi,Mid-Segment,3,1874,3,3,12,Semi-Furnished,Mid (5-12),10,18.58647,73.75467,152.43
Mumbai,Navi Mumbai (Vashi/Kharghar),Mid-Segment,2,964,2,4,0,Unfurnished,Ground-Low (1-4),10,19.11177,73.03406,125.45
Mumbai,Bandra-Juhu Belt,Ultra Luxury,3,1688,4,2,0,Unfurnished,Mid (5-12),9,19.15617,72.82879,567.9
Pune,Baner & Balewadi,Premium,3,1775,3,3,18,Semi-Furnished,Mid (5-12),2,18.55467,73.79022,156.95
Hyderabad,Gachibowli & Financial District,Premium,1,552,1,3,2,Semi-Furnished,Ground-Low (1-4),5,17.44078,78.36841,68.09
Bengaluru,Indiranagar & Koramangala,Ultra Luxury,3,1797,4,3,0,Semi-Furnished,Mid (5-12),6,12.9771,77.64279,375.74
Bengaluru,Indiranagar & Koramangala,Ultra Luxury,4,2185,4,1,8,Unfurnished,Ground-Low (1-4),9,12.99076,77.63466,342.6
Hyderabad,Miyapur & Kukatpally,Mid-Segment,2,981,2,2,0,Unfurnished,Mid (5-12),5,17.49143,78.38601,64.53
Bengaluru,Whitefield (IT Hub),Premium,4,2216,4,1,5,Semi-Furnished,High (13+),2,12.9883,77.73972,243.09
Mumbai,Bandra-Juhu Belt,Ultra Luxury,1,610,1,2,0,Unfurnished,Ground-Low (1-4),3,19.16303,72.83736,211.0
Hyderabad,Tellapur & Nallagandla,Mid-Segment,5,3600,5,2,2,Semi-Furnished,Mid (5-12),8,17.45698,78.33294,315.39
Delhi NCR,Greater Noida West,Affordable,3,1876,3,0,2,Semi-Furnished,Mid (5-12),10,28.53244,77.45158,121.41
Delhi NCR,Golf Course Rd (Gurugram),Ultra Luxury,2,976,2,1,8,Unfurnished,Mid (5-12),4,28.44535,77.09481,230.2
Chennai,Tambaram & Porur,Affordable,3,1934,4,2,5,Semi-Furnished,Ground-Low (1-4),4,12.92625,80.15475,109.51
Delhi NCR,Golf Course Rd (Gurugram),Ultra Luxury,2,1009,2,3,12,Semi-Furnished,Mid (5-12),1,28.46091,77.09729,207.23
Pune,Baner & Balewadi,Premium,3,1386,4,3,2,Unfurnished,Ground-Low (1-4),4,18.5691,73.7934,147.47
Bengaluru,Indiranagar & Koramangala,Ultra Luxury,2,1021,2,3,2,Fully-Furnished,High (13+),1,12.9764,77.62627,193.05
Chennai,Velachery,Mid-Segment,3,1750,3,2,12,Unfurnished,Mid (5-12),1,12.98044,80.22762,122.08
Hyderabad,Tellapur & Nallagandla,Mid-Segment,3,1499,3,3,2,Unfurnished,Mid (5-12),5,17.45573,78.33475,116.55
Delhi NCR,Cyber City & Sector 54,Premium,4,2350,5,3,18,Semi-Furnished,Mid (5-12),4,28.47723,77.10469,316.09
Pune,Koregaon Park & Kalyani Nagar,Ultra Luxury,2,1195,3,1,2,Semi-Furnished,Mid (5-12),5,18.5383,73.89962,196.87
Chennai,Anna Nagar,Premium,4,2521,5,2,8,Unfurnished,Mid (5-12),5,13.09238,80.21051,304.3
Bengaluru,Indiranagar & Koramangala,Ultra Luxury,2,1072,3,3,18,Semi-Furnished,Mid (5-12),8,12.9806,77.63136,171.64
Bengaluru,HSR Layout & Sarjapur,Premium,2,923,2,0,0,Fully-Furnished,Ground-Low (1-4),1,12.90178,77.64976,124.01
Pune,Hadapsar & Undri,Mid-Segment,2,1109,3,2,5,Unfurnished,Ground-Low (1-4),9,18.48886,73.94049,77.11
Mumbai,Thane West,Mid-Segment,2,978,2,0,0,Fully-Furnished,Ground-Low (1-4),5,19.27572,72.96098,157.02
Bengaluru,Yelahanka & North Blr,Mid-Segment,2,1138,2,1,8,Unfurnished,Mid (5-12),4,13.09814,77.57482,77.67
Hyderabad,Tellapur & Nallagandla,Mid-Segment,1,604,1,2,12,Semi-Furnished,Mid (5-12),6,17.4739,78.32235,44.41
Bengaluru,HSR Layout & Sarjapur,Premium,4,2317,4,2,0,Fully-Furnished,Ground-Low (1-4),4,12.90253,77.65708,302.93
Chennai,Tambaram & Porur,Affordable,1,511,1,1,18,Fully-Furnished,Ground-Low (1-4),3,12.91899,80.15232,21.3
Bengaluru,HSR Layout & Sarjapur,Premium,3,1649,3,2,0,Fully-Furnished,Mid (5-12),10,12.90644,77.65426,276.13
Pune,Kharadi & Viman Nagar,Premium,2,1149,2,1,18,Semi-Furnished,Mid (5-12),4,18.54859,73.9323,89.16
Hyderabad,Tellapur & Nallagandla,Mid-Segment,2,1218,2,1,0,Unfurnished,High (13+),9,17.47015,78.33185,113.06
Delhi NCR,Noida Sector 150/62,Mid-Segment,1,603,1,1,8,Semi-Furnished,High (13+),6,28.57203,77.37666,54.67
Bengaluru,HSR Layout & Sarjapur,Premium,2,956,3,3,8,Unfurnished,Ground-Low (1-4),1,12.92035,77.66285,97.15
Mumbai,Navi Mumbai (Vashi/Kharghar),Mid-Segment,1,510,1,1,12,Semi-Furnished,Mid (5-12),8,19.10485,73.01862,58.81
Mumbai,Powai-Andheri West,Premium,2,1039,2,2,0,Semi-Furnished,High (13+),7,19.198,72.86161,278.21
Hyderabad,Kondapur & HITECH City,Premium,2,1064,2,3,12,Fully-Furnished,Ground-Low (1-4),6,17.45008,78.39634,103.53
Bengaluru,Yelahanka & North Blr,Mid-Segment,2,952,3,3,2,Unfurnished,Mid (5-12),5,13.09543,77.58232,80.87
Chennai,Anna Nagar,Premium,2,1235,3,1,0,Unfurnished,Mid (5-12),5,13.09482,80.21211,160.47
Bengaluru,Yelahanka & North Blr,Mid-Segment,1,574,1,3,12,Fully-Furnished,High (13+),8,13.10845,77.58905,48.41
Chennai,Adyar & Boat Club Area,Ultra Luxury,1,578,1,4,0,Semi-Furnished,Ground-Low (1-4),2,12.99856,80.24817,97.09
Mumbai,Thane West,Mid-Segment,1,501,1,1,8,Unfurnished,High (13+),1,19.27207,72.95495,71.67
Chennai,Tambaram & Porur,Affordable,5,4210,6,2,18,Unfurnished,Mid (5-12),9,12.92897,80.15556,189.21
Hyderabad,Gachibowli & Financial District,Premium,2,889,2,1,12,Fully-Furnished,Mid (5-12),5,17.43968,78.3577,102.44
Delhi NCR,Noida Sector 150/62,Mid-Segment,3,1670,4,2,12,Unfurnished,Mid (5-12),3,28.57803,77.38781,117.04
Hyderabad,Jubilee Hills & Banjara Hills,Ultra Luxury,1,482,1,1,8,Fully-Furnished,High (13+),6,17.43912,78.42138,82.59
Pune,Koregaon Park & Kalyani Nagar,Ultra Luxury,3,1584,4,2,2,Semi-Furnished,Mid (5-12),2,18.53885,73.89267,230.47
Mumbai,Powai-Andheri West,Premium,2,950,2,0,2,Unfurnished,High (13+),7,19.1976,72.86008,236.63
Mumbai,Powai-Andheri West,Premium,2,1019,3,0,0,Semi-Furnished,Mid (5-12),5,19.191,72.84901,257.57
Pune,Hadapsar & Undri,Mid-Segment,3,1657,3,4,0,Semi-Furnished,Mid (5-12),7,18.47752,73.93702,129.31
Delhi NCR,Greater Noida West,Affordable,3,1868,3,1,0,Semi-Furnished,Ground-Low (1-4),5,28.52687,77.46009,118.0
Mumbai,Thane West,Mid-Segment,2,1115,3,2,0,Unfurnished,Mid (5-12),1,19.28393,72.95191,150.29
Hyderabad,Jubilee Hills & Banjara Hills,Ultra Luxury,2,900,3,2,5,Semi-Furnished,High (13+),3,17.42836,78.43337,167.27
Hyderabad,Gachibowli & Financial District,Premium,2,957,3,2,0,Unfurnished,High (13+),4,17.4395,78.36184,123.1
Mumbai,South Mumbai (Colaba/Worli),Ultra Luxury,4,2505,5,2,12,Fully-Furnished,High (13+),7,19.11677,72.83512,1176.01
Mumbai,South Mumbai (Colaba/Worli),Ultra Luxury,2,1116,3,2,0,Unfurnished,Ground-Low (1-4),1,19.12479,72.82763,418.96
Hyderabad,Jubilee Hills & Banjara Hills,Ultra Luxury,4,2994,5,2,12,Unfurnished,Ground-Low (1-4),7,17.42657,78.41815,477.78
Hyderabad,Jubilee Hills & Banjara Hills,Ultra Luxury,2,1117,3,2,25,Unfurnished,Mid (5-12),10,17.44393,78.425,155.51
Chennai,Anna Nagar,Premium,2,924,3,4,0,Unfurnished,Mid (5-12),4,13.09838,80.20719,126.62
Bengaluru,Indiranagar & Koramangala,Ultra Luxury,3,1925,4,1,5,Semi-Furnished,Mid (5-12),2,12.97679,77.62629,344.46
Delhi NCR,Golf Course Rd (Gurugram),Ultra Luxury,2,1050,3,2,0,Unfurnished,High (13+),5,28.44512,77.10082,277.02
Bengaluru,Indiranagar & Koramangala,Ultra Luxury,2,868,3,1,18,Semi-Furnished,Ground-Low (1-4),2,12.97978,77.63784,119.98
Mumbai,Navi Mumbai (Vashi/Kharghar),Mid-Segment,2,925,2,1,5,Fully-Furnished,Ground-Low (1-4),5,19.10601,73.03558,119.19
Mumbai,Thane West,Mid-Segment,1,523,1,2,8,Unfurnished,Mid (5-12),4,19.27762,72.96199,68.28
Delhi NCR,Noida Sector 150/62,Mid-Segment,3,1572,4,0,0,Semi-Furnished,Mid (5-12),8,28.57607,77.37789,163.95
Mumbai,Navi Mumbai (Vashi/Kharghar),Mid-Segment,3,1886,4,3,12,Semi-Furnished,Ground-Low (1-4),10,19.10162,73.03106,210.9
Bengaluru,HSR Layout & Sarjapur,Premium,3,1892,4,3,12,Semi-Furnished,High (13+),9,12.90518,77.66264,236.13
Chennai,OMR IT Corridor (Perungudi),Mid-Segment,1,577,1,2,25,Semi-Furnished,High (13+),5,12.95455,80.28529,38.18
Mumbai,South Mumbai (Colaba/Worli),Ultra Luxury,3,1573,3,2,18,Semi-Furnished,Mid (5-12),1,19.13276,72.83536,550.79
Chennai,Anna Nagar,Premium,3,1383,4,3,25,Unfurnished,Ground-Low (1-4),5,13.08599,80.21448,123.54
Chennai,Velachery,Mid-Segment,2,1124,3,0,0,Unfurnished,High (13+),1,12.98609,80.23024,93.24
Delhi NCR,Greater Noida West,Affordable,2,976,3,1,5,Semi-Furnished,High (13+),8,28.53446,77.45935,67.22
Bengaluru,HSR Layout & Sarjapur,Premium,3,1928,3,1,18,Unfurnished,Mid (5-12),8,12.90705,77.64799,202.42
Pune,Koregaon Park & Kalyani Nagar,Ultra Luxury,2,1145,2,1,5,Fully-Furnished,Mid (5-12),3,18.5473,73.90465,209.94
Mumbai,Thane West,Mid-Segment,3,1409,4,2,2,Unfurnished,Ground-Low (1-4),6,19.28282,72.94837,204.64
Chennai,Velachery,Mid-Segment,2,1082,2,4,0,Fully-Furnished,Mid (5-12),3,12.98378,80.23932,104.14
Chennai,Tambaram & Porur,Affordable,4,2160,4,2,18,Semi-Furnished,Mid (5-12),4,12.91953,80.15819,102.32
Hyderabad,Miyapur & Kukatpally,Mid-Segment,2,1140,3,0,5,Unfurnished,Mid (5-12),8,17.50479,78.38425,77.86
Bengaluru,Indiranagar & Koramangala,Ultra Luxury,1,452,1,2,0,Semi-Furnished,Ground-Low (1-4),6,12.97684,77.64223,89.71
Chennai,Anna Nagar,Premium,2,1095,3,2,18,Fully-Furnished,High (13+),2,13.08835,80.20826,121.07
Mumbai,Navi Mumbai (Vashi/Kharghar),Mid-Segment,3,1652,3,3,2,Fully-Furnished,Ground-Low (1-4),10,19.11395,73.02806,245.19
Bengaluru,Electronic City,Mid-Segment,4,2114,5,1,2,Fully-Furnished,Mid (5-12),5,12.85323,77.67558,166.05
Pune,Koregaon Park & Kalyani Nagar,Ultra Luxury,2,1110,3,1,0,Fully-Furnished,Mid (5-12),7,18.53254,73.90109,203.3
Chennai,Anna Nagar,Premium,2,858,2,2,5,Semi-Furnished,Mid (5-12),5,13.09443,80.21319,108.02
Hyderabad,Kondapur & HITECH City,Premium,2,991,2,2,8,Semi-Furnished,High (13+),3,17.45285,78.3848,104.62
Pune,Baner & Balewadi,Premium,3,1371,3,1,5,Semi-Furnished,Mid (5-12),1,18.55982,73.78492,137.52
Delhi NCR,South Delhi (Vasant Vihar),Ultra Luxury,3,1429,4,3,5,Fully-Furnished,Mid (5-12),7,28.57063,77.15925,461.26
Hyderabad,Gachibowli & Financial District,Premium,3,1594,4,1,0,Unfurnished,Ground-Low (1-4),8,17.44755,78.36303,200.0
Pune,Baner & Balewadi,Premium,2,1243,2,0,12,Unfurnished,High (13+),3,18.55071,73.78541,129.6
Chennai,Velachery,Mid-Segment,2,1016,3,2,5,Fully-Furnished,Ground-Low (1-4),6,12.98734,80.22838,86.68
Bengaluru,Yelahanka & North Blr,Mid-Segment,2,910,2,1,0,Semi-Furnished,Mid (5-12),7,13.09675,77.5923,79.47
Bengaluru,Indiranagar & Koramangala,Ultra Luxury,2,957,2,2,0,Unfurnished,Ground-Low (1-4),7,12.9795,77.63444,190.89
Delhi NCR,Cyber City & Sector 54,Premium,2,869,2,2,8,Semi-Furnished,Mid (5-12),4,28.48334,77.09975,141.19
Delhi NCR,Golf Course Rd (Gurugram),Ultra Luxury,2,1191,2,2,0,Unfurnished,Mid (5-12),7,28.45583,77.09574,312.92
Chennai,Adyar & Boat Club Area,Ultra Luxury,1,551,1,4,12,Unfurnished,Mid (5-12),6,13.0052,80.25528,76.18
Delhi NCR,Greater Noida West,Affordable,2,918,3,2,0,Fully-Furnished,Mid (5-12),2,28.5415,77.46899,59.53
Delhi NCR,South Delhi (Vasant Vihar),Ultra Luxury,3,1701,4,1,5,Semi-Furnished,Ground-Low (1-4),10,28.55428,77.14972,540.27
Hyderabad,Jubilee Hills & Banjara Hills,Ultra Luxury,4,2933,5,1,12,Semi-Furnished,Mid (5-12),8,17.43119,78.42636,487.38
Hyderabad,Miyapur & Kukatpally,Mid-Segment,2,1166,2,1,8,Fully-Furnished,Mid (5-12),2,17.48919,78.38581,77.16
Mumbai,Bandra-Juhu Belt,Ultra Luxury,1,594,1,1,25,Unfurnished,Mid (5-12),4,19.16113,72.83285,146.45
Delhi NCR,South Delhi (Vasant Vihar),Ultra Luxury,3,1618,3,1,5,Semi-Furnished,Ground-Low (1-4),6,28.57178,77.15896,471.92
Delhi NCR,Noida Sector 150/62,Mid-Segment,3,1622,3,2,12,Unfurnished,Mid (5-12),6,28.56509,77.38122,143.29
Delhi NCR,South Delhi (Vasant Vihar),Ultra Luxury,3,1874,3,0,2,Fully-Furnished,Ground-Low (1-4),7,28.56805,77.14962,615.26
Pune,Kharadi & Viman Nagar,Premium,2,895,2,4,8,Fully-Furnished,Ground-Low (1-4),6,18.54406,73.92956,91.97
Chennai,Velachery,Mid-Segment,3,1423,4,3,0,Fully-Furnished,Ground-Low (1-4),7,12.98411,80.22941,125.19
Bengaluru,Indiranagar & Koramangala,Ultra Luxury,3,1761,3,1,5,Semi-Furnished,Mid (5-12),10,12.98132,77.63088,312.26
Mumbai,Thane West,Mid-Segment,2,892,3,2,5,Semi-Furnished,High (13+),4,19.27061,72.95892,134.13
Bengaluru,Whitefield (IT Hub),Premium,2,1215,3,1,2,Semi-Furnished,High (13+),10,12.98686,77.73232,139.76
Delhi NCR,Noida Sector 150/62,Mid-Segment,4,3158,4,2,8,Semi-Furnished,Mid (5-12),6,28.57852,77.37384,258.93
Chennai,Adyar & Boat Club Area,Ultra Luxury,3,1943,3,1,8,Unfurnished,Ground-Low (1-4),10,13.00948,80.24135,292.92
Bengaluru,Indiranagar & Koramangala,Ultra Luxury,2,1074,3,1,8,Unfurnished,Ground-Low (1-4),9,12.98911,77.63291,174.3
Hyderabad,Kondapur & HITECH City,Premium,1,560,1,0,2,Fully-Furnished,Ground-Low (1-4),9,17.44983,78.39014,75.02
Pune,Kharadi & Viman Nagar,Premium,4,2974,5,2,12,Unfurnished,Mid (5-12),5,18.55484,73.93545,243.47
Chennai,OMR IT Corridor (Perungudi),Mid-Segment,1,647,1,3,12,Semi-Furnished,Ground-Low (1-4),9,12.95846,80.27542,43.52
Delhi NCR,Cyber City & Sector 54,Premium,1,468,1,1,0,Unfurnished,Ground-Low (1-4),1,28.4706,77.10561,68.32
Pune,Koregaon Park & Kalyani Nagar,Ultra Luxury,3,1422,4,1,2,Semi-Furnished,Ground-Low (1-4),8,18.54174,73.90037,240.29
Delhi NCR,Cyber City & Sector 54,Premium,4,2222,5,2,2,Unfurnished,Ground-Low (1-4),2,28.48352,77.11753,349.81
Hyderabad,Tellapur & Nallagandla,Mid-Segment,3,1570,4,2,2,Unfurnished,Mid (5-12),10,17.47109,78.31996,139.16
Hyderabad,Kondapur & HITECH City,Premium,2,917,2,1,0,Semi-Furnished,Mid (5-12),8,17.45681,78.37864,118.76
Hyderabad,Kondapur & HITECH City,Premium,4,2211,5,1,8,Semi-Furnished,Ground-Low (1-4),6,17.45869,78.3839,223.74
Hyderabad,Miyapur & Kukatpally,Mid-Segment,1,528,1,3,25,Unfurnished,Mid (5-12),1,17.49155,78.3809,24.2
Chennai,OMR IT Corridor (Perungudi),Mid-Segment,3,1363,4,1,5,Semi-Furnished,Mid (5-12),9,12.96662,80.27755,123.81
Chennai,OMR IT Corridor (Perungudi),Mid-Segment,1,567,1,2,0,Unfurnished,Ground-Low (1-4),1,12.9532,80.28516,43.69
Chennai,Anna Nagar,Premium,3,1426,3,0,0,Semi-Furnished,High (13+),2,13.09839,80.20257,189.05
Hyderabad,Miyapur & Kukatpally,Mid-Segment,3,1848,3,2,0,Fully-Furnished,Mid (5-12),9,17.48749,78.38842,139.45
Chennai,OMR IT Corridor (Perungudi),Mid-Segment,2,1017,2,2,25,Semi-Furnished,High (13+),3,12.96061,80.27667,69.25
Mumbai,Powai-Andheri West,Premium,2,873,3,1,8,Unfurnished,Mid (5-12),5,19.20406,72.86498,183.99
Chennai,Tambaram & Porur,Affordable,3,1609,4,1,2,Unfurnished,Ground-Low (1-4),5,12.9284,80.15713,88.32
Pune,Hadapsar & Undri,Mid-Segment,2,1037,2,3,0,Semi-Furnished,High (13+),2,18.47139,73.94375,80.5
Mumbai,Thane West,Mid-Segment,3,1558,3,2,0,Unfurnished,High (13+),9,19.27324,72.94791,266.24
Hyderabad,Miyapur & Kukatpally,Mid-Segment,3,1740,3,2,5,Unfurnished,Ground-Low (1-4),4,17.49576,78.38608,110.53
Bengaluru,HSR Layout & Sarjapur,Premium,2,1050,2,2,5,Unfurnished,Mid (5-12),1,12.90676,77.65443,129.31
Pune,Wakad & Hinjewadi,Mid-Segment,2,1088,2,4,8,Fully-Furnished,Mid (5-12),3,18.59219,73.7557,93.25
Hyderabad,Miyapur & Kukatpally,Mid-Segment,2,1189,2,2,5,Unfurnished,Ground-Low (1-4),5,17.48633,78.37673,76.82
Delhi NCR,Golf Course Rd (Gurugram),Ultra Luxury,2,1248,2,2,0,Unfurnished,Mid (5-12),9,28.44897,77.09356,357.67
Chennai,OMR IT Corridor (Perungudi),Mid-Segment,3,1511,3,4,2,Unfurnished,Ground-Low (1-4),5,12.95398,80.28795,116.64
Pune,Hadapsar & Undri,Mid-Segment,2,858,2,2,0,Semi-Furnished,Ground-Low (1-4),9,18.47563,73.9464,65.8
Chennai,Adyar & Boat Club Area,Ultra Luxury,3,1754,4,2,8,Fully-Furnished,High (13+),9,12.99666,80.25757,309.62
Hyderabad,Miyapur & Kukatpally,Mid-Segment,4,2397,4,2,18,Unfurnished,Ground-Low (1-4),3,17.48842,78.39417,117.11
Hyderabad,Gachibowli & Financial District,Premium,2,1162,2,4,0,Unfurnished,High (13+),4,17.44941,78.37202,132.46
Hyderabad,Jubilee Hills & Banjara Hills,Ultra Luxury,2,922,3,2,12,Fully-Furnished,High (13+),1,17.43132,78.42519,149.31
Chennai,Anna Nagar,Premium,3,1764,4,0,5,Fully-Furnished,Ground-Low (1-4),5,13.10038,80.20974,236.15
Bengaluru,Yelahanka & North Blr,Mid-Segment,1,532,1,3,5,Fully-Furnished,Mid (5-12),7,13.10235,77.57505,46.58
Mumbai,Powai-Andheri West,Premium,3,1758,4,4,0,Semi-Furnished,Mid (5-12),5,19.19683,72.85418,412.07
Hyderabad,Tellapur & Nallagandla,Mid-Segment,4,2907,4,2,8,Fully-Furnished,Mid (5-12),7,17.47105,78.33361,271.54
Hyderabad,Tellapur & Nallagandla,Mid-Segment,4,3155,4,2,2,Semi-Furnished,Mid (5-12),10,17.46687,78.33214,284.9
Hyderabad,Jubilee Hills & Banjara Hills,Ultra Luxury,2,1208,2,2,8,Unfurnished,Ground-Low (1-4),4,17.43049,78.42456,184.1
Chennai,Velachery,Mid-Segment,2,962,3,0,8,Unfurnished,Ground-Low (1-4),4,12.97702,80.22387,69.42
Delhi NCR,Golf Course Rd (Gurugram),Ultra Luxury,1,453,1,2,12,Semi-Furnished,Mid (5-12),3,28.45871,77.09986,111.61
Hyderabad,Jubilee Hills & Banjara Hills,Ultra Luxury,2,1058,2,0,5,Semi-Furnished,High (13+),8,17.43403,78.42486,203.9
Delhi NCR,Golf Course Rd (Gurugram),Ultra Luxury,2,911,2,2,18,Fully-Furnished,Ground-Low (1-4),8,28.44594,77.10589,243.17
Pune,Koregaon Park & Kalyani Nagar,Ultra Luxury,5,4254,6,2,2,Fully-Furnished,Ground-Low (1-4),3,18.53974,73.8915,723.54
Hyderabad,Jubilee Hills & Banjara Hills,Ultra Luxury,2,1241,2,3,12,Semi-Furnished,Mid (5-12),10,17.43051,78.422,212.44
Mumbai,South Mumbai (Colaba/Worli),Ultra Luxury,2,1026,2,2,2,Semi-Furnished,Mid (5-12),10,19.12056,72.82938,512.1
Bengaluru,Indiranagar & Koramangala,Ultra Luxury,2,1064,2,1,18,Semi-Furnished,High (13+),3,12.98268,77.63578,166.16
Chennai,Tambaram & Porur,Affordable,2,950,3,0,0,Semi-Furnished,Mid (5-12),3,12.9139,80.14721,55.36
Bengaluru,Whitefield (IT Hub),Premium,3,1670,3,3,25,Fully-Furnished,High (13+),1,12.97791,77.72634,150.75
Hyderabad,Gachibowli & Financial District,Premium,2,859,2,1,0,Semi-Furnished,Mid (5-12),3,17.43626,78.37497,97.41
Pune,Kharadi & Viman Nagar,Premium,2,989,3,1,0,Unfurnished,Mid (5-12),6,18.55652,73.92249,103.92
Bengaluru,Yelahanka & North Blr,Mid-Segment,3,1857,3,2,8,Fully-Furnished,Mid (5-12),1,13.10525,77.58862,143.32
Pune,Koregaon Park & Kalyani Nagar,Ultra Luxury,4,3015,4,2,0,Semi-Furnished,Ground-Low (1-4),8,18.54995,73.89233,520.23
Chennai,Velachery,Mid-Segment,2,898,2,2,5,Semi-Furnished,Mid (5-12),2,12.98738,80.22132,73.83
Mumbai,Thane West,Mid-Segment,3,1638,3,1,5,Unfurnished,Ground-Low (1-4),6,19.27255,72.9519,221.91
Chennai,Tambaram & Porur,Affordable,3,1501,4,1,12,Semi-Furnished,Ground-Low (1-4),9,12.9161,80.14579,82.56
Delhi NCR,Noida Sector 150/62,Mid-Segment,2,1131,3,4,0,Semi-Furnished,Ground-Low (1-4),10,28.56717,77.37772,109.81
Hyderabad,Gachibowli & Financial District,Premium,3,1402,4,1,18,Semi-Furnished,Mid (5-12),4,17.44147,78.35716,145.59
Pune,Baner & Balewadi,Premium,1,545,1,2,2,Unfurnished,Mid (5-12),8,18.56576,73.77751,62.29
Pune,Hadapsar & Undri,Mid-Segment,3,1402,4,1,8,Semi-Furnished,Mid (5-12),4,18.47668,73.93589,97.11
Hyderabad,Gachibowli & Financial District,Premium,2,1004,2,1,2,Unfurnished,Mid (5-12),6,17.43584,78.36676,124.11
Hyderabad,Miyapur & Kukatpally,Mid-Segment,1,564,1,2,0,Unfurnished,Ground-Low (1-4),5,17.50366,78.38984,37.02
Mumbai,Navi Mumbai (Vashi/Kharghar),Mid-Segment,1,555,1,0,8,Semi-Furnished,Ground-Low (1-4),7,19.0981,73.02678,70.6
Delhi NCR,South Delhi (Vasant Vihar),Ultra Luxury,3,1820,4,0,8,Semi-Furnished,Mid (5-12),7,28.56665,77.16333,522.89
Pune,Baner & Balewadi,Premium,1,634,1,1,8,Fully-Furnished,Ground-Low (1-4),1,18.55752,73.77685,67.97
Chennai,Velachery,Mid-Segment,2,1009,3,1,12,Fully-Furnished,Mid (5-12),7,12.98467,80.23076,84.93
Chennai,Adyar & Boat Club Area,Ultra Luxury,1,638,1,1,2,Unfurnished,Ground-Low (1-4),8,12.99326,80.2568,97.64
Chennai,Adyar & Boat Club Area,Ultra Luxury,2,1181,2,2,0,Fully-Furnished,High (13+),9,13.00926,80.24385,245.91
Mumbai,Bandra-Juhu Belt,Ultra Luxury,3,1448,3,1,0,Semi-Furnished,Mid (5-12),6,19.15887,72.82946,585.91
Hyderabad,Jubilee Hills & Banjara Hills,Ultra Luxury,2,1034,3,1,2,Fully-Furnished,Ground-Low (1-4),3,17.44063,78.43532,207.77
Pune,Baner & Balewadi,Premium,3,1514,3,1,8,Semi-Furnished,High (13+),2,18.56258,73.79376,174.18
Pune,Kharadi & Viman Nagar,Premium,2,854,2,2,12,Semi-Furnished,Ground-Low (1-4),6,18.54174,73.91903,79.26
Hyderabad,Jubilee Hills & Banjara Hills,Ultra Luxury,2,956,2,2,2,Semi-Furnished,Mid (5-12),9,17.43607,78.41693,198.85
Pune,Kharadi & Viman Nagar,Premium,4,2999,4,2,5,Semi-Furnished,Mid (5-12),5,18.54371,73.93625,328.81
Hyderabad,Tellapur & Nallagandla,Mid-Segment,4,3104,4,1,8,Fully-Furnished,Mid (5-12),1,17.45737,78.33191,238.85
Chennai,Adyar & Boat Club Area,Ultra Luxury,1,460,1,0,8,Semi-Furnished,Mid (5-12),3,13.00588,80.24615,70.68
Delhi NCR,Noida Sector 150/62,Mid-Segment,2,972,3,3,5,Fully-Furnished,Ground-Low (1-4),7,28.57118,77.38567,100.58
Pune,Baner & Balewadi,Premium,3,1414,3,2,5,Fully-Furnished,Ground-Low (1-4),5,18.56992,73.78184,158.26
Pune,Koregaon Park & Kalyani Nagar,Ultra Luxury,1,529,1,2,25,Fully-Furnished,Ground-Low (1-4),2,18.54923,73.90092,61.81
Chennai,OMR IT Corridor (Perungudi),Mid-Segment,4,3037,5,2,8,Unfurnished,High (13+),6,12.9628,80.27131,237.03
Mumbai,Bandra-Juhu Belt,Ultra Luxury,2,1055,2,2,2,Semi-Furnished,Mid (5-12),7,19.16189,72.84265,421.92
Bengaluru,Yelahanka & North Blr,Mid-Segment,1,529,1,3,0,Semi-Furnished,Ground-Low (1-4),5,13.10136,77.58864,45.26
Hyderabad,Jubilee Hills & Banjara Hills,Ultra Luxury,2,1214,3,3,2,Semi-Furnished,Mid (5-12),3,17.43202,78.43531,216.2
Hyderabad,Jubilee Hills & Banjara Hills,Ultra Luxury,2,1047,3,3,5,Semi-Furnished,Mid (5-12),1,17.43748,78.42795,174.07
Pune,Kharadi & Viman Nagar,Premium,3,1680,3,3,5,Semi-Furnished,High (13+),1,18.5521,73.93049,173.08
Pune,Koregaon Park & Kalyani Nagar,Ultra Luxury,2,1148,2,2,2,Semi-Furnished,Mid (5-12),7,18.53686,73.89633,203.52
Bengaluru,Electronic City,Mid-Segment,2,1088,3,2,8,Semi-Furnished,Ground-Low (1-4),9,12.85429,77.68097,74.6
Pune,Hadapsar & Undri,Mid-Segment,2,1112,2,2,8,Semi-Furnished,High (13+),2,18.48907,73.93337,76.19
Mumbai,Thane West,Mid-Segment,2,960,2,1,2,Unfurnished,Ground-Low (1-4),5,19.27692,72.95951,145.3
Hyderabad,Kondapur & HITECH City,Premium,2,1013,3,1,8,Semi-Furnished,High (13+),5,17.45122,78.39638,120.65
Pune,Wakad & Hinjewadi,Mid-Segment,2,1187,2,3,0,Semi-Furnished,High (13+),3,18.59794,73.74922,92.06
Chennai,OMR IT Corridor (Perungudi),Mid-Segment,2,914,2,2,8,Semi-Furnished,High (13+),9,12.96862,80.27078,85.23
Delhi NCR,Cyber City & Sector 54,Premium,2,1064,2,1,8,Semi-Furnished,Mid (5-12),4,28.48189,77.11755,159.25
Pune,Kharadi & Viman Nagar,Premium,4,2522,4,1,0,Semi-Furnished,Ground-Low (1-4),3,18.55509,73.92404,260.05
Chennai,Velachery,Mid-Segment,1,549,1,2,0,Fully-Furnished,Mid (5-12),5,12.97648,80.22607,49.61
Chennai,Adyar & Boat Club Area,Ultra Luxury,3,1591,3,1,2,Semi-Furnished,Ground-Low (1-4),4,12.99984,80.26049,241.44
Chennai,Velachery,Mid-Segment,2,1052,2,1,0,Semi-Furnished,Mid (5-12),5,12.97709,80.23425,89.35
Chennai,Tambaram & Porur,Affordable,3,1935,4,2,0,Unfurnished,Mid (5-12),6,12.92921,80.15702,115.4
Bengaluru,Indiranagar & Koramangala,Ultra Luxury,3,1716,4,2,5,Semi-Furnished,High (13+),2,12.98497,77.6372,292.03
Chennai,OMR IT Corridor (Perungudi),Mid-Segment,4,2208,5,2,2,Unfurnished,Ground-Low (1-4),10,12.96257,80.28831,213.43
Delhi NCR,Noida Sector 150/62,Mid-Segment,2,989,2,2,18,Semi-Furnished,Mid (5-12),1,28.5689,77.38132,70.6
Bengaluru,Yelahanka & North Blr,Mid-Segment,2,922,2,4,12,Unfurnished,High (13+),1,13.10042,77.58893,64.35
Mumbai,Navi Mumbai (Vashi/Kharghar),Mid-Segment,2,1103,2,2,8,Unfurnished,Mid (5-12),9,19.10102,73.02978,114.44
Mumbai,South Mumbai (Colaba/Worli),Ultra Luxury,3,1863,4,2,0,Fully-Furnished,Ground-Low (1-4),5,19.13176,72.83441,843.6
Pune,Baner & Balewadi,Premium,3,1662,3,2,8,Unfurnished,Ground-Low (1-4),2,18.56623,73.78833,168.81
Bengaluru,Yelahanka & North Blr,Mid-Segment,3,1645,4,2,2,Fully-Furnished,Ground-Low (1-4),1,13.09517,77.59433,134.71
Mumbai,Bandra-Juhu Belt,Ultra Luxury,1,625,1,1,5,Semi-Furnished,High (13+),5,19.15868,72.83343,227.69
Chennai,OMR IT Corridor (Perungudi),Mid-Segment,2,901,2,0,8,Unfurnished,Mid (5-12),1,12.95894,80.27095,67.97
Chennai,Adyar & Boat Club Area,Ultra Luxury,2,929,3,0,8,Unfurnished,Ground-Low (1-4),7,13.00466,80.24599,133.82
Chennai,Tambaram & Porur,Affordable,1,492,1,2,2,Fully-Furnished,Mid (5-12),5,12.92958,80.14935,31.73
Bengaluru,Yelahanka & North Blr,Mid-Segment,3,1463,3,2,25,Unfurnished,Mid (5-12),4,13.09369,77.57935,80.18
Chennai,Velachery,Mid-Segment,1,570,1,2,2,Unfurnished,Mid (5-12),8,12.97836,80.22946,47.91
Pune,Hadapsar & Undri,Mid-Segment,2,1002,2,1,25,Unfurnished,Mid (5-12),4,18.48666,73.94579,49.07
Delhi NCR,Greater Noida West,Affordable,4,2663,4,1,8,Unfurnished,Ground-Low (1-4),6,28.53578,77.46191,153.96
Delhi NCR,Golf Course Rd (Gurugram),Ultra Luxury,2,892,2,2,0,Unfurnished,Mid (5-12),6,28.44477,77.09597,242.95
Chennai,Velachery,Mid-Segment,3,1628,3,1,0,Semi-Furnished,Mid (5-12),2,12.99171,80.24031,117.94
Mumbai,Navi Mumbai (Vashi/Kharghar),Mid-Segment,4,2297,5,2,2,Unfurnished,Mid (5-12),2,19.09978,73.02709,276.37
Bengaluru,Indiranagar & Koramangala,Ultra Luxury,2,951,2,2,18,Semi-Furnished,Ground-Low (1-4),2,12.99138,77.64358,144.25
Bengaluru,Electronic City,Mid-Segment,2,1187,3,0,5,Semi-Furnished,Mid (5-12),3,12.84479,77.66548,87.49
Hyderabad,Gachibowli & Financial District,Premium,2,1231,2,2,2,Unfurnished,High (13+),5,17.45153,78.35884,146.79
Chennai,Anna Nagar,Premium,3,1702,3,3,5,Unfurnished,Mid (5-12),10,13.09262,80.21719,229.46
Bengaluru,Indiranagar & Koramangala,Ultra Luxury,1,462,1,2,2,Semi-Furnished,Ground-Low (1-4),10,12.97473,77.64366,91.89
Chennai,OMR IT Corridor (Perungudi),Mid-Segment,1,476,1,2,0,Semi-Furnished,Mid (5-12),8,12.95526,80.28548,45.96
Mumbai,Navi Mumbai (Vashi/Kharghar),Mid-Segment,2,1215,2,1,0,Semi-Furnished,Ground-Low (1-4),7,19.11176,73.02226,168.05
Hyderabad,Jubilee Hills & Banjara Hills,Ultra Luxury,3,1838,3,1,0,Fully-Furnished,Mid (5-12),5,17.43945,78.42051,382.24
Hyderabad,Kondapur & HITECH City,Premium,2,1146,2,2,12,Semi-Furnished,Ground-Low (1-4),4,17.45271,78.37986,108.93
Hyderabad,Gachibowli & Financial District,Premium,1,582,1,1,12,Fully-Furnished,Mid (5-12),8,17.44502,78.36313,71.39
Pune,Baner & Balewadi,Premium,3,1819,3,4,2,Semi-Furnished,Mid (5-12),10,18.56438,73.79514,224.78
Bengaluru,Yelahanka & North Blr,Mid-Segment,2,1106,3,1,2,Fully-Furnished,Ground-Low (1-4),8,13.09255,77.57899,104.56
Pune,Hadapsar & Undri,Mid-Segment,3,1659,3,1,0,Semi-Furnished,Mid (5-12),7,18.47993,73.93321,119.95
Hyderabad,Jubilee Hills & Banjara Hills,Ultra Luxury,1,632,1,2,5,Unfurnished,Ground-Low (1-4),3,17.43138,78.43204,100.88
Bengaluru,Whitefield (IT Hub),Premium,4,2675,4,2,12,Semi-Furnished,Ground-Low (1-4),4,12.98504,77.74283,235.1
Chennai,Velachery,Mid-Segment,2,990,2,1,0,Semi-Furnished,Mid (5-12),10,12.977,80.22614,89.4
Pune,Koregaon Park & Kalyani Nagar,Ultra Luxury,3,1812,3,2,8,Unfurnished,Ground-Low (1-4),8,18.54149,73.89821,218.12
Pune,Wakad & Hinjewadi,Mid-Segment,1,599,1,1,12,Semi-Furnished,Mid (5-12),5,18.59576,73.7552,41.85
Pune,Wakad & Hinjewadi,Mid-Segment,2,1182,2,2,8,Unfurnished,Ground-Low (1-4),7,18.59723,73.75965,94.44
Bengaluru,Whitefield (IT Hub),Premium,3,1695,4,1,0,Fully-Furnished,Ground-Low (1-4),9,12.98625,77.73171,217.55
Chennai,Tambaram & Porur,Affordable,5,3570,6,3,2,Unfurnished,Mid (5-12),7,12.922,80.15145,221.43
Pune,Hadapsar & Undri,Mid-Segment,2,892,2,1,8,Fully-Furnished,Mid (5-12),4,18.47106,73.92672,66.74
Mumbai,South Mumbai (Colaba/Worli),Ultra Luxury,3,1700,4,1,5,Semi-Furnished,High (13+),9,19.12255,72.82042,849.77
Mumbai,South Mumbai (Colaba/Worli),Ultra Luxury,2,902,3,1,2,Unfurnished,Ground-Low (1-4),4,19.11766,72.82357,351.24
Hyderabad,Tellapur & Nallagandla,Mid-Segment,1,550,1,1,5,Semi-Furnished,Mid (5-12),3,17.4746,78.33434,44.82
Bengaluru,Electronic City,Mid-Segment,2,995,3,2,12,Unfurnished,High (13+),5,12.84397,77.68453,62.98
Bengaluru,Electronic City,Mid-Segment,3,1758,4,2,12,Semi-Furnished,Mid (5-12),2,12.84247,77.68268,117.68
Bengaluru,Yelahanka & North Blr,Mid-Segment,3,1853,3,2,0,Semi-Furnished,Ground-Low (1-4),6,13.10279,77.58791,141.2
Bengaluru,Indiranagar & Koramangala,Ultra Luxury,3,1551,3,3,0,Unfurnished,Mid (5-12),3,12.9832,77.62804,260.69
Pune,Hadapsar & Undri,Mid-Segment,2,1017,2,2,5,Semi-Furnished,Mid (5-12),6,18.48648,73.93038,73.79
Hyderabad,Tellapur & Nallagandla,Mid-Segment,1,612,1,2,8,Fully-Furnished,Mid (5-12),10,17.47162,78.31753,57.48
Pune,Koregaon Park & Kalyani Nagar,Ultra Luxury,2,909,2,3,2,Fully-Furnished,High (13+),4,18.53234,73.89883,174.88
Mumbai,Bandra-Juhu Belt,Ultra Luxury,4,2234,4,1,18,Unfurnished,Mid (5-12),1,19.1581,72.83998,583.63
Bengaluru,Whitefield (IT Hub),Premium,1,539,1,2,8,Unfurnished,Mid (5-12),7,12.98106,77.73814,51.47
Hyderabad,Jubilee Hills & Banjara Hills,Ultra Luxury,2,881,3,2,2,Unfurnished,Ground-Low (1-4),6,17.44327,78.42611,147.51
Mumbai,Bandra-Juhu Belt,Ultra Luxury,2,991,3,1,2,Semi-Furnished,Mid (5-12),5,19.16315,72.8277,379.08
Pune,Wakad & Hinjewadi,Mid-Segment,3,1709,4,2,0,Unfurnished,High (13+),2,18.59905,73.7617,147.04
Pune,Baner & Balewadi,Premium,2,1182,2,2,0,Semi-Furnished,Mid (5-12),6,18.55627,73.77737,131.15
Chennai,Adyar & Boat Club Area,Ultra Luxury,3,1918,3,3,0,Fully-Furnished,High (13+),2,13.00141,80.2457,379.81
Pune,Baner & Balewadi,Premium,2,1092,2,3,2,Fully-Furnished,Ground-Low (1-4),4,18.56498,73.79526,134.3
Delhi NCR,South Delhi (Vasant Vihar),Ultra Luxury,2,855,3,2,2,Fully-Furnished,Mid (5-12),8,28.57263,77.16083,314.91
Bengaluru,Whitefield (IT Hub),Premium,2,1214,2,2,0,Unfurnished,Mid (5-12),2,12.9785,77.74247,125.39
Mumbai,Thane West,Mid-Segment,2,889,2,4,0,Unfurnished,Mid (5-12),8,19.27336,72.94821,144.98
Delhi NCR,Noida Sector 150/62,Mid-Segment,4,3073,4,3,2,Semi-Furnished,Mid (5-12),6,28.56906,77.36975,266.38
Hyderabad,Gachibowli & Financial District,Premium,2,909,2,1,12,Semi-Furnished,High (13+),7,17.45373,78.37285,108.83
Chennai,Velachery,Mid-Segment,5,3711,6,2,5,Unfurnished,High (13+),9,12.98804,80.22902,330.97
Chennai,Adyar & Boat Club Area,Ultra Luxury,2,1152,2,2,2,Unfurnished,Mid (5-12),4,13.00036,80.25248,177.52
Mumbai,South Mumbai (Colaba/Worli),Ultra Luxury,2,917,3,2,5,Semi-Furnished,Ground-Low (1-4),4,19.12624,72.82409,354.63
Mumbai,South Mumbai (Colaba/Worli),Ultra Luxury,2,963,2,2,0,Unfurnished,Ground-Low (1-4),6,19.13432,72.83686,381.99
Pune,Kharadi & Viman Nagar,Premium,5,4324,6,2,0,Fully-Furnished,Mid (5-12),8,18.56027,73.92135,571.53
Mumbai,Thane West,Mid-Segment,1,547,1,1,5,Semi-Furnished,Mid (5-12),10,19.27176,72.966,92.0
Hyderabad,Tellapur & Nallagandla,Mid-Segment,2,878,3,2,5,Fully-Furnished,Ground-Low (1-4),2,17.46489,78.3265,72.35
Pune,Hadapsar & Undri,Mid-Segment,2,996,2,3,12,Semi-Furnished,Mid (5-12),3,18.47823,73.94501,56.88
Mumbai,Thane West,Mid-Segment,2,1028,3,2,5,Unfurnished,Mid (5-12),6,19.27684,72.96149,155.89
Delhi NCR,South Delhi (Vasant Vihar),Ultra Luxury,3,1632,4,1,12,Unfurnished,Ground-Low (1-4),4,28.55417,77.15746,409.92
Hyderabad,Gachibowli & Financial District,Premium,1,554,1,3,0,Fully-Furnished,Mid (5-12),5,17.44933,78.36866,71.77
Pune,Kharadi & Viman Nagar,Premium,2,913,2,2,5,Semi-Furnished,Mid (5-12),4,18.55992,73.92332,95.82
Bengaluru,Yelahanka & North Blr,Mid-Segment,5,4350,5,1,5,Unfurnished,Mid (5-12),3,13.10896,77.58722,327.79
Bengaluru,Indiranagar & Koramangala,Ultra Luxury,3,1714,3,1,5,Unfurnished,High (13+),3,12.98759,77.63621,297.64
Delhi NCR,Greater Noida West,Affordable,2,1182,2,1,2,Semi-Furnished,Ground-Low (1-4),3,28.54358,77.4494,70.52
Bengaluru,Yelahanka & North Blr,Mid-Segment,2,866,3,3,8,Unfurnished,High (13+),7,13.09328,77.58823,66.12
Mumbai,Navi Mumbai (Vashi/Kharghar),Mid-Segment,4,3005,4,4,18,Unfurnished,Ground-Low (1-4),10,19.10594,73.01852,308.8
Delhi NCR,Noida Sector 150/62,Mid-Segment,1,570,1,2,2,Semi-Furnished,High (13+),4,28.57724,77.38883,58.44
Hyderabad,Tellapur & Nallagandla,Mid-Segment,3,1436,3,2,12,Semi-Furnished,Ground-Low (1-4),5,17.47191,78.33492,102.82
Delhi NCR,South Delhi (Vasant Vihar),Ultra Luxury,2,1139,3,0,0,Semi-Furnished,Mid (5-12),2,28.55953,77.16807,359.74
Mumbai,Navi Mumbai (Vashi/Kharghar),Mid-Segment,3,1669,4,2,0,Semi-Furnished,Mid (5-12),5,19.10065,73.02753,212.19
Hyderabad,Gachibowli & Financial District,Premium,3,1697,4,1,0,Unfurnished,High (13+),6,17.45061,78.36244,201.62
Chennai,Anna Nagar,Premium,2,906,3,3,25,Fully-Furnished,Ground-Low (1-4),8,13.09427,80.21448,87.31
Delhi NCR,Golf Course Rd (Gurugram),Ultra Luxury,2,878,3,2,8,Unfurnished,Mid (5-12),8,28.44505,77.10455,255.09
Mumbai,South Mumbai (Colaba/Worli),Ultra Luxury,2,1029,3,1,5,Semi-Furnished,Ground-Low (1-4),1,19.11862,72.82953,369.59
Delhi NCR,South Delhi (Vasant Vihar),Ultra Luxury,2,1175,3,0,12,Semi-Furnished,Mid (5-12),5,28.55428,77.1655,337.53
Hyderabad,Miyapur & Kukatpally,Mid-Segment,2,1077,2,3,5,Semi-Furnished,Mid (5-12),4,17.493,78.38517,70.57
Mumbai,Thane West,Mid-Segment,3,1589,3,4,0,Unfurnished,Mid (5-12),2,19.26954,72.965,240.35
Pune,Hadapsar & Undri,Mid-Segment,2,965,3,1,5,Semi-Furnished,Ground-Low (1-4),4,18.47936,73.93872,59.02
Chennai,Tambaram & Porur,Affordable,3,1854,4,2,12,Semi-Furnished,Ground-Low (1-4),9,12.92611,80.1605,100.53
Chennai,OMR IT Corridor (Perungudi),Mid-Segment,2,1032,2,3,18,Semi-Furnished,Ground-Low (1-4),8,12.96059,80.28424,78.35
Mumbai,South Mumbai (Colaba/Worli),Ultra Luxury,1,570,1,3,18,Fully-Furnished,Mid (5-12),6,19.12341,72.8181,208.62
Mumbai,Navi Mumbai (Vashi/Kharghar),Mid-Segment,2,858,3,3,0,Semi-Furnished,Mid (5-12),1,19.11281,73.03135,116.22
Chennai,OMR IT Corridor (Perungudi),Mid-Segment,2,1214,3,0,5,Semi-Furnished,Ground-Low (1-4),3,12.95775,80.27899,93.45
Hyderabad,Jubilee Hills & Banjara Hills,Ultra Luxury,3,1355,4,3,5,Unfurnished,Ground-Low (1-4),1,17.43724,78.42003,201.35
Bengaluru,Yelahanka & North Blr,Mid-Segment,2,1090,3,0,0,Semi-Furnished,Ground-Low (1-4),9,13.10023,77.58366,92.58
Hyderabad,Jubilee Hills & Banjara Hills,Ultra Luxury,2,980,2,2,2,Unfurnished,Mid (5-12),6,17.43568,78.43028,181.14
Chennai,Velachery,Mid-Segment,2,1015,3,3,2,Semi-Furnished,High (13+),6,12.98767,80.23588,94.44
Bengaluru,Electronic City,Mid-Segment,2,1168,2,1,0,Semi-Furnished,Mid (5-12),6,12.84801,77.67778,88.84
Hyderabad,Jubilee Hills & Banjara Hills,Ultra Luxury,2,913,2,2,5,Unfurnished,Mid (5-12),4,17.4352,78.4188,144.48
Bengaluru,Indiranagar & Koramangala,Ultra Luxury,2,1238,3,0,0,Fully-Furnished,Mid (5-12),9,12.98028,77.64317,285.71
Bengaluru,HSR Layout & Sarjapur,Premium,3,1528,4,1,2,Semi-Furnished,Mid (5-12),6,12.91807,77.6528,210.83
Mumbai,Bandra-Juhu Belt,Ultra Luxury,2,1061,3,1,2,Unfurnished,High (13+),6,19.15879,72.83761,433.53
Hyderabad,Kondapur & HITECH City,Premium,2,923,3,0,5,Unfurnished,Ground-Low (1-4),1,17.46323,78.38478,92.18
Bengaluru,Whitefield (IT Hub),Premium,3,1872,3,1,8,Fully-Furnished,Ground-Low (1-4),9,12.98183,77.74318,195.9
Pune,Wakad & Hinjewadi,Mid-Segment,1,484,1,0,0,Semi-Furnished,Ground-Low (1-4),7,18.59347,73.76346,38.59
Chennai,Velachery,Mid-Segment,2,1072,3,2,2,Semi-Furnished,High (13+),9,12.98772,80.22601,106.56
Mumbai,Bandra-Juhu Belt,Ultra Luxury,4,2622,5,2,2,Semi-Furnished,Mid (5-12),9,19.16585,72.84129,1006.91
Bengaluru,Whitefield (IT Hub),Premium,2,1207,3,1,18,Semi-Furnished,Mid (5-12),10,12.9859,77.7392,118.28
Chennai,Anna Nagar,Premium,3,1603,3,0,0,Semi-Furnished,Ground-Low (1-4),9,13.087,80.20479,227.6
Pune,Kharadi & Viman Nagar,Premium,3,1612,3,2,0,Unfurnished,Mid (5-12),7,18.54492,73.93363,168.38
Pune,Wakad & Hinjewadi,Mid-Segment,1,641,1,3,12,Unfurnished,Ground-Low (1-4),7,18.59495,73.75411,42.96
Bengaluru,Electronic City,Mid-Segment,2,916,2,0,2,Fully-Furnished,Ground-Low (1-4),3,12.8527,77.67034,66.51
Chennai,Anna Nagar,Premium,3,1933,4,1,18,Semi-Furnished,Ground-Low (1-4),2,13.09628,80.20532,193.44
Hyderabad,Tellapur & Nallagandla,Mid-Segment,4,2863,5,1,8,Semi-Furnished,High (13+),7,17.47013,78.32891,260.08
Mumbai,South Mumbai (Colaba/Worli),Ultra Luxury,2,1160,2,1,5,Semi-Furnished,Mid (5-12),1,19.12058,72.82823,454.8
Hyderabad,Kondapur & HITECH City,Premium,1,616,1,2,0,Semi-Furnished,Mid (5-12),10,17.46005,78.37731,72.88
Hyderabad,Kondapur & HITECH City,Premium,2,1133,3,3,25,Semi-Furnished,Ground-Low (1-4),7,17.45792,78.37905,98.3
Chennai,Anna Nagar,Premium,2,1249,3,2,2,Unfurnished,Ground-Low (1-4),6,13.08598,80.20955,160.83
Chennai,Anna Nagar,Premium,2,1216,2,1,8,Semi-Furnished,Ground-Low (1-4),5,13.09996,80.21088,148.2
Mumbai,Navi Mumbai (Vashi/Kharghar),Mid-Segment,2,1132,2,1,2,Semi-Furnished,Ground-Low (1-4),5,19.11274,73.01904,136.62
Bengaluru,HSR Layout & Sarjapur,Premium,1,483,1,2,5,Semi-Furnished,Mid (5-12),3,12.90672,77.64969,57.95
Delhi NCR,Cyber City & Sector 54,Premium,2,1138,3,2,5,Unfurnished,High (13+),10,28.47404,77.10586,213.24
Hyderabad,Jubilee Hills & Banjara Hills,Ultra Luxury,1,643,1,1,2,Unfurnished,Mid (5-12),9,17.4365,78.4345,124.81
Hyderabad,Tellapur & Nallagandla,Mid-Segment,1,530,1,3,2,Unfurnished,High (13+),7,17.47458,78.33094,49.47
Hyderabad,Jubilee Hills & Banjara Hills,Ultra Luxury,3,1412,3,1,5,Semi-Furnished,Ground-Low (1-4),3,17.43712,78.43569,249.2
Mumbai,Thane West,Mid-Segment,1,551,1,3,0,Unfurnished,Mid (5-12),8,19.27844,72.9594,84.06
Pune,Baner & Balewadi,Premium,4,2434,4,3,2,Fully-Furnished,Ground-Low (1-4),2,18.55202,73.78445,281.95
Pune,Kharadi & Viman Nagar,Premium,3,1383,4,1,8,Unfurnished,Ground-Low (1-4),2,18.55264,73.91976,115.89
Mumbai,Bandra-Juhu Belt,Ultra Luxury,2,901,2,3,8,Semi-Furnished,Mid (5-12),4,19.15818,72.83594,320.53
Pune,Hadapsar & Undri,Mid-Segment,3,1488,3,2,12,Unfurnished,Ground-Low (1-4),3,18.4759,73.94104,92.69
Chennai,Anna Nagar,Premium,1,546,1,1,12,Semi-Furnished,Mid (5-12),3,13.08782,80.20134,61.58
Delhi NCR,Cyber City & Sector 54,Premium,2,1237,3,3,0,Unfurnished,Ground-Low (1-4),10,28.48322,77.11724,211.93
Bengaluru,Whitefield (IT Hub),Premium,3,1560,4,1,25,Unfurnished,Mid (5-12),9,12.97534,77.72525,118.81
Delhi NCR,Noida Sector 150/62,Mid-Segment,4,2278,5,2,12,Unfurnished,Mid (5-12),4,28.58216,77.37085,166.33
Pune,Baner & Balewadi,Premium,1,527,1,1,8,Semi-Furnished,Mid (5-12),4,18.55674,73.79079,55.6
Pune,Koregaon Park & Kalyani Nagar,Ultra Luxury,2,970,3,1,0,Unfurnished,Ground-Low (1-4),9,18.5318,73.90048,165.82
Pune,Koregaon Park & Kalyani Nagar,Ultra Luxury,4,2495,4,2,5,Fully-Furnished,Mid (5-12),9,18.53316,73.89852,443.12
Delhi NCR,South Delhi (Vasant Vihar),Ultra Luxury,3,1876,3,4,0,Unfurnished,High (13+),9,28.57238,77.16241,667.73
Bengaluru,Yelahanka & North Blr,Mid-Segment,4,2873,4,2,0,Semi-Furnished,Ground-Low (1-4),4,13.09459,77.58398,228.22
Chennai,OMR IT Corridor (Perungudi),Mid-Segment,2,926,2,2,8,Semi-Furnished,High (13+),6,12.95408,80.29007,84.34
Bengaluru,Electronic City,Mid-Segment,2,898,2,1,8,Unfurnished,Ground-Low (1-4),8,12.85695,77.67959,65.71
Mumbai,Navi Mumbai (Vashi/Kharghar),Mid-Segment,3,1942,4,2,2,Unfurnished,Ground-Low (1-4),1,19.11322,73.03396,208.35
Hyderabad,Gachibowli & Financial District,Premium,2,882,2,2,5,Unfurnished,High (13+),3,17.45427,78.36557,102.97
Pune,Baner & Balewadi,Premium,2,959,3,1,0,Unfurnished,Mid (5-12),8,18.55824,73.7948,122.33
Bengaluru,Whitefield (IT Hub),Premium,2,1108,2,2,8,Semi-Furnished,Ground-Low (1-4),3,12.99076,77.73637,109.6
Hyderabad,Kondapur & HITECH City,Premium,5,3708,6,0,2,Fully-Furnished,Ground-Low (1-4),3,17.46296,78.38709,418.2
Delhi NCR,South Delhi (Vasant Vihar),Ultra Luxury,3,1921,4,2,12,Fully-Furnished,Mid (5-12),5,28.5562,77.16813,588.51
Pune,Kharadi & Viman Nagar,Premium,3,1370,3,2,12,Semi-Furnished,Mid (5-12),6,18.55525,73.93568,136.34
Chennai,Velachery,Mid-Segment,2,952,3,2,25,Semi-Furnished,High (13+),1,12.97679,80.22239,57.15
Mumbai,Bandra-Juhu Belt,Ultra Luxury,2,855,2,3,0,Semi-Furnished,Ground-Low (1-4),2,19.14957,72.84284,308.11
Bengaluru,Yelahanka & North Blr,Mid-Segment,4,2179,4,1,12,Semi-Furnished,Ground-Low (1-4),6,13.10321,77.57911,144.7
Delhi NCR,South Delhi (Vasant Vihar),Ultra Luxury,3,1780,3,1,5,Semi-Furnished,Ground-Low (1-4),6,28.56041,77.15299,519.87
Pune,Hadapsar & Undri,Mid-Segment,2,1003,3,4,0,Semi-Furnished,Ground-Low (1-4),9,18.48529,73.94339,72.76
Pune,Hadapsar & Undri,Mid-Segment,3,1463,3,3,2,Semi-Furnished,High (13+),4,18.48563,73.94646,114.68
Hyderabad,Kondapur & HITECH City,Premium,2,897,3,1,0,Semi-Furnished,Mid (5-12),5,17.4617,78.38258,106.45
Mumbai,South Mumbai (Colaba/Worli),Ultra Luxury,1,535,1,2,0,Semi-Furnished,Mid (5-12),6,19.12193,72.83454,231.12
Chennai,Tambaram & Porur,Affordable,3,1586,3,2,0,Semi-Furnished,Ground-Low (1-4),5,12.92328,80.15822,98.33
Bengaluru,Whitefield (IT Hub),Premium,1,550,1,1,2,Unfurnished,Mid (5-12),5,12.98864,77.73568,53.33
Mumbai,Navi Mumbai (Vashi/Kharghar),Mid-Segment,3,1350,3,4,0,Semi-Furnished,High (13+),5,19.09668,73.03412,171.66
Delhi NCR,Noida Sector 150/62,Mid-Segment,2,950,3,3,8,Unfurnished,High (13+),7,28.56668,77.375,80.68
Delhi NCR,Noida Sector 150/62,Mid-Segment,3,1806,4,1,8,Fully-Furnished,Mid (5-12),10,28.56497,77.3813,183.99
Bengaluru,Electronic City,Mid-Segment,3,1702,3,2,0,Fully-Furnished,Ground-Low (1-4),9,12.8498,77.67155,139.51
Chennai,Velachery,Mid-Segment,2,896,3,1,2,Fully-Furnished,High (13+),5,12.98875,80.23543,87.84
Hyderabad,Gachibowli & Financial District,Premium,1,617,1,2,5,Semi-Furnished,High (13+),2,17.43797,78.37202,77.97
Chennai,OMR IT Corridor (Perungudi),Mid-Segment,2,1125,3,2,0,Semi-Furnished,Ground-Low (1-4),2,12.96988,80.27877,102.53
Bengaluru,HSR Layout & Sarjapur,Premium,2,1003,3,3,5,Unfurnished,Mid (5-12),9,12.90946,77.64469,129.63
Delhi NCR,Cyber City & Sector 54,Premium,3,1430,3,2,18,Unfurnished,Ground-Low (1-4),10,28.47248,77.11417,197.56
Chennai,OMR IT Corridor (Perungudi),Mid-Segment,2,1141,2,2,2,Unfurnished,Ground-Low (1-4),6,12.9554,80.27615,94.17
Chennai,OMR IT Corridor (Perungudi),Mid-Segment,2,941,3,1,2,Semi-Furnished,Ground-Low (1-4),10,12.95835,80.28033,84.23
Pune,Koregaon Park & Kalyani Nagar,Ultra Luxury,3,1943,3,1,5,Unfurnished,High (13+),6,18.54506,73.89208,300.4
Hyderabad,Miyapur & Kukatpally,Mid-Segment,4,3167,5,3,2,Fully-Furnished,Mid (5-12),5,17.49477,78.3945,244.22
Mumbai,Thane West,Mid-Segment,2,1166,3,0,0,Semi-Furnished,Ground-Low (1-4),7,19.27182,72.95303,200.94
Hyderabad,Gachibowli & Financial District,Premium,2,1028,3,3,2,Unfurnished,Mid (5-12),4,17.4424,78.36568,128.6
Pune,Wakad & Hinjewadi,Mid-Segment,3,1428,3,3,5,Semi-Furnished,High (13+),4,18.5996,73.75936,119.5
Delhi NCR,Greater Noida West,Affordable,2,1153,2,3,0,Semi-Furnished,Ground-Low (1-4),5,28.53252,77.46196,68.55
Pune,Wakad & Hinjewadi,Mid-Segment,2,1212,2,1,5,Unfurnished,Ground-Low (1-4),10,18.58565,73.7596,97.92
Chennai,OMR IT Corridor (Perungudi),Mid-Segment,1,493,1,3,5,Unfurnished,Mid (5-12),1,12.96722,80.27699,39.05
Pune,Koregaon Park & Kalyani Nagar,Ultra Luxury,3,1583,4,0,5,Fully-Furnished,Mid (5-12),10,18.54486,73.90049,303.67
Mumbai,Bandra-Juhu Belt,Ultra Luxury,3,1431,3,2,0,Semi-Furnished,Ground-Low (1-4),5,19.15217,72.84539,524.59
Pune,Wakad & Hinjewadi,Mid-Segment,4,2490,5,3,0,Unfurnished,Ground-Low (1-4),7,18.58803,73.7615,214.46
Pune,Kharadi & Viman Nagar,Premium,2,906,2,3,2,Semi-Furnished,Mid (5-12),2,18.55465,73.92406,93.74
Chennai,OMR IT Corridor (Perungudi),Mid-Segment,3,1683,3,1,0,Unfurnished,Mid (5-12),3,12.96686,80.28736,161.05
Pune,Baner & Balewadi,Premium,1,542,1,2,5,Fully-Furnished,Mid (5-12),1,18.56173,73.79094,63.08
Mumbai,Navi Mumbai (Vashi/Kharghar),Mid-Segment,2,1154,2,2,12,Fully-Furnished,Ground-Low (1-4),5,19.1134,73.02634,123.02
Pune,Kharadi & Viman Nagar,Premium,2,851,3,1,12,Fully-Furnished,Mid (5-12),1,18.54214,73.92243,78.51
Delhi NCR,Cyber City & Sector 54,Premium,1,639,1,2,12,Unfurnished,Ground-Low (1-4),7,28.4741,77.10388,99.79
Chennai,Tambaram & Porur,Affordable,3,1757,3,4,2,Semi-Furnished,High (13+),4,12.91802,80.14372,104.92
Chennai,Tambaram & Porur,Affordable,2,1184,2,0,8,Fully-Furnished,Mid (5-12),3,12.91748,80.14483,71.74
Mumbai,Powai-Andheri West,Premium,2,1221,3,0,18,Unfurnished,Mid (5-12),9,19.1873,72.8487,234.58
Chennai,Tambaram & Porur,Affordable,2,960,2,1,2,Fully-Furnished,High (13+),7,12.91315,80.15783,68.38
Mumbai,Thane West,Mid-Segment,2,1010,3,3,5,Fully-Furnished,High (13+),10,19.268,72.95475,175.91
Pune,Koregaon Park & Kalyani Nagar,Ultra Luxury,1,612,1,1,5,Fully-Furnished,Mid (5-12),5,18.55038,73.89414,109.17
Pune,Wakad & Hinjewadi,Mid-Segment,2,1206,3,2,8,Semi-Furnished,Mid (5-12),4,18.59942,73.74824,94.89
Chennai,Adyar & Boat Club Area,Ultra Luxury,4,2922,4,3,0,Unfurnished,Ground-Low (1-4),1,12.99431,80.25844,403.44
Mumbai,Thane West,Mid-Segment,2,1175,3,0,8,Unfurnished,Mid (5-12),9,19.26946,72.95341,178.41
Bengaluru,Electronic City,Mid-Segment,2,983,2,1,0,Fully-Furnished,Mid (5-12),3,12.84851,77.66757,75.29
Bengaluru,Yelahanka & North Blr,Mid-Segment,4,3196,4,1,0,Unfurnished,Mid (5-12),2,13.09978,77.57872,246.36
Mumbai,South Mumbai (Colaba/Worli),Ultra Luxury,1,589,1,2,0,Semi-Furnished,Mid (5-12),4,19.12421,72.82155,284.54
Delhi NCR,South Delhi (Vasant Vihar),Ultra Luxury,2,901,2,1,2,Semi-Furnished,Mid (5-12),4,28.55939,77.16658,314.02
Mumbai,Navi Mumbai (Vashi/Kharghar),Mid-Segment,2,978,2,2,2,Fully-Furnished,Ground-Low (1-4),5,19.10667,73.03486,125.7
Pune,Hadapsar & Undri,Mid-Segment,2,1009,2,3,2,Unfurnished,High (13+),4,18.48429,73.92894,69.46
Hyderabad,Kondapur & HITECH City,Premium,2,1022,3,2,8,Fully-Furnished,High (13+),5,17.44585,78.3799,119.33
Chennai,Velachery,Mid-Segment,2,972,2,2,8,Semi-Furnished,High (13+),1,12.98749,80.23389,75.39
Chennai,Velachery,Mid-Segment,2,1188,3,4,0,Semi-Furnished,High (13+),10,12.97826,80.23404,109.59
Hyderabad,Tellapur & Nallagandla,Mid-Segment,3,1666,3,0,0,Unfurnished,High (13+),7,17.47013,78.32538,157.7
Pune,Baner & Balewadi,Premium,2,987,2,2,2,Fully-Furnished,Mid (5-12),4,18.55524,73.78157,121.54
Chennai,Anna Nagar,Premium,3,1627,4,3,5,Unfurnished,Mid (5-12),1,13.09957,80.20592,188.07
Bengaluru,Indiranagar & Koramangala,Ultra Luxury,4,2837,5,1,5,Unfurnished,High (13+),9,12.974,77.63524,554.73
Pune,Kharadi & Viman Nagar,Premium,3,1804,3,3,8,Semi-Furnished,Mid (5-12),8,18.543,73.91833,199.56
Hyderabad,Gachibowli & Financial District,Premium,3,1779,4,1,2,Semi-Furnished,High (13+),1,17.43777,78.3591,216.21
Mumbai,Thane West,Mid-Segment,1,544,1,2,0,Unfurnished,Ground-Low (1-4),6,19.27889,72.95969,82.36
Delhi NCR,Golf Course Rd (Gurugram),Ultra Luxury,2,984,3,2,5,Semi-Furnished,High (13+),8,28.44582,77.09704,292.16
Delhi NCR,Cyber City & Sector 54,Premium,5,4395,5,2,0,Fully-Furnished,Mid (5-12),5,28.48229,77.1173,958.39
Pune,Kharadi & Viman Nagar,Premium,4,3197,5,1,8,Semi-Furnished,Ground-Low (1-4),4,18.54941,73.92317,303.0
Bengaluru,Whitefield (IT Hub),Premium,3,1839,4,1,2,Unfurnished,Mid (5-12),10,12.98569,77.74241,199.08
Bengaluru,Electronic City,Mid-Segment,1,497,1,2,2,Unfurnished,Ground-Low (1-4),8,12.85853,77.67817,36.87
Pune,Hadapsar & Undri,Mid-Segment,2,1215,2,1,0,Semi-Furnished,High (13+),5,18.47946,73.94426,95.98
Mumbai,Navi Mumbai (Vashi/Kharghar),Mid-Segment,3,1406,4,3,2,Fully-Furnished,Mid (5-12),2,19.10536,73.0232,191.95
Hyderabad,Tellapur & Nallagandla,Mid-Segment,3,1590,3,2,2,Unfurnished,Mid (5-12),4,17.45568,78.3304,127.64
Bengaluru,Yelahanka & North Blr,Mid-Segment,2,862,3,3,2,Fully-Furnished,Ground-Low (1-4),6,13.106,77.5763,76.47
Mumbai,South Mumbai (Colaba/Worli),Ultra Luxury,2,1197,2,2,0,Fully-Furnished,High (13+),10,19.13295,72.82191,672.64
Delhi NCR,Golf Course Rd (Gurugram),Ultra Luxury,1,617,1,3,2,Semi-Furnished,Mid (5-12),5,28.44511,77.10398,170.82
Delhi NCR,Cyber City & Sector 54,Premium,2,1233,3,2,5,Fully-Furnished,Mid (5-12),3,28.47895,77.10318,227.25
Bengaluru,Yelahanka & North Blr,Mid-Segment,2,1166,3,2,0,Semi-Furnished,High (13+),9,13.10442,77.58506,108.03
Chennai,Anna Nagar,Premium,3,1655,4,3,2,Unfurnished,Mid (5-12),10,13.08695,80.20487,219.31
Delhi NCR,Golf Course Rd (Gurugram),Ultra Luxury,2,862,2,1,25,Fully-Furnished,Ground-Low (1-4),2,28.44882,77.09853,173.73
Pune,Wakad & Hinjewadi,Mid-Segment,2,1069,2,2,0,Semi-Furnished,Mid (5-12),2,18.58443,73.76285,86.65
Pune,Kharadi & Viman Nagar,Premium,1,538,1,2,2,Unfurnished,Ground-Low (1-4),7,18.54731,73.9235,55.04
Mumbai,Thane West,Mid-Segment,1,520,1,1,25,Semi-Furnished,Ground-Low (1-4),2,19.28118,72.95364,56.32
Hyderabad,Gachibowli & Financial District,Premium,2,894,2,3,8,Fully-Furnished,Ground-Low (1-4),10,17.45078,78.3719,122.49
Chennai,OMR IT Corridor (Perungudi),Mid-Segment,2,1087,2,1,5,Unfurnished,Mid (5-12),3,12.96611,80.27997,86.07
Bengaluru,Electronic City,Mid-Segment,2,942,2,1,2,Semi-Furnished,Mid (5-12),1,12.85335,77.67364,64.1
Bengaluru,Yelahanka & North Blr,Mid-Segment,2,1031,2,0,0,Unfurnished,Ground-Low (1-4),1,13.10007,77.59307,76.25
Chennai,OMR IT Corridor (Perungudi),Mid-Segment,2,979,3,0,2,Unfurnished,Ground-Low (1-4),1,12.96024,80.27073,77.38
Pune,Koregaon Park & Kalyani Nagar,Ultra Luxury,2,891,2,3,0,Fully-Furnished,Mid (5-12),3,18.53824,73.89697,169.99
Mumbai,Thane West,Mid-Segment,3,1661,3,2,0,Semi-Furnished,Mid (5-12),1,19.28539,72.95775,261.04
Hyderabad,Miyapur & Kukatpally,Mid-Segment,3,1935,3,0,12,Semi-Furnished,Ground-Low (1-4),4,17.49937,78.382,113.3
Bengaluru,Whitefield (IT Hub),Premium,2,1194,3,2,5,Semi-Furnished,Ground-Low (1-4),9,12.98093,77.72661,122.06
Delhi NCR,Golf Course Rd (Gurugram),Ultra Luxury,2,984,2,1,12,Semi-Furnished,Ground-Low (1-4),3,28.44613,77.09324,218.38
Hyderabad,Kondapur & HITECH City,Premium,4,2948,5,2,8,Unfurnished,High (13+),9,17.45733,78.37688,309.42
Mumbai,Powai-Andheri West,Premium,3,1815,3,0,8,Unfurnished,Mid (5-12),4,19.19667,72.86417,380.26
Pune,Koregaon Park & Kalyani Nagar,Ultra Luxury,2,1155,2,2,2,Unfurnished,Ground-Low (1-4),2,18.53375,73.90346,175.93
Pune,Kharadi & Viman Nagar,Premium,1,626,1,2,8,Semi-Furnished,Mid (5-12),3,18.54468,73.92506,65.71
Pune,Wakad & Hinjewadi,Mid-Segment,3,1818,4,0,0,Semi-Furnished,Mid (5-12),5,18.60004,73.76074,157.8
Delhi NCR,South Delhi (Vasant Vihar),Ultra Luxury,2,1231,2,3,5,Unfurnished,Mid (5-12),2,28.57168,77.15556,351.84
Pune,Hadapsar & Undri,Mid-Segment,3,1718,4,3,12,Semi-Furnished,Mid (5-12),5,18.47057,73.9461,101.11
Mumbai,Navi Mumbai (Vashi/Kharghar),Mid-Segment,1,567,1,0,2,Semi-Furnished,Mid (5-12),5,19.09698,73.01977,70.95
Bengaluru,Electronic City,Mid-Segment,2,1125,2,1,5,Semi-Furnished,Ground-Low (1-4),9,12.86051,77.68189,86.73
Bengaluru,Indiranagar & Koramangala,Ultra Luxury,2,1165,2,0,18,Fully-Furnished,Ground-Low (1-4),9,12.97814,77.63534,190.87
Pune,Baner & Balewadi,Premium,3,1814,3,2,8,Semi-Furnished,Ground-Low (1-4),4,18.55345,73.79331,189.17
Mumbai,South Mumbai (Colaba/Worli),Ultra Luxury,2,1186,2,3,18,Semi-Furnished,Ground-Low (1-4),9,19.13102,72.81898,413.6
Delhi NCR,Golf Course Rd (Gurugram),Ultra Luxury,3,1358,4,2,5,Semi-Furnished,Mid (5-12),1,28.45472,77.10821,348.99
Mumbai,South Mumbai (Colaba/Worli),Ultra Luxury,3,1427,4,1,5,Unfurnished,Mid (5-12),2,19.12676,72.82836,566.54
Mumbai,Powai-Andheri West,Premium,2,1249,3,1,5,Semi-Furnished,Ground-Low (1-4),4,19.19028,72.86714,288.42
Bengaluru,Indiranagar & Koramangala,Ultra Luxury,1,472,1,2,8,Semi-Furnished,Mid (5-12),5,12.97461,77.63392,84.83
Delhi NCR,Golf Course Rd (Gurugram),Ultra Luxury,2,1072,2,1,5,Fully-Furnished,Ground-Low (1-4),4,28.45027,77.09636,288.19
Pune,Baner & Balewadi,Premium,2,956,3,2,18,Unfurnished,Ground-Low (1-4),10,18.56193,73.79323,87.73
Hyderabad,Gachibowli & Financial District,Premium,2,1166,3,0,12,Unfurnished,Ground-Low (1-4),1,17.44078,78.36014,95.81
Hyderabad,Kondapur & HITECH City,Premium,5,4466,6,2,5,Unfurnished,Ground-Low (1-4),4,17.45408,78.38094,413.43
Hyderabad,Miyapur & Kukatpally,Mid-Segment,3,1756,4,1,0,Semi-Furnished,Ground-Low (1-4),2,17.48531,78.38586,107.99
Delhi NCR,South Delhi (Vasant Vihar),Ultra Luxury,1,495,1,1,5,Semi-Furnished,Ground-Low (1-4),8,28.55538,77.16884,143.27
Pune,Koregaon Park & Kalyani Nagar,Ultra Luxury,2,1156,3,2,2,Unfurnished,Mid (5-12),2,18.54371,73.90583,176.26
Hyderabad,Kondapur & HITECH City,Premium,2,999,2,1,5,Semi-Furnished,Mid (5-12),5,17.44643,78.39415,108.9
Pune,Koregaon Park & Kalyani Nagar,Ultra Luxury,1,618,1,3,2,Fully-Furnished,High (13+),7,18.54347,73.88777,117.01
Chennai,Tambaram & Porur,Affordable,2,927,3,2,2,Unfurnished,Ground-Low (1-4),5,12.92503,80.15322,49.27
Chennai,Anna Nagar,Premium,1,571,1,2,0,Semi-Furnished,Mid (5-12),5,13.09496,80.21132,81.59
Delhi NCR,Greater Noida West,Affordable,3,1878,4,2,2,Semi-Furnished,Mid (5-12),3,28.53161,77.46458,106.85
Bengaluru,Yelahanka & North Blr,Mid-Segment,4,2243,5,4,12,Unfurnished,Ground-Low (1-4),9,13.10304,77.57652,150.76
Delhi NCR,Greater Noida West,Affordable,1,526,1,3,0,Unfurnished,Ground-Low (1-4),8,28.53458,77.46234,31.41
Hyderabad,Kondapur & HITECH City,Premium,3,1582,4,2,5,Unfurnished,Mid (5-12),7,17.45435,78.38821,172.15
Pune,Wakad & Hinjewadi,Mid-Segment,1,527,1,2,12,Fully-Furnished,High (13+),3,18.5811,73.75192,45.79
Mumbai,Thane West,Mid-Segment,4,2814,5,3,5,Fully-Furnished,Mid (5-12),6,19.27081,72.95488,446.88
Mumbai,Navi Mumbai (Vashi/Kharghar),Mid-Segment,3,1792,4,1,5,Unfurnished,Ground-Low (1-4),5,19.10031,73.03214,189.31
Hyderabad,Miyapur & Kukatpally,Mid-Segment,3,1592,4,1,0,Unfurnished,Ground-Low (1-4),5,17.49887,78.39504,102.07
Pune,Koregaon Park & Kalyani Nagar,Ultra Luxury,1,462,1,1,0,Semi-Furnished,Ground-Low (1-4),10,18.53535,73.89473,79.6
Delhi NCR,Greater Noida West,Affordable,3,1617,4,1,12,Unfurnished,Mid (5-12),5,28.5315,77.46627,88.52
Bengaluru,Electronic City,Mid-Segment,3,1440,4,2,0,Semi-Furnished,Mid (5-12),7,12.85935,77.66965,125.91
Mumbai,Thane West,Mid-Segment,3,1720,3,2,2,Semi-Furnished,Mid (5-12),6,19.26837,72.95271,296.93
Hyderabad,Tellapur & Nallagandla,Mid-Segment,2,963,2,2,2,Semi-Furnished,Mid (5-12),2,17.47084,78.33156,82.26
Delhi NCR,Cyber City & Sector 54,Premium,2,981,3,1,5,Semi-Furnished,Ground-Low (1-4),6,28.46507,77.11021,172.31
Mumbai,Navi Mumbai (Vashi/Kharghar),Mid-Segment,4,3097,4,2,8,Unfurnished,Ground-Low (1-4),10,19.10212,73.02206,371.83
Delhi NCR,South Delhi (Vasant Vihar),Ultra Luxury,4,3123,4,1,5,Fully-Furnished,Mid (5-12),8,28.56916,77.15634,1094.81
Chennai,Anna Nagar,Premium,2,887,2,1,2,Unfurnished,Ground-Low (1-4),4,13.09874,80.21524,103.13
Pune,Koregaon Park & Kalyani Nagar,Ultra Luxury,3,1751,3,1,2,Unfurnished,Mid (5-12),5,18.54131,73.89925,296.1
Mumbai,South Mumbai (Colaba/Worli),Ultra Luxury,2,1179,2,2,0,Semi-Furnished,Mid (5-12),2,19.11997,72.83235,523.86
Chennai,Tambaram & Porur,Affordable,1,474,1,1,2,Semi-Furnished,Mid (5-12),3,12.92652,80.15112,26.84
Hyderabad,Jubilee Hills & Banjara Hills,Ultra Luxury,2,1090,2,2,18,Fully-Furnished,Mid (5-12),7,17.4325,78.42158,194.96
Mumbai,South Mumbai (Colaba/Worli),Ultra Luxury,3,1381,4,1,5,Fully-Furnished,Ground-Low (1-4),6,19.11801,72.82563,632.3
Hyderabad,Miyapur & Kukatpally,Mid-Segment,5,3567,6,4,2,Semi-Furnished,Ground-Low (1-4),7,17.48927,78.38253,266.36
Pune,Koregaon Park & Kalyani Nagar,Ultra Luxury,5,3777,6,0,2,Unfurnished,Ground-Low (1-4),3,18.53641,73.89983,525.25
Delhi NCR,South Delhi (Vasant Vihar),Ultra Luxury,4,2604,5,3,5,Semi-Furnished,Ground-Low (1-4),8,28.55947,77.16786,739.09
Hyderabad,Gachibowli & Financial District,Premium,2,1046,2,2,12,Semi-Furnished,Ground-Low (1-4),6,17.44436,78.36105,114.54
Chennai,Tambaram & Porur,Affordable,4,2672,4,1,12,Semi-Furnished,Mid (5-12),5,12.9244,80.154,149.49
Chennai,OMR IT Corridor (Perungudi),Mid-Segment,4,2508,5,4,5,Semi-Furnished,High (13+),1,12.9678,80.28678,200.34
Mumbai,Thane West,Mid-Segment,4,2179,4,1,2,Fully-Furnished,Mid (5-12),1,19.27635,72.95105,349.37
Chennai,Velachery,Mid-Segment,2,1020,2,3,12,Unfurnished,High (13+),7,12.99069,80.23652,74.73
Bengaluru,Electronic City,Mid-Segment,2,1237,3,2,8,Unfurnished,High (13+),3,12.85224,77.68344,84.84
Hyderabad,Miyapur & Kukatpally,Mid-Segment,2,1020,3,1,5,Semi-Furnished,Ground-Low (1-4),4,17.50135,78.38737,64.99
Bengaluru,Whitefield (IT Hub),Premium,3,1780,3,2,0,Semi-Furnished,High (13+),9,12.98507,77.72497,237.18
Chennai,Velachery,Mid-Segment,2,974,2,2,5,Unfurnished,Mid (5-12),6,12.97855,80.22912,76.03
Bengaluru,Indiranagar & Koramangala,Ultra Luxury,4,2476,4,2,25,Unfurnished,Ground-Low (1-4),4,12.97282,77.62934,328.17
Chennai,OMR IT Corridor (Perungudi),Mid-Segment,5,4625,5,2,18,Fully-Furnished,Ground-Low (1-4),6,12.95375,80.27657,358.65
Bengaluru,Whitefield (IT Hub),Premium,2,887,3,3,0,Semi-Furnished,High (13+),9,12.98088,77.72509,104.71
Bengaluru,Whitefield (IT Hub),Premium,3,1416,3,1,18,Semi-Furnished,High (13+),10,12.98435,77.73939,141.98
Hyderabad,Tellapur & Nallagandla,Mid-Segment,4,2802,4,4,2,Unfurnished,Mid (5-12),10,17.46993,78.3279,229.56
Pune,Baner & Balewadi,Premium,2,1023,3,1,0,Unfurnished,Ground-Low (1-4),1,18.55686,73.78191,95.9
Delhi NCR,Greater Noida West,Affordable,2,1103,2,2,5,Fully-Furnished,Ground-Low (1-4),8,28.53242,77.46189,70.66
Mumbai,Bandra-Juhu Belt,Ultra Luxury,2,1113,2,3,2,Fully-Furnished,Mid (5-12),10,19.1537,72.83262,508.12
Hyderabad,Jubilee Hills & Banjara Hills,Ultra Luxury,2,916,2,1,25,Semi-Furnished,Mid (5-12),6,17.43621,78.43499,121.05
Hyderabad,Miyapur & Kukatpally,Mid-Segment,2,1194,3,3,0,Unfurnished,High (13+),2,17.50389,78.38216,85.81
Delhi NCR,South Delhi (Vasant Vihar),Ultra Luxury,2,1130,3,3,2,Unfurnished,Mid (5-12),6,28.56193,77.15285,357.89
Chennai,Velachery,Mid-Segment,2,892,2,1,8,Unfurnished,High (13+),3,12.98918,80.23602,63.1
Mumbai,Navi Mumbai (Vashi/Kharghar),Mid-Segment,3,1582,3,3,18,Unfurnished,Ground-Low (1-4),10,19.09783,73.02643,141.98
Bengaluru,Yelahanka & North Blr,Mid-Segment,2,928,3,4,0,Semi-Furnished,Ground-Low (1-4),2,13.09884,77.57801,72.96
Bengaluru,Electronic City,Mid-Segment,2,1117,3,2,0,Unfurnished,Mid (5-12),4,12.86036,77.66469,83.57
Delhi NCR,Greater Noida West,Affordable,2,1039,3,1,0,Unfurnished,Mid (5-12),10,28.53914,77.45426,72.18
Pune,Wakad & Hinjewadi,Mid-Segment,1,520,1,1,5,Semi-Furnished,Ground-Low (1-4),4,18.59447,73.75268,42.22
Delhi NCR,South Delhi (Vasant Vihar),Ultra Luxury,2,1171,2,1,0,Semi-Furnished,Mid (5-12),7,28.57073,77.15339,359.42
Chennai,Tambaram & Porur,Affordable,3,1682,3,2,0,Unfurnished,Ground-Low (1-4),10,12.93129,80.14742,94.71
Chennai,Adyar & Boat Club Area,Ultra Luxury,4,3150,4,2,2,Semi-Furnished,Ground-Low (1-4),6,13.01203,80.24376,526.45
Delhi NCR,Greater Noida West,Affordable,2,1082,3,2,12,Semi-Furnished,High (13+),4,28.5283,77.462,59.58
Chennai,Tambaram & Porur,Affordable,1,493,1,1,18,Unfurnished,Mid (5-12),4,12.91748,80.14307,23.02
Bengaluru,HSR Layout & Sarjapur,Premium,1,527,1,2,8,Unfurnished,Ground-Low (1-4),6,12.91366,77.64751,62.83
Chennai,Adyar & Boat Club Area,Ultra Luxury,2,1023,3,1,8,Fully-Furnished,High (13+),9,12.99947,80.24867,193.0
Hyderabad,Kondapur & HITECH City,Premium,2,1103,3,2,5,Semi-Furnished,Mid (5-12),2,17.44923,78.38201,115.47
Pune,Baner & Balewadi,Premium,1,487,1,2,0,Unfurnished,Ground-Low (1-4),6,18.55694,73.78015,53.66
Bengaluru,Whitefield (IT Hub),Premium,2,1065,3,1,18,Unfurnished,Ground-Low (1-4),9,12.98402,77.72931,90.9
Chennai,Tambaram & Porur,Affordable,4,3066,5,2,8,Semi-Furnished,High (13+),3,12.93212,80.15524,164.55
Bengaluru,Yelahanka & North Blr,Mid-Segment,3,1739,4,2,12,Semi-Furnished,Mid (5-12),4,13.09514,77.58389,120.96
Chennai,Velachery,Mid-Segment,1,585,1,1,5,Semi-Furnished,Ground-Low (1-4),2,12.98734,80.23437,42.85
Bengaluru,Indiranagar & Koramangala,Ultra Luxury,3,1906,4,2,0,Semi-Furnished,Ground-Low (1-4),2,12.98825,77.63379,325.54
Hyderabad,Kondapur & HITECH City,Premium,2,1195,2,3,18,Semi-Furnished,High (13+),6,17.44589,78.38287,121.65
Pune,Baner & Balewadi,Premium,3,1682,4,1,2,Semi-Furnished,High (13+),5,18.56328,73.77711,203.31
Mumbai,Thane West,Mid-Segment,2,1166,2,1,2,Semi-Furnished,Ground-Low (1-4),2,19.26605,72.96026,178.42
Hyderabad,Gachibowli & Financial District,Premium,2,857,3,3,0,Fully-Furnished,Ground-Low (1-4),6,17.44769,78.37198,119.7
Bengaluru,HSR Layout & Sarjapur,Premium,3,1397,3,2,2,Semi-Furnished,Ground-Low (1-4),5,12.90969,77.65567,171.68
Pune,Hadapsar & Undri,Mid-Segment,3,1680,3,2,0,Unfurnished,High (13+),4,18.48414,73.93589,128.56
Pune,Koregaon Park & Kalyani Nagar,Ultra Luxury,3,1810,4,1,12,Unfurnished,Ground-Low (1-4),5,18.53183,73.90123,229.85
Delhi NCR,Cyber City & Sector 54,Premium,3,1636,3,3,0,Fully-Furnished,Mid (5-12),2,28.47984,77.10593,319.81
Bengaluru,HSR Layout & Sarjapur,Premium,2,981,3,1,18,Unfurnished,Mid (5-12),1,12.9075,77.65998,92.52
Hyderabad,Kondapur & HITECH City,Premium,3,1474,3,2,0,Fully-Furnished,Ground-Low (1-4),10,17.46099,78.38965,166.3
Pune,Wakad & Hinjewadi,Mid-Segment,4,2289,4,0,8,Semi-Furnished,Mid (5-12),1,18.59546,73.75986,167.18
Mumbai,Bandra-Juhu Belt,Ultra Luxury,2,1187,2,1,5,Semi-Furnished,High (13+),9,19.15268,72.83713,442.25
Hyderabad,Miyapur & Kukatpally,Mid-Segment,1,587,1,1,8,Unfurnished,High (13+),6,17.50483,78.38732,38.7
Chennai,OMR IT Corridor (Perungudi),Mid-Segment,2,1025,2,2,8,Semi-Furnished,High (13+),4,12.96022,80.28925,87.71
Bengaluru,Yelahanka & North Blr,Mid-Segment,4,2873,5,2,0,Unfurnished,Ground-Low (1-4),2,13.09825,77.58645,228.02
Bengaluru,Electronic City,Mid-Segment,4,2922,4,1,5,Unfurnished,High (13+),9,12.84675,77.67,223.58
Delhi NCR,South Delhi (Vasant Vihar),Ultra Luxury,1,621,1,2,0,Fully-Furnished,Ground-Low (1-4),3,28.55996,77.15821,189.92
Hyderabad,Jubilee Hills & Banjara Hills,Ultra Luxury,2,1169,3,1,0,Unfurnished,Ground-Low (1-4),3,17.44278,78.42108,180.83
Delhi NCR,Noida Sector 150/62,Mid-Segment,3,1681,3,3,2,Unfurnished,Mid (5-12),1,28.57189,77.37278,146.49
Hyderabad,Kondapur & HITECH City,Premium,1,552,1,2,8,Unfurnished,Mid (5-12),7,17.45358,78.38124,54.54
Pune,Kharadi & Viman Nagar,Premium,2,1137,2,3,5,Semi-Furnished,Mid (5-12),8,18.55384,73.91977,124.47
Chennai,Anna Nagar,Premium,3,1933,4,0,18,Unfurnished,Ground-Low (1-4),7,13.10088,80.21713,192.39
Pune,Koregaon Park & Kalyani Nagar,Ultra Luxury,2,1014,2,2,2,Unfurnished,Mid (5-12),1,18.54023,73.88707,150.5
Hyderabad,Miyapur & Kukatpally,Mid-Segment,3,1487,3,3,2,Semi-Furnished,High (13+),1,17.4872,78.38519,96.5
Pune,Wakad & Hinjewadi,Mid-Segment,1,546,1,3,5,Fully-Furnished,Mid (5-12),10,18.59785,73.75506,50.42
Mumbai,Powai-Andheri West,Premium,1,637,1,2,12,Semi-Furnished,Mid (5-12),10,19.19044,72.86118,146.09
Hyderabad,Kondapur & HITECH City,Premium,2,924,3,2,5,Semi-Furnished,Mid (5-12),5,17.45223,78.38458,102.84
Delhi NCR,Cyber City & Sector 54,Premium,2,922,3,2,5,Fully-Furnished,Mid (5-12),7,28.46535,77.11389,176.65
Hyderabad,Jubilee Hills & Banjara Hills,Ultra Luxury,1,507,1,2,0,Semi-Furnished,Ground-Low (1-4),3,17.44199,78.43357,91.6
Bengaluru,Yelahanka & North Blr,Mid-Segment,3,1457,4,0,5,Semi-Furnished,High (13+),1,13.0924,77.58986,114.7
Chennai,Anna Nagar,Premium,2,1048,3,1,0,Unfurnished,High (13+),5,13.09433,80.21585,139.78
Bengaluru,Indiranagar & Koramangala,Ultra Luxury,2,1224,2,1,8,Unfurnished,Ground-Low (1-4),6,12.97794,77.62887,209.64
Pune,Baner & Balewadi,Premium,4,2212,4,2,0,Unfurnished,High (13+),5,18.55464,73.7835,257.53
Hyderabad,Kondapur & HITECH City,Premium,2,932,3,1,18,Fully-Furnished,Ground-Low (1-4),2,17.45814,78.3924,86.23
Hyderabad,Miyapur & Kukatpally,Mid-Segment,3,1406,4,1,2,Fully-Furnished,Ground-Low (1-4),2,17.50027,78.38306,107.08
Bengaluru,HSR Layout & Sarjapur,Premium,2,1178,3,2,12,Semi-Furnished,High (13+),2,12.92115,77.66041,143.41
Chennai,Tambaram & Porur,Affordable,2,860,3,1,5,Fully-Furnished,Mid (5-12),1,12.92851,80.15464,54.18
Delhi NCR,South Delhi (Vasant Vihar),Ultra Luxury,2,968,3,1,0,Semi-Furnished,Ground-Low (1-4),1,28.56903,77.15004,263.19
Pune,Koregaon Park & Kalyani Nagar,Ultra Luxury,3,1807,4,2,0,Unfurnished,Mid (5-12),2,18.53294,73.89462,300.69
Hyderabad,Kondapur & HITECH City,Premium,2,959,3,0,2,Unfurnished,Mid (5-12),6,17.46135,78.37915,103.32
Delhi NCR,Greater Noida West,Affordable,4,3026,5,1,25,Semi-Furnished,Mid (5-12),8,28.52765,77.46683,136.96
Pune,Koregaon Park & Kalyani Nagar,Ultra Luxury,2,1073,3,1,5,Fully-Furnished,High (13+),3,18.53482,73.88726,191.05
Pune,Kharadi & Viman Nagar,Premium,5,3867,5,2,0,Semi-Furnished,Mid (5-12),3,18.54233,73.92241,414.93
Mumbai,Thane West,Mid-Segment,1,625,1,2,12,Semi-Furnished,High (13+),10,19.2837,72.96218,96.17
Hyderabad,Miyapur & Kukatpally,Mid-Segment,3,1504,4,0,2,Semi-Furnished,Mid (5-12),6,17.48633,78.38702,106.3
Bengaluru,Whitefield (IT Hub),Premium,3,1920,4,1,5,Semi-Furnished,Mid (5-12),10,12.98998,77.738,227.61
Chennai,Adyar & Boat Club Area,Ultra Luxury,2,1123,3,1,8,Semi-Furnished,High (13+),1,12.99816,80.24842,177.36
Mumbai,Thane West,Mid-Segment,1,554,1,3,5,Semi-Furnished,High (13+),3,19.28312,72.95232,82.84
Chennai,OMR IT Corridor (Perungudi),Mid-Segment,1,566,1,1,5,Semi-Furnished,Ground-Low (1-4),5,12.95616,80.27166,47.06
Mumbai,Bandra-Juhu Belt,Ultra Luxury,3,1599,3,0,0,Fully-Furnished,Mid (5-12),10,19.15901,72.83191,724.81
Bengaluru,Indiranagar & Koramangala,Ultra Luxury,3,1460,3,2,2,Fully-Furnished,Mid (5-12),5,12.97582,77.62937,292.34
Chennai,Tambaram & Porur,Affordable,1,535,1,1,12,Semi-Furnished,Ground-Low (1-4),1,12.92844,80.15996,25.28
Mumbai,South Mumbai (Colaba/Worli),Ultra Luxury,3,1551,3,1,2,Semi-Furnished,High (13+),8,19.12046,72.83077,693.61
Chennai,OMR IT Corridor (Perungudi),Mid-Segment,3,1366,3,2,8,Fully-Furnished,Mid (5-12),10,12.9606,80.28287,145.36
Hyderabad,Kondapur & HITECH City,Premium,3,1409,3,3,2,Unfurnished,High (13+),9,17.44765,78.38989,174.16
Hyderabad,Kondapur & HITECH City,Premium,1,490,1,1,12,Semi-Furnished,High (13+),10,17.44923,78.38244,55.92
Chennai,Anna Nagar,Premium,1,580,1,1,0,Unfurnished,High (13+),9,13.09658,80.20744,83.01
Mumbai,Powai-Andheri West,Premium,1,643,1,2,5,Unfurnished,Mid (5-12),6,19.19771,72.85466,145.45
Chennai,Adyar & Boat Club Area,Ultra Luxury,2,1092,3,2,12,Fully-Furnished,Ground-Low (1-4),1,13.00088,80.25118,156.05
Hyderabad,Jubilee Hills & Banjara Hills,Ultra Luxury,1,480,1,3,12,Unfurnished,High (13+),6,17.42883,78.43493,81.9
Chennai,Adyar & Boat Club Area,Ultra Luxury,2,1119,2,1,0,Semi-Furnished,Mid (5-12),9,13.00811,80.26002,212.34
Hyderabad,Kondapur & HITECH City,Premium,2,1152,2,1,0,Semi-Furnished,Ground-Low (1-4),8,17.45051,78.39399,133.74
Hyderabad,Gachibowli & Financial District,Premium,3,1548,3,1,2,Semi-Furnished,Ground-Low (1-4),8,17.44948,78.3682,184.84
Hyderabad,Jubilee Hills & Banjara Hills,Ultra Luxury,2,866,3,1,2,Fully-Furnished,Mid (5-12),3,17.43551,78.43074,174.61
Mumbai,South Mumbai (Colaba/Worli),Ultra Luxury,4,2869,5,3,0,Unfurnished,Mid (5-12),7,19.13234,72.81991,1154.13
Pune,Kharadi & Viman Nagar,Premium,3,1462,4,3,0,Semi-Furnished,Ground-Low (1-4),6,18.54103,73.92995,158.47
Delhi NCR,Greater Noida West,Affordable,2,903,3,2,8,Unfurnished,Mid (5-12),4,28.52961,77.45397,48.92
Bengaluru,HSR Layout & Sarjapur,Premium,1,523,1,0,8,Semi-Furnished,Ground-Low (1-4),2,12.91282,77.64909,64.19
Mumbai,Powai-Andheri West,Premium,2,1086,2,1,0,Unfurnished,Mid (5-12),9,19.20139,72.8541,263.52
Mumbai,Powai-Andheri West,Premium,3,1750,3,0,0,Unfurnished,Mid (5-12),1,19.20395,72.85435,382.71
Mumbai,Powai-Andheri West,Premium,1,519,1,1,8,Unfurnished,Mid (5-12),3,19.20258,72.8485,107.43
Pune,Wakad & Hinjewadi,Mid-Segment,2,1200,3,2,8,Semi-Furnished,Ground-Low (1-4),4,18.58632,73.75925,85.03
Delhi NCR,Golf Course Rd (Gurugram),Ultra Luxury,2,1034,3,0,0,Unfurnished,Mid (5-12),8,28.45923,77.10524,303.44
Bengaluru,Electronic City,Mid-Segment,2,956,2,3,0,Unfurnished,High (13+),6,12.85923,77.68249,73.53
Delhi NCR,Cyber City & Sector 54,Premium,2,949,2,2,2,Fully-Furnished,High (13+),7,28.46408,77.09903,209.78
Chennai,OMR IT Corridor (Perungudi),Mid-Segment,3,1706,3,3,18,Fully-Furnished,High (13+),10,12.96945,80.28836,170.35
Pune,Wakad & Hinjewadi,Mid-Segment,3,1610,3,0,2,Semi-Furnished,Ground-Low (1-4),10,18.59694,73.76304,141.28
Pune,Wakad & Hinjewadi,Mid-Segment,3,1516,4,0,2,Fully-Furnished,Mid (5-12),4,18.59478,73.75121,145.6
Delhi NCR,Cyber City & Sector 54,Premium,3,1565,3,1,5,Semi-Furnished,Ground-Low (1-4),7,28.47402,77.10977,281.37
Delhi NCR,South Delhi (Vasant Vihar),Ultra Luxury,2,1207,2,0,0,Semi-Furnished,Mid (5-12),1,28.57346,77.16308,399.08
Delhi NCR,South Delhi (Vasant Vihar),Ultra Luxury,2,879,3,3,0,Semi-Furnished,Mid (5-12),3,28.55753,77.15852,274.17
Hyderabad,Kondapur & HITECH City,Premium,2,931,2,2,12,Semi-Furnished,Mid (5-12),8,17.44539,78.39051,97.58
Delhi NCR,Noida Sector 150/62,Mid-Segment,3,1372,3,1,0,Semi-Furnished,Mid (5-12),3,28.57576,77.37978,126.65
Bengaluru,Yelahanka & North Blr,Mid-Segment,3,1614,3,1,18,Semi-Furnished,High (13+),6,13.10145,77.59257,119.89
Pune,Kharadi & Viman Nagar,Premium,4,3185,5,2,8,Semi-Furnished,High (13+),2,18.54744,73.91859,288.13
Mumbai,Powai-Andheri West,Premium,5,3793,5,0,0,Fully-Furnished,Mid (5-12),4,19.20489,72.85116,984.63
Delhi NCR,Cyber City & Sector 54,Premium,3,1592,4,3,8,Semi-Furnished,Mid (5-12),10,28.47736,77.10509,287.63
Mumbai,South Mumbai (Colaba/Worli),Ultra Luxury,3,1680,3,1,12,Fully-Furnished,High (13+),1,19.12176,72.83241,700.34
Delhi NCR,Noida Sector 150/62,Mid-Segment,3,1402,3,2,0,Unfurnished,Mid (5-12),4,28.56516,77.38478,126.24
Bengaluru,Whitefield (IT Hub),Premium,1,458,1,0,8,Semi-Furnished,Mid (5-12),9,12.98381,77.7291,47.95
Hyderabad,Kondapur & HITECH City,Premium,2,883,2,4,0,Fully-Furnished,Mid (5-12),10,17.46039,78.39084,116.56
Delhi NCR,Noida Sector 150/62,Mid-Segment,2,1046,3,3,0,Fully-Furnished,High (13+),2,28.56732,77.37766,105.32
Delhi NCR,South Delhi (Vasant Vihar),Ultra Luxury,2,1171,2,2,0,Fully-Furnished,Ground-Low (1-4),5,28.56667,77.15242,402.04
Pune,Hadapsar & Undri,Mid-Segment,2,1090,3,2,8,Fully-Furnished,Mid (5-12),7,18.48745,73.94656,75.38
Hyderabad,Miyapur & Kukatpally,Mid-Segment,2,1212,2,0,8,Semi-Furnished,Ground-Low (1-4),6,17.48655,78.39281,84.75
Hyderabad,Tellapur & Nallagandla,Mid-Segment,2,882,3,1,0,Semi-Furnished,High (13+),9,17.4558,78.3334,87.41
Chennai,Tambaram & Porur,Affordable,2,1198,3,1,0,Semi-Furnished,Ground-Low (1-4),9,12.91962,80.14972,73.77
Bengaluru,Yelahanka & North Blr,Mid-Segment,1,554,1,2,18,Fully-Furnished,Ground-Low (1-4),1,13.10421,77.59328,38.95
Delhi NCR,Golf Course Rd (Gurugram),Ultra Luxury,1,525,1,1,5,Semi-Furnished,High (13+),4,28.45328,77.09754,138.01
Pune,Hadapsar & Undri,Mid-Segment,3,1629,3,2,5,Fully-Furnished,Ground-Low (1-4),1,18.48316,73.93846,101.72
Mumbai,Navi Mumbai (Vashi/Kharghar),Mid-Segment,3,1550,3,1,5,Unfurnished,Ground-Low (1-4),6,19.10959,73.03279,177.49
Delhi NCR,Noida Sector 150/62,Mid-Segment,4,3165,4,3,2,Semi-Furnished,Mid (5-12),7,28.57709,77.36983,276.58
Hyderabad,Gachibowli & Financial District,Premium,3,1710,4,2,0,Fully-Furnished,High (13+),8,17.45031,78.37438,232.3
Hyderabad,Tellapur & Nallagandla,Mid-Segment,2,907,2,2,0,Unfurnished,Mid (5-12),7,17.46338,78.33229,73.32
Mumbai,Powai-Andheri West,Premium,5,3571,5,1,12,Semi-Furnished,High (13+),7,19.2027,72.86642,787.74
Hyderabad,Jubilee Hills & Banjara Hills,Ultra Luxury,2,1246,2,1,12,Unfurnished,Ground-Low (1-4),7,17.43762,78.42698,215.29
Bengaluru,Whitefield (IT Hub),Premium,3,1768,4,1,0,Fully-Furnished,Ground-Low (1-4),3,12.98937,77.73389,187.74
Mumbai,South Mumbai (Colaba/Worli),Ultra Luxury,2,1112,2,1,0,Semi-Furnished,Mid (5-12),5,19.12805,72.82139,464.42
Bengaluru,Whitefield (IT Hub),Premium,2,1150,2,2,8,Semi-Furnished,Mid (5-12),8,12.98441,77.73288,121.56
Hyderabad,Jubilee Hills & Banjara Hills,Ultra Luxury,2,1128,3,2,0,Unfurnished,Mid (5-12),8,17.43386,78.42275,229.44
Delhi NCR,Noida Sector 150/62,Mid-Segment,2,1046,3,2,0,Semi-Furnished,Mid (5-12),2,28.56607,77.38483,102.6
Bengaluru,HSR Layout & Sarjapur,Premium,1,487,1,2,0,Semi-Furnished,Ground-Low (1-4),10,12.91593,77.6468,68.26
Chennai,OMR IT Corridor (Perungudi),Mid-Segment,1,585,1,1,12,Unfurnished,High (13+),3,12.95809,80.27638,45.57
Bengaluru,HSR Layout & Sarjapur,Premium,3,1700,3,2,18,Semi-Furnished,Mid (5-12),1,12.90958,77.66075,181.69
Chennai,OMR IT Corridor (Perungudi),Mid-Segment,1,560,1,2,25,Semi-Furnished,Ground-Low (1-4),2,12.97235,80.27761,33.56
Bengaluru,Indiranagar & Koramangala,Ultra Luxury,4,3037,5,1,0,Semi-Furnished,Mid (5-12),2,12.97411,77.62781,606.13
Bengaluru,Indiranagar & Koramangala,Ultra Luxury,2,857,3,2,0,Unfurnished,Mid (5-12),9,12.98015,77.62687,177.58
Hyderabad,Kondapur & HITECH City,Premium,1,648,1,2,5,Fully-Furnished,Ground-Low (1-4),4,17.46044,78.38703,73.55
Bengaluru,Indiranagar & Koramangala,Ultra Luxury,2,959,2,3,0,Semi-Furnished,High (13+),7,12.98585,77.63429,232.0
Pune,Hadapsar & Undri,Mid-Segment,3,1633,3,2,25,Fully-Furnished,Mid (5-12),1,18.47999,73.94388,89.61
Bengaluru,Whitefield (IT Hub),Premium,4,3067,5,1,2,Fully-Furnished,High (13+),1,12.98419,77.73808,320.57
Delhi NCR,Noida Sector 150/62,Mid-Segment,2,1239,3,2,8,Fully-Furnished,High (13+),1,28.57949,77.38034,111.84
Hyderabad,Jubilee Hills & Banjara Hills,Ultra Luxury,2,1181,2,1,8,Unfurnished,Ground-Low (1-4),7,17.43387,78.42563,193.51
Bengaluru,Whitefield (IT Hub),Premium,2,1049,2,0,2,Unfurnished,Ground-Low (1-4),4,12.98124,77.7343,95.59
Chennai,Adyar & Boat Club Area,Ultra Luxury,3,1621,4,2,2,Semi-Furnished,Mid (5-12),10,13.01043,80.25401,307.5
Pune,Hadapsar & Undri,Mid-Segment,3,1821,3,1,0,Semi-Furnished,Ground-Low (1-4),9,18.485,73.94169,146.88
Mumbai,Powai-Andheri West,Premium,3,1652,4,2,12,Unfurnished,Ground-Low (1-4),5,19.18686,72.86122,336.88
Chennai,OMR IT Corridor (Perungudi),Mid-Segment,3,1363,3,2,2,Semi-Furnished,Mid (5-12),3,12.96915,80.27896,124.95
Bengaluru,Electronic City,Mid-Segment,1,613,1,1,0,Fully-Furnished,Mid (5-12),10,12.86053,77.68301,52.23
Mumbai,Navi Mumbai (Vashi/Kharghar),Mid-Segment,1,546,1,0,0,Semi-Furnished,Ground-Low (1-4),8,19.10446,73.02044,70.9
Hyderabad,Tellapur & Nallagandla,Mid-Segment,2,1110,3,3,5,Semi-Furnished,Ground-Low (1-4),4,17.46152,78.33234,89.82
Mumbai,Navi Mumbai (Vashi/Kharghar),Mid-Segment,3,1544,3,2,8,Fully-Furnished,High (13+),8,19.10098,73.02914,211.4
Hyderabad,Gachibowli & Financial District,Premium,2,901,3,2,5,Fully-Furnished,Ground-Low (1-4),6,17.44234,78.37192,116.95
Delhi NCR,Golf Course Rd (Gurugram),Ultra Luxury,4,2897,5,4,0,Semi-Furnished,Mid (5-12),4,28.44467,77.09768,831.44
Hyderabad,Miyapur & Kukatpally,Mid-Segment,4,2465,4,3,5,Semi-Furnished,Mid (5-12),8,17.49715,78.37987,180.06
Chennai,OMR IT Corridor (Perungudi),Mid-Segment,2,1014,2,1,12,Semi-Furnished,Mid (5-12),10,12.97045,80.28346,85.22
Pune,Hadapsar & Undri,Mid-Segment,2,908,3,1,2,Fully-Furnished,Ground-Low (1-4),1,18.47672,73.94447,62.58
Mumbai,South Mumbai (Colaba/Worli),Ultra Luxury,4,2737,4,1,5,Fully-Furnished,Mid (5-12),10,19.11702,72.83136,1354.71
Pune,Hadapsar & Undri,Mid-Segment,2,1218,3,1,0,Unfurnished,Mid (5-12),9,18.47104,73.94091,88.49
Mumbai,Powai-Andheri West,Premium,3,1893,4,1,12,Unfurnished,Mid (5-12),6,19.19686,72.85398,384.24
Bengaluru,Electronic City,Mid-Segment,2,996,2,2,8,Semi-Furnished,Mid (5-12),1,12.85104,77.68198,63.99
Delhi NCR,Cyber City & Sector 54,Premium,2,858,2,0,0,Semi-Furnished,Ground-Low (1-4),2,28.47281,77.1061,154.0
Chennai,Velachery,Mid-Segment,3,1400,4,2,0,Unfurnished,Mid (5-12),7,12.97304,80.22373,113.77
Hyderabad,Miyapur & Kukatpally,Mid-Segment,2,1170,3,0,5,Unfurnished,High (13+),4,17.49506,78.37825,71.6
Pune,Baner & Balewadi,Premium,2,867,3,3,0,Fully-Furnished,Mid (5-12),8,18.5553,73.7787,112.07
Pune,Kharadi & Viman Nagar,Premium,3,1555,4,1,0,Semi-Furnished,Mid (5-12),8,18.55023,73.92277,174.17
Hyderabad,Kondapur & HITECH City,Premium,5,3900,5,2,12,Fully-Furnished,Ground-Low (1-4),7,17.46031,78.39158,389.38
Delhi NCR,Noida Sector 150/62,Mid-Segment,1,493,1,2,12,Unfurnished,Ground-Low (1-4),5,28.57528,77.36971,37.68
Pune,Baner & Balewadi,Premium,3,1464,3,2,18,Unfurnished,Mid (5-12),7,18.56973,73.78394,140.98
Hyderabad,Miyapur & Kukatpally,Mid-Segment,2,976,3,3,8,Fully-Furnished,Mid (5-12),9,17.48663,78.39047,72.41
Mumbai,Navi Mumbai (Vashi/Kharghar),Mid-Segment,1,461,1,1,8,Fully-Furnished,High (13+),10,19.1046,73.02584,65.28
Hyderabad,Miyapur & Kukatpally,Mid-Segment,2,1026,3,2,2,Unfurnished,Mid (5-12),3,17.48595,78.38062,72.02
Bengaluru,Indiranagar & Koramangala,Ultra Luxury,3,1451,4,2,12,Fully-Furnished,High (13+),10,12.98207,77.62618,275.25
Mumbai,Navi Mumbai (Vashi/Kharghar),Mid-Segment,2,1058,3,0,8,Semi-Furnished,Mid (5-12),7,19.11038,73.01862,121.81
Hyderabad,Tellapur & Nallagandla,Mid-Segment,2,947,2,2,12,Semi-Furnished,Ground-Low (1-4),7,17.46544,78.32538,78.8
Hyderabad,Kondapur & HITECH City,Premium,2,1096,2,2,0,Unfurnished,High (13+),4,17.46216,78.37786,128.25
Hyderabad,Gachibowli & Financial District,Premium,1,498,1,3,5,Semi-Furnished,High (13+),10,17.4516,78.37455,65.81
Delhi NCR,Cyber City & Sector 54,Premium,3,1900,3,4,25,Fully-Furnished,High (13+),6,28.47267,77.09935,273.6
Hyderabad,Kondapur & HITECH City,Premium,2,1039,2,2,2,Unfurnished,High (13+),1,17.45153,78.38835,104.44
Hyderabad,Jubilee Hills & Banjara Hills,Ultra Luxury,3,1930,4,2,0,Fully-Furnished,Mid (5-12),5,17.44165,78.42818,385.79
Bengaluru,Indiranagar & Koramangala,Ultra Luxury,2,923,3,2,8,Semi-Furnished,Ground-Low (1-4),6,12.9791,77.63432,169.45
Pune,Baner & Balewadi,Premium,3,1563,4,1,5,Semi-Furnished,Ground-Low (1-4),1,18.56113,73.79154,155.48
Mumbai,Navi Mumbai (Vashi/Kharghar),Mid-Segment,4,2887,4,1,5,Semi-Furnished,High (13+),10,19.11401,73.02207,418.11
Hyderabad,Kondapur & HITECH City,Premium,5,4018,5,4,12,Unfurnished,Mid (5-12),2,17.45369,78.3834,349.14
Hyderabad,Jubilee Hills & Banjara Hills,Ultra Luxury,3,1447,3,1,2,Semi-Furnished,Ground-Low (1-4),8,17.43838,78.42409,262.74
Pune,Kharadi & Viman Nagar,Premium,2,1071,2,2,2,Unfurnished,Ground-Low (1-4),9,18.55915,73.92843,95.2
Mumbai,Bandra-Juhu Belt,Ultra Luxury,3,1369,3,2,2,Unfurnished,Ground-Low (1-4),3,19.1539,72.83898,464.46
Delhi NCR,Cyber City & Sector 54,Premium,3,1357,4,2,0,Semi-Furnished,High (13+),6,28.47585,77.11754,271.79
Bengaluru,Indiranagar & Koramangala,Ultra Luxury,2,1204,3,2,5,Fully-Furnished,High (13+),1,12.97168,77.63263,233.76
Hyderabad,Kondapur & HITECH City,Premium,3,1757,3,3,5,Semi-Furnished,Mid (5-12),2,17.4616,78.38071,194.0
Mumbai,South Mumbai (Colaba/Worli),Ultra Luxury,2,855,3,2,18,Fully-Furnished,Mid (5-12),6,19.11899,72.83422,344.74
Hyderabad,Gachibowli & Financial District,Premium,2,964,2,1,12,Semi-Furnished,Mid (5-12),7,17.43734,78.36668,108.13
Chennai,Anna Nagar,Premium,3,1489,4,2,2,Unfurnished,Ground-Low (1-4),7,13.08477,80.20765,181.21
Pune,Koregaon Park & Kalyani Nagar,Ultra Luxury,1,519,1,2,0,Semi-Furnished,High (13+),2,18.53367,73.88823,89.75
Pune,Wakad & Hinjewadi,Mid-Segment,4,2606,4,4,5,Semi-Furnished,Mid (5-12),1,18.59954,73.76467,209.74
Chennai,Velachery,Mid-Segment,3,1698,4,2,5,Unfurnished,Mid (5-12),3,12.98146,80.22788,111.51
Bengaluru,Indiranagar & Koramangala,Ultra Luxury,3,1449,3,2,12,Unfurnished,Mid (5-12),4,12.97914,77.64278,236.94
Mumbai,Navi Mumbai (Vashi/Kharghar),Mid-Segment,3,1888,4,2,18,Semi-Furnished,Mid (5-12),10,19.10827,73.01909,214.24
Chennai,Adyar & Boat Club Area,Ultra Luxury,1,597,1,1,8,Semi-Furnished,Ground-Low (1-4),2,13.00715,80.257,94.93
Mumbai,Thane West,Mid-Segment,1,518,1,2,8,Semi-Furnished,Mid (5-12),7,19.2752,72.95158,79.93
Hyderabad,Miyapur & Kukatpally,Mid-Segment,1,621,1,1,0,Semi-Furnished,High (13+),1,17.49258,78.38627,45.44
Mumbai,South Mumbai (Colaba/Worli),Ultra Luxury,2,1105,3,2,0,Unfurnished,Ground-Low (1-4),4,19.1218,72.83753,458.24
Mumbai,Thane West,Mid-Segment,3,1386,4,2,0,Semi-Furnished,Mid (5-12),3,19.27016,72.95073,200.2
Hyderabad,Gachibowli & Financial District,Premium,2,969,3,2,8,Semi-Furnished,High (13+),6,17.43987,78.35715,117.89
Bengaluru,Yelahanka & North Blr,Mid-Segment,3,1913,4,1,12,Fully-Furnished,High (13+),7,13.0977,77.5845,157.15
Chennai,Adyar & Boat Club Area,Ultra Luxury,2,943,3,1,18,Semi-Furnished,Mid (5-12),7,13.00411,80.25827,139.06
Delhi NCR,Greater Noida West,Affordable,2,1080,3,2,0,Semi-Furnished,Ground-Low (1-4),9,28.53492,77.45121,65.59
Pune,Koregaon Park & Kalyani Nagar,Ultra Luxury,2,1008,2,0,5,Unfurnished,Ground-Low (1-4),9,18.53269,73.89252,152.42
Pune,Koregaon Park & Kalyani Nagar,Ultra Luxury,3,1798,4,2,12,Unfurnished,Ground-Low (1-4),2,18.54412,73.90032,237.21
Pune,Hadapsar & Undri,Mid-Segment,3,1744,4,1,12,Unfurnished,Mid (5-12),5,18.47964,73.93527,100.1
Mumbai,Bandra-Juhu Belt,Ultra Luxury,2,1220,2,2,5,Unfurnished,Mid (5-12),3,19.16555,72.84126,374.97
Chennai,Velachery,Mid-Segment,2,1103,2,3,8,Semi-Furnished,Mid (5-12),9,12.97679,80.22901,78.91
Mumbai,Powai-Andheri West,Premium,3,1842,3,1,2,Unfurnished,Mid (5-12),7,19.19104,72.85561,451.24
Pune,Wakad & Hinjewadi,Mid-Segment,2,1000,2,1,5,Semi-Furnished,Mid (5-12),4,18.59675,73.75758,77.59
Bengaluru,Indiranagar & Koramangala,Ultra Luxury,3,1383,3,1,2,Semi-Furnished,Mid (5-12),5,12.98333,77.6429,256.24
Hyderabad,Kondapur & HITECH City,Premium,3,1447,4,2,8,Fully-Furnished,Ground-Low (1-4),9,17.45729,78.38769,173.64
Mumbai,Powai-Andheri West,Premium,2,1111,3,1,5,Fully-Furnished,Mid (5-12),7,19.19995,72.84916,287.33
Bengaluru,HSR Layout & Sarjapur,Premium,2,1017,2,1,5,Fully-Furnished,Ground-Low (1-4),5,12.91746,77.65652,132.63
Pune,Hadapsar & Undri,Mid-Segment,3,1452,4,2,2,Unfurnished,Mid (5-12),9,18.47582,73.94181,109.65
Delhi NCR,Noida Sector 150/62,Mid-Segment,3,1820,4,1,5,Semi-Furnished,Mid (5-12),2,28.57891,77.38798,160.25
Chennai,Anna Nagar,Premium,2,1131,2,2,8,Semi-Furnished,Ground-Low (1-4),10,13.09103,80.21306,142.73
Delhi NCR,Cyber City & Sector 54,Premium,4,3020,4,2,5,Fully-Furnished,Mid (5-12),1,28.46975,77.11004,528.03
Pune,Kharadi & Viman Nagar,Premium,3,1796,4,1,2,Unfurnished,Ground-Low (1-4),8,18.54506,73.92795,173.89
Chennai,Tambaram & Porur,Affordable,1,586,1,2,2,Semi-Furnished,Ground-Low (1-4),8,12.91952,80.14582,34.8
Bengaluru,Indiranagar & Koramangala,Ultra Luxury,2,1174,3,1,5,Fully-Furnished,Mid (5-12),1,12.97713,77.63597,218.94
Chennai,OMR IT Corridor (Perungudi),Mid-Segment,2,894,3,4,0,Unfurnished,Mid (5-12),5,12.95377,80.28287,73.83
Pune,Wakad & Hinjewadi,Mid-Segment,2,1121,3,1,18,Unfurnished,Ground-Low (1-4),9,18.59189,73.74837,74.96
Delhi NCR,Noida Sector 150/62,Mid-Segment,2,1074,2,1,0,Fully-Furnished,Mid (5-12),5,28.56645,77.38505,114.42
Delhi NCR,Golf Course Rd (Gurugram),Ultra Luxury,2,1226,2,0,0,Semi-Furnished,Mid (5-12),7,28.45378,77.0972,403.61
Mumbai,Thane West,Mid-Segment,1,473,1,2,0,Semi-Furnished,Ground-Low (1-4),10,19.27478,72.96364,83.15
Mumbai,Thane West,Mid-Segment,2,1239,3,3,12,Unfurnished,Ground-Low (1-4),6,19.26936,72.94789,163.0
Mumbai,Navi Mumbai (Vashi/Kharghar),Mid-Segment,2,863,2,1,2,Unfurnished,Ground-Low (1-4),2,19.10299,73.02794,95.01
Hyderabad,Miyapur & Kukatpally,Mid-Segment,1,550,1,2,8,Semi-Furnished,Mid (5-12),8,17.50464,78.3841,35.59
Bengaluru,Electronic City,Mid-Segment,2,902,2,2,0,Unfurnished,High (13+),7,12.85671,77.68039,69.47
Mumbai,Thane West,Mid-Segment,2,955,2,1,5,Semi-Furnished,Ground-Low (1-4),3,19.26629,72.96529,131.32
Mumbai,Bandra-Juhu Belt,Ultra Luxury,1,647,1,0,2,Fully-Furnished,Ground-Low (1-4),9,19.15113,72.84717,241.91
Hyderabad,Tellapur & Nallagandla,Mid-Segment,2,1131,3,2,2,Semi-Furnished,Ground-Low (1-4),2,17.46858,78.32653,83.33
Chennai,Tambaram & Porur,Affordable,4,2227,4,1,0,Fully-Furnished,Ground-Low (1-4),8,12.92239,80.15146,149.89
Pune,Koregaon Park & Kalyani Nagar,Ultra Luxury,2,1166,3,1,0,Semi-Furnished,Mid (5-12),1,18.54478,73.90438,166.67
Pune,Baner & Balewadi,Premium,4,2662,4,3,2,Unfurnished,Ground-Low (1-4),6,18.55358,73.78985,285.26
Hyderabad,Jubilee Hills & Banjara Hills,Ultra Luxury,4,2919,5,1,25,Unfurnished,Mid (5-12),3,17.44145,78.43564,365.87
Bengaluru,Whitefield (IT Hub),Premium,2,1206,2,3,0,Unfurnished,Mid (5-12),5,12.99109,77.72904,122.98
Bengaluru,Whitefield (IT Hub),Premium,2,1001,2,2,8,Unfurnished,Mid (5-12),1,12.98744,77.74447,92.07
Chennai,Anna Nagar,Premium,3,1416,4,0,8,Semi-Furnished,Mid (5-12),3,13.08781,80.20565,169.81
Bengaluru,Electronic City,Mid-Segment,3,1678,4,4,2,Unfurnished,Ground-Low (1-4),3,12.85439,77.68304,109.24
Delhi NCR,Cyber City & Sector 54,Premium,2,1155,3,2,2,Fully-Furnished,Ground-Low (1-4),1,28.47914,77.10608,211.62
Mumbai,Powai-Andheri West,Premium,2,859,2,1,12,Fully-Furnished,Mid (5-12),9,19.19007,72.84956,202.73
Chennai,OMR IT Corridor (Perungudi),Mid-Segment,2,1078,3,2,12,Semi-Furnished,Mid (5-12),8,12.95423,80.28627,89.82
Bengaluru,Electronic City,Mid-Segment,2,949,3,3,25,Unfurnished,Ground-Low (1-4),2,12.86052,77.67023,46.54
Chennai,OMR IT Corridor (Perungudi),Mid-Segment,2,1130,2,2,2,Semi-Furnished,High (13+),8,12.9641,80.27407,116.26
Hyderabad,Gachibowli & Financial District,Premium,1,481,1,2,0,Semi-Furnished,Mid (5-12),4,17.43968,78.3733,56.82
Mumbai,Powai-Andheri West,Premium,2,1052,3,2,5,Semi-Furnished,Ground-Low (1-4),7,19.20093,72.86631,231.03
Hyderabad,Miyapur & Kukatpally,Mid-Segment,2,894,2,2,5,Fully-Furnished,Ground-Low (1-4),2,17.50429,78.38627,60.25
Chennai,Anna Nagar,Premium,3,1768,4,2,18,Unfurnished,Ground-Low (1-4),5,13.08865,80.21239,171.23
Delhi NCR,Cyber City & Sector 54,Premium,2,876,2,2,5,Semi-Furnished,Ground-Low (1-4),10,28.47342,77.11876,164.87
Bengaluru,HSR Layout & Sarjapur,Premium,3,1380,3,1,0,Fully-Furnished,Mid (5-12),7,12.9188,77.66434,204.99
Mumbai,South Mumbai (Colaba/Worli),Ultra Luxury,2,1034,3,2,2,Unfurnished,Mid (5-12),3,19.13267,72.82466,410.73
Hyderabad,Jubilee Hills & Banjara Hills,Ultra Luxury,2,1245,3,4,5,Semi-Furnished,Ground-Low (1-4),1,17.43197,78.42837,192.12
Bengaluru,Electronic City,Mid-Segment,5,3413,5,1,0,Semi-Furnished,Mid (5-12),9,12.8438,77.66539,283.65
Pune,Wakad & Hinjewadi,Mid-Segment,2,1230,2,3,2,Unfurnished,Mid (5-12),6,18.58725,73.76576,99.27
Bengaluru,Whitefield (IT Hub),Premium,2,1225,3,1,0,Semi-Furnished,Ground-Low (1-4),6,12.98573,77.73738,128.91
Pune,Hadapsar & Undri,Mid-Segment,4,3042,4,1,0,Semi-Furnished,Mid (5-12),4,18.4738,73.94376,214.73
Hyderabad,Gachibowli & Financial District,Premium,2,1014,3,2,2,Semi-Furnished,Ground-Low (1-4),5,17.45074,78.37517,118.91
Mumbai,Bandra-Juhu Belt,Ultra Luxury,3,1923,3,0,12,Fully-Furnished,Ground-Low (1-4),9,19.16464,72.83313,739.83
Chennai,Anna Nagar,Premium,1,554,1,1,5,Unfurnished,Mid (5-12),5,13.09536,80.21677,69.44
Bengaluru,HSR Layout & Sarjapur,Premium,3,1774,4,1,0,Fully-Furnished,High (13+),1,12.90355,77.64967,278.99
Delhi NCR,Golf Course Rd (Gurugram),Ultra Luxury,3,1599,4,1,0,Unfurnished,High (13+),7,28.45127,77.0973,444.14
Pune,Kharadi & Viman Nagar,Premium,2,927,2,1,0,Semi-Furnished,Ground-Low (1-4),4,18.55633,73.92054,93.62
Pune,Koregaon Park & Kalyani Nagar,Ultra Luxury,5,3860,6,1,0,Semi-Furnished,High (13+),2,18.54892,73.88874,682.75
Chennai,Velachery,Mid-Segment,2,989,2,1,0,Unfurnished,Mid (5-12),8,12.98764,80.2276,75.58
Mumbai,Bandra-Juhu Belt,Ultra Luxury,3,1456,4,1,0,Semi-Furnished,Ground-Low (1-4),1,19.16432,72.83584,456.01
Bengaluru,HSR Layout & Sarjapur,Premium,1,608,1,1,12,Semi-Furnished,Ground-Low (1-4),2,12.90916,77.66204,63.28
Chennai,OMR IT Corridor (Perungudi),Mid-Segment,1,567,1,1,18,Unfurnished,Ground-Low (1-4),1,12.95746,80.27928,35.58
Bengaluru,Indiranagar & Koramangala,Ultra Luxury,2,903,3,3,0,Unfurnished,Mid (5-12),9,12.98437,77.6364,177.09
Bengaluru,Yelahanka & North Blr,Mid-Segment,2,914,3,2,5,Fully-Furnished,Ground-Low (1-4),10,13.0918,77.58136,87.29
Delhi NCR,Cyber City & Sector 54,Premium,2,929,3,2,0,Unfurnished,Ground-Low (1-4),2,28.47947,77.11028,141.88
Hyderabad,Jubilee Hills & Banjara Hills,Ultra Luxury,4,2941,5,1,8,Unfurnished,Ground-Low (1-4),2,17.43313,78.43236,464.38
Bengaluru,Indiranagar & Koramangala,Ultra Luxury,2,1086,2,2,8,Semi-Furnished,Mid (5-12),5,12.9795,77.6297,193.2
Bengaluru,HSR Layout & Sarjapur,Premium,3,1405,3,0,2,Unfurnished,Ground-Low (1-4),6,12.91164,77.65897,184.52
Delhi NCR,South Delhi (Vasant Vihar),Ultra Luxury,4,2807,5,1,8,Unfurnished,High (13+),5,28.56152,77.15566,767.98
Delhi NCR,Greater Noida West,Affordable,3,1664,4,1,2,Semi-Furnished,Ground-Low (1-4),8,28.54173,77.45869,105.49
Chennai,Anna Nagar,Premium,2,1139,3,2,2,Semi-Furnished,High (13+),4,13.0928,80.20495,165.61
Hyderabad,Gachibowli & Financial District,Premium,2,976,2,4,8,Semi-Furnished,Ground-Low (1-4),10,17.44928,78.36894,114.17
Chennai,Tambaram & Porur,Affordable,2,997,3,3,5,Unfurnished,Mid (5-12),6,12.92151,80.1532,57.09
Delhi NCR,Golf Course Rd (Gurugram),Ultra Luxury,1,485,1,1,2,Semi-Furnished,High (13+),6,28.44607,77.10823,156.4
Pune,Hadapsar & Undri,Mid-Segment,3,1834,4,2,8,Semi-Furnished,Ground-Low (1-4),3,18.47827,73.9346,110.28
Hyderabad,Gachibowli & Financial District,Premium,3,1677,4,1,5,Fully-Furnished,Mid (5-12),2,17.45427,78.37564,196.8
Delhi NCR,South Delhi (Vasant Vihar),Ultra Luxury,3,1670,4,2,0,Fully-Furnished,Ground-Low (1-4),10,28.56409,77.16706,601.91
Chennai,Anna Nagar,Premium,2,1093,2,1,25,Semi-Furnished,High (13+),10,13.10234,80.21532,117.45
Mumbai,South Mumbai (Colaba/Worli),Ultra Luxury,2,957,3,2,8,Fully-Furnished,Ground-Low (1-4),4,19.12472,72.83475,402.98
Mumbai,Navi Mumbai (Vashi/Kharghar),Mid-Segment,2,1172,2,2,5,Semi-Furnished,Ground-Low (1-4),3,19.09716,73.01859,127.23
Chennai,OMR IT Corridor (Perungudi),Mid-Segment,2,935,2,2,25,Unfurnished,Mid (5-12),6,12.96207,80.27898,62.57
Pune,Wakad & Hinjewadi,Mid-Segment,2,991,3,1,2,Unfurnished,High (13+),5,18.59847,73.75637,82.56
Chennai,Adyar & Boat Club Area,Ultra Luxury,2,1143,3,1,5,Unfurnished,Ground-Low (1-4),10,12.99462,80.24861,197.2
Pune,Koregaon Park & Kalyani Nagar,Ultra Luxury,1,612,1,3,5,Unfurnished,High (13+),10,18.54762,73.89101,111.66
Hyderabad,Miyapur & Kukatpally,Mid-Segment,2,862,2,2,5,Semi-Furnished,Mid (5-12),7,17.4963,78.37682,65.31
Mumbai,Thane West,Mid-Segment,1,600,1,3,5,Semi-Furnished,Mid (5-12),2,19.28037,72.95467,89.88
Delhi NCR,Golf Course Rd (Gurugram),Ultra Luxury,3,1821,4,2,2,Semi-Furnished,Ground-Low (1-4),2,28.44732,77.10559,471.58
Pune,Kharadi & Viman Nagar,Premium,5,4378,6,1,0,Unfurnished,Mid (5-12),1,18.55604,73.92021,404.59
Delhi NCR,Golf Course Rd (Gurugram),Ultra Luxury,1,624,1,0,12,Unfurnished,Ground-Low (1-4),5,28.44807,77.10117,145.72
Bengaluru,Electronic City,Mid-Segment,3,1651,4,2,2,Semi-Furnished,High (13+),3,12.84692,77.67276,125.95
Delhi NCR,Noida Sector 150/62,Mid-Segment,2,1098,2,3,0,Fully-Furnished,Mid (5-12),2,28.57401,77.37655,114.22
Pune,Hadapsar & Undri,Mid-Segment,4,2452,5,3,18,Semi-Furnished,Mid (5-12),2,18.47786,73.9416,131.2
Hyderabad,Miyapur & Kukatpally,Mid-Segment,5,3526,5,2,0,Fully-Furnished,Ground-Low (1-4),1,17.49208,78.39179,258.14
Bengaluru,Electronic City,Mid-Segment,3,1757,3,2,12,Fully-Furnished,Mid (5-12),10,12.84961,77.67188,136.44
Mumbai,Bandra-Juhu Belt,Ultra Luxury,2,1047,3,2,0,Semi-Furnished,High (13+),4,19.14685,72.84708,408.5
Bengaluru,HSR Layout & Sarjapur,Premium,2,908,3,1,0,Unfurnished,Mid (5-12),1,12.91743,77.66225,115.06
Hyderabad,Tellapur & Nallagandla,Mid-Segment,2,1230,2,2,18,Semi-Furnished,High (13+),5,17.46537,78.32965,92.23
Delhi NCR,Golf Course Rd (Gurugram),Ultra Luxury,2,1052,2,3,0,Semi-Furnished,Ground-Low (1-4),2,28.45565,77.08963,264.23
Pune,Wakad & Hinjewadi,Mid-Segment,4,2409,5,2,12,Semi-Furnished,Ground-Low (1-4),7,18.58227,73.75075,178.93
Mumbai,Bandra-Juhu Belt,Ultra Luxury,3,1364,4,3,8,Semi-Furnished,Mid (5-12),8,19.16497,72.83351,489.12
Bengaluru,Indiranagar & Koramangala,Ultra Luxury,3,1602,3,2,0,Fully-Furnished,Ground-Low (1-4),7,12.97933,77.6422,349.87
Chennai,Anna Nagar,Premium,2,1204,3,3,2,Unfurnished,Mid (5-12),7,13.09884,80.21192,158.98
Delhi NCR,Noida Sector 150/62,Mid-Segment,3,1443,3,1,2,Semi-Furnished,High (13+),4,28.57538,77.38413,129.82
Hyderabad,Tellapur & Nallagandla,Mid-Segment,5,4140,6,4,2,Semi-Furnished,High (13+),6,17.46669,78.32883,404.56
Chennai,Tambaram & Porur,Affordable,3,1521,4,2,2,Fully-Furnished,Ground-Low (1-4),3,12.91394,80.15865,84.9
Hyderabad,Tellapur & Nallagandla,Mid-Segment,1,630,1,1,0,Semi-Furnished,Mid (5-12),7,17.46741,78.33259,55.55
Bengaluru,Indiranagar & Koramangala,Ultra Luxury,2,1219,2,4,0,Unfurnished,Ground-Low (1-4),3,12.9779,77.62788,216.62
Bengaluru,Electronic City,Mid-Segment,2,927,3,3,5,Semi-Furnished,Ground-Low (1-4),2,12.858,77.67661,63.67
Hyderabad,Miyapur & Kukatpally,Mid-Segment,3,1820,4,2,25,Fully-Furnished,Mid (5-12),3,17.48904,78.39449,105.68
Delhi NCR,Greater Noida West,Affordable,3,1809,3,2,0,Unfurnished,Mid (5-12),6,28.54331,77.45022,117.92
Chennai,Anna Nagar,Premium,4,2281,4,3,5,Unfurnished,Ground-Low (1-4),10,13.08663,80.20391,308.52
Bengaluru,Indiranagar & Koramangala,Ultra Luxury,3,1836,4,1,2,Fully-Furnished,High (13+),7,12.99075,77.63133,414.61
Bengaluru,Whitefield (IT Hub),Premium,3,1883,4,0,0,Semi-Furnished,Mid (5-12),2,12.99026,77.7389,212.99
Mumbai,Powai-Andheri West,Premium,1,645,1,1,18,Unfurnished,Ground-Low (1-4),8,19.19914,72.86284,117.18
Pune,Koregaon Park & Kalyani Nagar,Ultra Luxury,2,1191,3,2,0,Semi-Furnished,High (13+),9,18.54705,73.90239,237.43
Mumbai,Bandra-Juhu Belt,Ultra Luxury,2,1137,2,2,5,Semi-Furnished,Ground-Low (1-4),5,19.14962,72.82952,402.51
Chennai,Adyar & Boat Club Area,Ultra Luxury,2,1108,3,0,0,Unfurnished,Mid (5-12),2,13.00403,80.24115,169.27
Bengaluru,Yelahanka & North Blr,Mid-Segment,2,1119,2,0,18,Unfurnished,Mid (5-12),9,13.10269,77.58691,73.05
Mumbai,Powai-Andheri West,Premium,3,1491,3,3,5,Unfurnished,Mid (5-12),9,19.2049,72.86008,364.27
Chennai,Velachery,Mid-Segment,3,1826,4,2,12,Unfurnished,High (13+),3,12.97938,80.22142,122.9
Mumbai,South Mumbai (Colaba/Worli),Ultra Luxury,3,1729,3,1,5,Semi-Furnished,Ground-Low (1-4),4,19.13061,72.83427,720.28
Pune,Baner & Balewadi,Premium,3,1606,4,2,8,Unfurnished,Ground-Low (1-4),10,18.55482,73.78725,155.51
Chennai,Velachery,Mid-Segment,3,1640,4,2,2,Unfurnished,Mid (5-12),5,12.97716,80.23302,131.03
Mumbai,Navi Mumbai (Vashi/Kharghar),Mid-Segment,4,2719,4,1,0,Fully-Furnished,High (13+),6,19.11299,73.0311,439.73
Hyderabad,Kondapur & HITECH City,Premium,2,998,3,4,5,Unfurnished,Ground-Low (1-4),8,17.46073,78.38338,109.2
Chennai,OMR IT Corridor (Perungudi),Mid-Segment,3,1768,3,0,2,Unfurnished,High (13+),9,12.9641,80.27783,164.06
Hyderabad,Kondapur & HITECH City,Premium,2,1235,2,1,0,Semi-Furnished,Mid (5-12),3,17.46023,78.39335,137.25
Bengaluru,Whitefield (IT Hub),Premium,3,1626,4,0,18,Unfurnished,Ground-Low (1-4),2,12.97865,77.73375,128.48
Bengaluru,Yelahanka & North Blr,Mid-Segment,2,963,3,0,8,Semi-Furnished,Mid (5-12),1,13.10255,77.58722,67.12
Chennai,Adyar & Boat Club Area,Ultra Luxury,2,1037,3,2,0,Semi-Furnished,Ground-Low (1-4),7,12.99274,80.25815,174.76
Chennai,Anna Nagar,Premium,2,955,3,2,18,Semi-Furnished,High (13+),3,13.08425,80.21969,108.04
Bengaluru,Yelahanka & North Blr,Mid-Segment,2,1174,2,2,8,Semi-Furnished,Mid (5-12),7,13.10274,77.58512,94.72
Chennai,Tambaram & Porur,Affordable,2,932,2,2,5,Unfurnished,Mid (5-12),3,12.93041,80.14536,48.03
Bengaluru,HSR Layout & Sarjapur,Premium,3,1468,3,4,12,Semi-Furnished,Mid (5-12),4,12.91474,77.66067,187.27
Delhi NCR,Golf Course Rd (Gurugram),Ultra Luxury,2,1245,3,2,12,Semi-Furnished,Ground-Low (1-4),7,28.4455,77.09623,299.39
Pune,Hadapsar & Undri,Mid-Segment,3,1799,4,1,2,Semi-Furnished,Ground-Low (1-4),6,18.48032,73.94644,110.94
Bengaluru,HSR Layout & Sarjapur,Premium,2,1036,3,2,5,Fully-Furnished,High (13+),1,12.90417,77.65196,131.49
Hyderabad,Jubilee Hills & Banjara Hills,Ultra Luxury,2,1140,3,3,0,Unfurnished,Mid (5-12),6,17.43691,78.43224,213.27
Bengaluru,Electronic City,Mid-Segment,2,1067,3,2,12,Semi-Furnished,Ground-Low (1-4),5,12.8422,77.67468,62.14
Chennai,Adyar & Boat Club Area,Ultra Luxury,2,1164,3,2,0,Unfurnished,Mid (5-12),8,13.00855,80.24583,212.6
Pune,Hadapsar & Undri,Mid-Segment,3,1613,3,2,5,Semi-Furnished,Ground-Low (1-4),10,18.48352,73.9298,120.84
Mumbai,Navi Mumbai (Vashi/Kharghar),Mid-Segment,2,961,3,2,8,Unfurnished,Mid (5-12),1,19.10008,73.02419,94.94
Bengaluru,Electronic City,Mid-Segment,3,1511,4,1,0,Unfurnished,Ground-Low (1-4),7,12.8567,77.66902,111.94
Bengaluru,HSR Layout & Sarjapur,Premium,2,1158,3,2,0,Semi-Furnished,Ground-Low (1-4),2,12.90976,77.66424,147.45
Bengaluru,Indiranagar & Koramangala,Ultra Luxury,3,1446,4,2,25,Semi-Furnished,Mid (5-12),3,12.98709,77.63804,201.62
Hyderabad,Kondapur & HITECH City,Premium,4,2551,5,1,2,Unfurnished,Ground-Low (1-4),9,17.45394,78.3964,272.51
Chennai,Velachery,Mid-Segment,4,2296,5,3,8,Unfurnished,Mid (5-12),2,12.97323,80.2405,151.93
Bengaluru,Whitefield (IT Hub),Premium,4,3195,4,3,25,Unfurnished,High (13+),3,12.98808,77.73419,274.38
Bengaluru,Electronic City,Mid-Segment,2,1017,3,4,0,Semi-Furnished,Ground-Low (1-4),7,12.85245,77.68333,76.82
Mumbai,Navi Mumbai (Vashi/Kharghar),Mid-Segment,1,527,1,2,2,Unfurnished,Ground-Low (1-4),8,19.10251,73.03737,64.69
Chennai,Tambaram & Porur,Affordable,1,512,1,1,2,Unfurnished,Ground-Low (1-4),5,12.9245,80.14735,27.78
Chennai,OMR IT Corridor (Perungudi),Mid-Segment,4,2870,5,1,25,Semi-Furnished,Mid (5-12),1,12.9623,80.28279,181.35
Delhi NCR,Cyber City & Sector 54,Premium,4,2364,5,3,12,Unfurnished,Mid (5-12),10,28.47401,77.11288,342.58
Mumbai,Bandra-Juhu Belt,Ultra Luxury,1,530,1,1,2,Semi-Furnished,Mid (5-12),3,19.15722,72.83962,190.33
Chennai,Velachery,Mid-Segment,3,1461,4,1,8,Fully-Furnished,High (13+),9,12.98556,80.22858,139.19
Mumbai,South Mumbai (Colaba/Worli),Ultra Luxury,4,3123,4,2,8,Fully-Furnished,Ground-Low (1-4),5,19.12724,72.83757,1414.71
Hyderabad,Gachibowli & Financial District,Premium,3,1392,3,3,5,Semi-Furnished,Ground-Low (1-4),6,17.44264,78.36571,164.11
Hyderabad,Tellapur & Nallagandla,Mid-Segment,3,1374,4,2,18,Semi-Furnished,Mid (5-12),5,17.45801,78.33427,96.06
Pune,Koregaon Park & Kalyani Nagar,Ultra Luxury,3,1758,4,3,25,Semi-Furnished,Ground-Low (1-4),3,18.53197,73.89567,210.22
Bengaluru,HSR Layout & Sarjapur,Premium,3,1931,3,2,2,Unfurnished,Mid (5-12),5,12.91278,77.65185,252.36
Chennai,Tambaram & Porur,Affordable,2,1193,3,1,8,Semi-Furnished,Ground-Low (1-4),5,12.92947,80.15623,59.82
Delhi NCR,Golf Course Rd (Gurugram),Ultra Luxury,3,1437,4,0,2,Unfurnished,Mid (5-12),3,28.45903,77.09638,363.42
Mumbai,Powai-Andheri West,Premium,3,1492,3,4,0,Unfurnished,Mid (5-12),10,19.20455,72.85171,366.66
Delhi NCR,Golf Course Rd (Gurugram),Ultra Luxury,3,1683,4,2,0,Semi-Furnished,Mid (5-12),9,28.45306,77.08933,488.46
Bengaluru,HSR Layout & Sarjapur,Premium,2,1179,3,2,0,Unfurnished,Ground-Low (1-4),2,12.91869,77.64617,154.4
Pune,Kharadi & Viman Nagar,Premium,2,1247,2,1,8,Unfurnished,Ground-Low (1-4),10,18.54438,73.93485,116.25
Chennai,Adyar & Boat Club Area,Ultra Luxury,5,4275,6,2,12,Unfurnished,Mid (5-12),9,13.00356,80.25691,644.37
Hyderabad,Jubilee Hills & Banjara Hills,Ultra Luxury,4,2519,4,2,0,Semi-Furnished,Ground-Low (1-4),10,17.43202,78.4344,450.47
Pune,Wakad & Hinjewadi,Mid-Segment,2,1191,2,1,0,Unfurnished,Ground-Low (1-4),6,18.58166,73.75871,95.21
Chennai,OMR IT Corridor (Perungudi),Mid-Segment,3,1628,4,2,0,Semi-Furnished,Mid (5-12),8,12.96475,80.27458,158.89
Bengaluru,Indiranagar & Koramangala,Ultra Luxury,3,1632,4,1,2,Unfurnished,Ground-Low (1-4),10,12.9735,77.62734,285.16
Pune,Baner & Balewadi,Premium,2,902,2,3,0,Unfurnished,Mid (5-12),1,18.56551,73.78473,93.53
Hyderabad,Tellapur & Nallagandla,Mid-Segment,3,1620,4,3,5,Semi-Furnished,Mid (5-12),1,17.47307,78.33561,126.82
Chennai,Velachery,Mid-Segment,3,1512,4,2,2,Semi-Furnished,Mid (5-12),7,12.98012,80.23324,113.09
Delhi NCR,Noida Sector 150/62,Mid-Segment,3,1838,4,3,5,Semi-Furnished,Mid (5-12),4,28.57927,77.37702,161.95
Delhi NCR,Greater Noida West,Affordable,3,1847,3,2,0,Semi-Furnished,High (13+),6,28.53525,77.45758,123.83
Bengaluru,Whitefield (IT Hub),Premium,2,963,3,3,0,Unfurnished,Mid (5-12),7,12.97555,77.74402,105.99
Chennai,OMR IT Corridor (Perungudi),Mid-Segment,1,539,1,3,2,Semi-Furnished,Ground-Low (1-4),2,12.97185,80.27987,42.85
Chennai,Anna Nagar,Premium,2,1118,3,3,0,Unfurnished,Ground-Low (1-4),5,13.08932,80.20126,133.07
Mumbai,Thane West,Mid-Segment,3,1839,3,3,0,Semi-Furnished,Mid (5-12),3,19.2841,72.96675,278.5
Pune,Hadapsar & Undri,Mid-Segment,2,1147,3,0,5,Semi-Furnished,Ground-Low (1-4),7,18.48151,73.93108,80.16
Hyderabad,Tellapur & Nallagandla,Mid-Segment,3,1355,4,4,12,Unfurnished,Ground-Low (1-4),4,17.46758,78.32125,96.37
Bengaluru,HSR Layout & Sarjapur,Premium,4,2360,5,2,8,Semi-Furnished,Mid (5-12),7,12.90493,77.65045,303.37
Hyderabad,Tellapur & Nallagandla,Mid-Segment,3,1387,4,2,5,Semi-Furnished,Mid (5-12),7,17.46657,78.32145,124.88
Mumbai,Thane West,Mid-Segment,2,1017,3,2,8,Fully-Furnished,Ground-Low (1-4),10,19.27667,72.95406,155.21
Pune,Kharadi & Viman Nagar,Premium,3,1811,4,2,2,Semi-Furnished,High (13+),2,18.55307,73.93458,191.78
Delhi NCR,Noida Sector 150/62,Mid-Segment,2,1211,2,0,2,Semi-Furnished,High (13+),10,28.57547,77.37826,133.35
Hyderabad,Miyapur & Kukatpally,Mid-Segment,3,1902,4,1,8,Semi-Furnished,Mid (5-12),8,17.49235,78.39234,142.06
Bengaluru,Indiranagar & Koramangala,Ultra Luxury,3,1802,4,1,5,Unfurnished,Ground-Low (1-4),9,12.98694,77.6388,328.99
Chennai,Tambaram & Porur,Affordable,1,588,1,2,5,Semi-Furnished,Ground-Low (1-4),1,12.9257,80.1521,32.83
Mumbai,South Mumbai (Colaba/Worli),Ultra Luxury,2,1219,2,0,18,Unfurnished,Ground-Low (1-4),1,19.12318,72.82848,375.94
Chennai,Adyar & Boat Club Area,Ultra Luxury,2,1231,3,1,0,Semi-Furnished,Ground-Low (1-4),7,12.99584,80.25434,208.06
Delhi NCR,Golf Course Rd (Gurugram),Ultra Luxury,2,867,3,1,8,Unfurnished,Mid (5-12),6,28.4473,77.08909,190.7
Hyderabad,Tellapur & Nallagandla,Mid-Segment,1,528,1,3,0,Semi-Furnished,Mid (5-12),7,17.4669,78.3269,49.28
Hyderabad,Kondapur & HITECH City,Premium,3,1875,4,4,2,Unfurnished,Ground-Low (1-4),8,17.45827,78.39652,188.62
Delhi NCR,Greater Noida West,Affordable,3,1474,3,1,25,Unfurnished,High (13+),9,28.5382,77.46814,64.71
Delhi NCR,Cyber City & Sector 54,Premium,4,3018,5,3,8,Semi-Furnished,Mid (5-12),9,28.47206,77.11085,524.3
Pune,Wakad & Hinjewadi,Mid-Segment,2,1070,3,2,12,Semi-Furnished,Ground-Low (1-4),10,18.58317,73.74732,86.3
Chennai,Tambaram & Porur,Affordable,3,1638,4,2,0,Semi-Furnished,High (13+),8,12.92097,80.14956,112.67
Delhi NCR,Noida Sector 150/62,Mid-Segment,4,3056,5,3,8,Semi-Furnished,Mid (5-12),4,28.57151,77.37013,269.17
Mumbai,South Mumbai (Colaba/Worli),Ultra Luxury,2,1037,2,3,0,Semi-Furnished,High (13+),1,19.1208,72.82515,487.18
Hyderabad,Miyapur & Kukatpally,Mid-Segment,3,1426,3,4,25,Semi-Furnished,Mid (5-12),8,17.48776,78.37753,77.88
Pune,Baner & Balewadi,Premium,3,1417,4,2,0,Unfurnished,High (13+),2,18.55133,73.7871,156.13
Bengaluru,HSR Layout & Sarjapur,Premium,1,534,1,3,12,Unfurnished,Mid (5-12),5,12.90891,77.64823,60.45
Mumbai,Bandra-Juhu Belt,Ultra Luxury,3,1836,4,2,2,Semi-Furnished,Mid (5-12),5,19.14897,72.82854,726.7
Pune,Kharadi & Viman Nagar,Premium,2,973,3,3,5,Semi-Furnished,Mid (5-12),8,18.5536,73.93137,109.59
Hyderabad,Miyapur & Kukatpally,Mid-Segment,2,916,2,3,0,Unfurnished,High (13+),6,17.49842,78.39133,61.52
Chennai,Tambaram & Porur,Affordable,3,1734,3,4,5,Unfurnished,Ground-Low (1-4),8,12.9265,80.15206,94.4
Pune,Baner & Balewadi,Premium,2,1000,3,0,8,Fully-Furnished,Ground-Low (1-4),1,18.57017,73.78868,102.88
Hyderabad,Jubilee Hills & Banjara Hills,Ultra Luxury,2,1076,3,3,2,Semi-Furnished,Ground-Low (1-4),8,17.43362,78.41947,221.68
Chennai,OMR IT Corridor (Perungudi),Mid-Segment,1,472,1,4,12,Unfurnished,Ground-Low (1-4),9,12.95996,80.27459,34.85
Mumbai,Navi Mumbai (Vashi/Kharghar),Mid-Segment,2,1057,3,0,5,Semi-Furnished,Ground-Low (1-4),9,19.1076,73.02537,125.38
Pune,Hadapsar & Undri,Mid-Segment,2,933,2,2,8,Semi-Furnished,Ground-Low (1-4),6,18.49007,73.92721,59.19
Mumbai,Thane West,Mid-Segment,2,876,3,1,0,Unfurnished,Mid (5-12),9,19.28453,72.96401,143.52
Bengaluru,Whitefield (IT Hub),Premium,2,875,2,1,0,Unfurnished,Mid (5-12),2,12.98822,77.72658,86.22
Hyderabad,Gachibowli & Financial District,Premium,2,1156,2,2,25,Semi-Furnished,Ground-Low (1-4),5,17.44817,78.36699,109.84
Bengaluru,HSR Layout & Sarjapur,Premium,2,1015,2,2,0,Unfurnished,Mid (5-12),3,12.90852,77.64546,128.4
Bengaluru,HSR Layout & Sarjapur,Premium,1,552,1,2,12,Semi-Furnished,Ground-Low (1-4),6,12.90845,77.6548,59.39
Chennai,Anna Nagar,Premium,1,641,1,2,5,Fully-Furnished,Mid (5-12),6,13.08756,80.2024,90.25
Bengaluru,HSR Layout & Sarjapur,Premium,4,2666,5,1,2,Fully-Furnished,Mid (5-12),8,12.9095,77.6576,426.47
Hyderabad,Tellapur & Nallagandla,Mid-Segment,2,1169,2,2,8,Unfurnished,Ground-Low (1-4),6,17.45961,78.3184,84.4
Pune,Koregaon Park & Kalyani Nagar,Ultra Luxury,3,1571,3,1,2,Semi-Furnished,High (13+),7,18.54128,73.89896,276.71
Mumbai,Powai-Andheri West,Premium,4,2231,4,2,8,Fully-Furnished,Ground-Low (1-4),8,19.20378,72.86314,506.49
Hyderabad,Gachibowli & Financial District,Premium,1,575,1,3,0,Unfurnished,Mid (5-12),8,17.4371,78.36316,67.14
Hyderabad,Miyapur & Kukatpally,Mid-Segment,4,2452,5,1,0,Semi-Furnished,Mid (5-12),4,17.49447,78.38282,186.39
Pune,Baner & Balewadi,Premium,2,1143,2,2,0,Unfurnished,High (13+),10,18.55449,73.79222,144.54
Delhi NCR,Greater Noida West,Affordable,2,974,2,4,0,Semi-Furnished,Ground-Low (1-4),3,28.52908,77.45518,58.35
Pune,Baner & Balewadi,Premium,2,999,3,2,25,Semi-Furnished,Ground-Low (1-4),4,18.55784,73.77835,76.91
Pune,Baner & Balewadi,Premium,4,3144,5,2,8,Unfurnished,Ground-Low (1-4),6,18.55462,73.79198,332.38
Bengaluru,Yelahanka & North Blr,Mid-Segment,3,1761,3,3,18,Semi-Furnished,Ground-Low (1-4),1,13.09179,77.58199,111.09
Hyderabad,Jubilee Hills & Banjara Hills,Ultra Luxury,2,1161,3,2,0,Semi-Furnished,High (13+),4,17.42786,78.42328,237.27
Hyderabad,Miyapur & Kukatpally,Mid-Segment,2,1029,3,0,5,Semi-Furnished,Mid (5-12),5,17.49823,78.38608,67.98
Bengaluru,HSR Layout & Sarjapur,Premium,1,611,1,4,2,Unfurnished,High (13+),9,12.90377,77.65206,82.13
Mumbai,South Mumbai (Colaba/Worli),Ultra Luxury,2,1187,3,2,8,Unfurnished,High (13+),4,19.13581,72.83534,426.84
Hyderabad,Tellapur & Nallagandla,Mid-Segment,2,1034,3,1,0,Unfurnished,Mid (5-12),2,17.46517,78.32964,88.82
Chennai,Anna Nagar,Premium,4,3188,5,2,18,Semi-Furnished,Ground-Low (1-4),4,13.08699,80.2088,332.95
Pune,Hadapsar & Undri,Mid-Segment,3,1492,3,2,18,Fully-Furnished,High (13+),10,18.48475,73.93461,105.81
Pune,Hadapsar & Undri,Mid-Segment,2,878,2,2,5,Fully-Furnished,High (13+),3,18.48078,73.94015,64.24
Mumbai,Bandra-Juhu Belt,Ultra Luxury,2,1032,2,3,0,Fully-Furnished,High (13+),8,19.15163,72.83401,446.19
Chennai,Adyar & Boat Club Area,Ultra Luxury,2,1096,3,1,18,Semi-Furnished,Ground-Low (1-4),5,13.0025,80.24794,147.03
Mumbai,Powai-Andheri West,Premium,1,568,1,1,18,Semi-Furnished,Mid (5-12),4,19.19347,72.85048,115.75
Delhi NCR,Greater Noida West,Affordable,2,1010,3,2,0,Unfurnished,Ground-Low (1-4),6,28.53565,77.46161,59.5
Hyderabad,Jubilee Hills & Banjara Hills,Ultra Luxury,3,1859,3,1,12,Semi-Furnished,Ground-Low (1-4),4,17.43262,78.42379,260.31
Delhi NCR,Greater Noida West,Affordable,2,944,3,2,5,Unfurnished,Ground-Low (1-4),2,28.53058,77.45994,46.71
Chennai,Velachery,Mid-Segment,2,1049,3,3,0,Fully-Furnished,Mid (5-12),3,12.9877,80.23411,98.1
Hyderabad,Gachibowli & Financial District,Premium,2,1035,2,2,18,Semi-Furnished,Ground-Low (1-4),4,17.44473,78.37589,93.55
Delhi NCR,Golf Course Rd (Gurugram),Ultra Luxury,1,492,1,1,0,Fully-Furnished,Ground-Low (1-4),10,28.4501,77.10395,170.56
Pune,Baner & Balewadi,Premium,2,1113,3,3,12,Semi-Furnished,Ground-Low (1-4),4,18.5667,73.79362,102.29
Chennai,Tambaram & Porur,Affordable,4,2954,4,2,5,Unfurnished,Mid (5-12),3,12.93192,80.14453,152.19
Chennai,Anna Nagar,Premium,2,1061,2,2,2,Semi-Furnished,Ground-Low (1-4),2,13.10253,80.20981,129.46
Chennai,Adyar & Boat Club Area,Ultra Luxury,3,1422,3,3,8,Semi-Furnished,Ground-Low (1-4),3,13.00506,80.24253,216.42
Hyderabad,Kondapur & HITECH City,Premium,1,594,1,1,8,Fully-Furnished,Ground-Low (1-4),3,17.45429,78.38466,63.21
Hyderabad,Tellapur & Nallagandla,Mid-Segment,2,953,3,2,2,Semi-Furnished,High (13+),1,17.4559,78.32441,89.93
Pune,Koregaon Park & Kalyani Nagar,Ultra Luxury,4,2178,4,3,8,Fully-Furnished,High (13+),1,18.53073,73.89173,365.49
Hyderabad,Miyapur & Kukatpally,Mid-Segment,3,1356,3,1,0,Semi-Furnished,Ground-Low (1-4),9,17.50195,78.39394,108.5
Bengaluru,HSR Layout & Sarjapur,Premium,4,2650,5,4,0,Semi-Furnished,Mid (5-12),2,12.91486,77.6645,310.22
Hyderabad,Jubilee Hills & Banjara Hills,Ultra Luxury,4,2104,4,2,5,Unfurnished,Ground-Low (1-4),2,17.4309,78.41937,326.61
Mumbai,Thane West,Mid-Segment,2,960,2,3,5,Semi-Furnished,Ground-Low (1-4),2,19.28175,72.96022,138.12
Hyderabad,Jubilee Hills & Banjara Hills,Ultra Luxury,3,1856,3,2,8,Fully-Furnished,High (13+),8,17.43402,78.43402,367.33
Pune,Baner & Balewadi,Premium,2,926,2,0,0,Semi-Furnished,High (13+),8,18.56594,73.79143,134.32
Hyderabad,Gachibowli & Financial District,Premium,2,900,3,3,12,Fully-Furnished,Mid (5-12),10,17.4361,78.35832,105.56
Chennai,Anna Nagar,Premium,3,1788,4,0,12,Semi-Furnished,High (13+),7,13.08592,80.20585,204.86
Mumbai,Bandra-Juhu Belt,Ultra Luxury,1,643,1,2,12,Semi-Furnished,Mid (5-12),9,19.15341,72.83299,201.19
Bengaluru,Indiranagar & Koramangala,Ultra Luxury,2,975,3,1,12,Semi-Furnished,High (13+),1,12.98706,77.62593,157.84
Hyderabad,Kondapur & HITECH City,Premium,3,1871,3,2,18,Unfurnished,Ground-Low (1-4),8,17.44615,78.37948,156.03
Pune,Koregaon Park & Kalyani Nagar,Ultra Luxury,3,1370,3,4,2,Semi-Furnished,Ground-Low (1-4),2,18.53413,73.89141,216.48
Delhi NCR,Golf Course Rd (Gurugram),Ultra Luxury,2,1070,2,1,8,Unfurnished,High (13+),9,28.446,77.10881,277.93
Bengaluru,HSR Layout & Sarjapur,Premium,2,1088,2,2,2,Fully-Furnished,Mid (5-12),2,12.90696,77.65281,145.92
Bengaluru,Indiranagar & Koramangala,Ultra Luxury,2,1085,3,2,5,Semi-Furnished,Ground-Low (1-4),7,12.98504,77.63443,194.5
Bengaluru,Yelahanka & North Blr,Mid-Segment,2,855,2,3,0,Fully-Furnished,Ground-Low (1-4),7,13.1116,77.58748,86.99
Hyderabad,Kondapur & HITECH City,Premium,2,991,2,2,0,Unfurnished,High (13+),7,17.45865,78.37763,109.17
Hyderabad,Kondapur & HITECH City,Premium,3,1646,3,3,5,Unfurnished,Mid (5-12),2,17.45942,78.39478,168.11
Pune,Kharadi & Viman Nagar,Premium,2,1121,2,2,0,Semi-Furnished,High (13+),9,18.54154,73.93106,130.14
Chennai,Anna Nagar,Premium,5,3494,5,2,5,Semi-Furnished,Ground-Low (1-4),7,13.09972,80.21343,433.01
Delhi NCR,Greater Noida West,Affordable,2,1014,2,2,0,Fully-Furnished,Ground-Low (1-4),1,28.53393,77.45395,67.16
Delhi NCR,Cyber City & Sector 54,Premium,2,1202,3,3,5,Semi-Furnished,Ground-Low (1-4),7,28.47208,77.1122,193.54
Bengaluru,Yelahanka & North Blr,Mid-Segment,1,546,1,0,12,Semi-Furnished,High (13+),7,13.1089,77.59066,41.25
Hyderabad,Tellapur & Nallagandla,Mid-Segment,3,1584,3,1,0,Unfurnished,Mid (5-12),8,17.45771,78.31956,144.78
Hyderabad,Tellapur & Nallagandla,Mid-Segment,3,1576,3,1,25,Unfurnished,Mid (5-12),2,17.45827,78.33144,96.39
Pune,Koregaon Park & Kalyani Nagar,Ultra Luxury,1,488,1,2,0,Semi-Furnished,Ground-Low (1-4),4,18.5394,73.90169,81.24
Hyderabad,Tellapur & Nallagandla,Mid-Segment,3,1689,4,1,18,Semi-Furnished,High (13+),4,17.46521,78.3268,122.6
Hyderabad,Jubilee Hills & Banjara Hills,Ultra Luxury,2,1013,3,4,0,Semi-Furnished,Ground-Low (1-4),2,17.43007,78.4212,191.36
Pune,Wakad & Hinjewadi,Mid-Segment,1,581,1,2,0,Unfurnished,Ground-Low (1-4),2,18.58585,73.75986,45.31
Bengaluru,Whitefield (IT Hub),Premium,4,2635,4,3,0,Unfurnished,High (13+),3,12.98999,77.73518,252.11
Chennai,Anna Nagar,Premium,3,1491,3,0,8,Unfurnished,Ground-Low (1-4),5,13.08842,80.20679,159.95
Pune,Kharadi & Viman Nagar,Premium,1,581,1,2,2,Fully-Furnished,Mid (5-12),6,18.54098,73.93633,64.32
Pune,Wakad & Hinjewadi,Mid-Segment,2,1003,3,3,5,Unfurnished,Mid (5-12),10,18.584,73.75783,77.85
Chennai,Velachery,Mid-Segment,2,863,3,2,12,Semi-Furnished,High (13+),4,12.97863,80.22551,66.22
Hyderabad,Gachibowli & Financial District,Premium,3,1532,3,2,5,Unfurnished,Ground-Low (1-4),2,17.45384,78.36955,159.89
Chennai,Velachery,Mid-Segment,1,487,1,3,5,Semi-Furnished,Mid (5-12),10,12.99187,80.22602,41.12
Delhi NCR,Greater Noida West,Affordable,1,496,1,0,5,Unfurnished,Ground-Low (1-4),8,28.53958,77.44943,27.44
Delhi NCR,Golf Course Rd (Gurugram),Ultra Luxury,4,2153,5,3,0,Semi-Furnished,Ground-Low (1-4),5,28.4582,77.09987,569.16
Delhi NCR,Cyber City & Sector 54,Premium,2,1211,3,2,8,Semi-Furnished,Ground-Low (1-4),5,28.4677,77.11254,193.68
Hyderabad,Kondapur & HITECH City,Premium,3,1848,3,2,25,Unfurnished,Ground-Low (1-4),2,17.44587,78.38528,140.1
Chennai,OMR IT Corridor (Perungudi),Mid-Segment,4,3184,4,2,8,Unfurnished,Mid (5-12),6,12.96893,80.28137,249.61
Hyderabad,Jubilee Hills & Banjara Hills,Ultra Luxury,2,1208,2,1,0,Fully-Furnished,Mid (5-12),9,17.43506,78.42659,249.17
Bengaluru,Electronic City,Mid-Segment,3,1567,4,3,18,Unfurnished,High (13+),7,12.85211,77.66738,93.72
Chennai,OMR IT Corridor (Perungudi),Mid-Segment,3,1482,4,2,5,Fully-Furnished,High (13+),5,12.96872,80.27884,146.06
Mumbai,Thane West,Mid-Segment,2,908,2,3,2,Unfurnished,Mid (5-12),9,19.27406,72.96764,144.8
Pune,Koregaon Park & Kalyani Nagar,Ultra Luxury,4,2135,5,0,0,Unfurnished,High (13+),6,18.54883,73.8979,348.33
Bengaluru,Electronic City,Mid-Segment,2,1236,2,1,5,Unfurnished,Mid (5-12),7,12.85908,77.67924,77.32
Hyderabad,Jubilee Hills & Banjara Hills,Ultra Luxury,5,4503,5,2,8,Unfurnished,Mid (5-12),10,17.433,78.42498,813.27
Bengaluru,Indiranagar & Koramangala,Ultra Luxury,2,1182,3,1,12,Semi-Furnished,High (13+),5,12.98618,77.64415,196.09
Chennai,Anna Nagar,Premium,3,1365,4,4,25,Fully-Furnished,Mid (5-12),10,13.08441,80.21346,151.84
Hyderabad,Gachibowli & Financial District,Premium,3,1564,3,1,0,Fully-Furnished,Mid (5-12),7,17.44508,78.37305,210.65
Mumbai,Bandra-Juhu Belt,Ultra Luxury,3,1640,3,0,2,Semi-Furnished,High (13+),5,19.15767,72.84125,600.28
Hyderabad,Kondapur & HITECH City,Premium,4,3018,4,1,12,Fully-Furnished,Mid (5-12),5,17.45146,78.37846,331.78
Hyderabad,Jubilee Hills & Banjara Hills,Ultra Luxury,3,1553,4,1,0,Semi-Furnished,High (13+),3,17.43944,78.43085,287.58
Pune,Baner & Balewadi,Premium,3,1698,3,1,8,Semi-Furnished,High (13+),4,18.56538,73.77773,203.16
Chennai,Adyar & Boat Club Area,Ultra Luxury,3,1542,3,2,12,Semi-Furnished,Ground-Low (1-4),10,12.99326,80.24244,244.85
Mumbai,Bandra-Juhu Belt,Ultra Luxury,2,1076,2,2,5,Semi-Furnished,Mid (5-12),1,19.16352,72.83822,385.15
Bengaluru,Electronic City,Mid-Segment,2,871,2,0,0,Unfurnished,High (13+),6,12.85237,77.68213,69.01
Hyderabad,Tellapur & Nallagandla,Mid-Segment,2,1032,2,3,2,Semi-Furnished,Mid (5-12),9,17.45672,78.32325,95.57
Delhi NCR,Noida Sector 150/62,Mid-Segment,3,1616,3,1,0,Unfurnished,High (13+),8,28.5686,77.37761,158.01
Pune,Kharadi & Viman Nagar,Premium,2,956,2,3,8,Unfurnished,Ground-Low (1-4),7,18.54198,73.91719,85.39
Pune,Kharadi & Viman Nagar,Premium,1,517,1,2,5,Semi-Furnished,High (13+),1,18.54842,73.92481,51.8
Mumbai,Bandra-Juhu Belt,Ultra Luxury,2,862,2,1,0,Unfurnished,Ground-Low (1-4),10,19.16333,72.83449,331.87
Delhi NCR,Greater Noida West,Affordable,3,1947,3,1,0,Semi-Furnished,Ground-Low (1-4),8,28.52875,77.46682,119.43
Chennai,Anna Nagar,Premium,2,1112,3,2,2,Unfurnished,High (13+),8,13.08272,80.21679,139.74
Bengaluru,Indiranagar & Koramangala,Ultra Luxury,1,512,1,4,5,Semi-Furnished,Mid (5-12),4,12.99047,77.63279,87.23
Mumbai,Thane West,Mid-Segment,3,1470,4,2,5,Unfurnished,High (13+),8,19.2852,72.94884,232.74
Pune,Baner & Balewadi,Premium,4,2155,4,0,0,Unfurnished,Mid (5-12),10,18.55249,73.78056,264.56
Bengaluru,Yelahanka & North Blr,Mid-Segment,1,476,1,3,8,Semi-Furnished,Ground-Low (1-4),4,13.10049,77.59323,36.12
Hyderabad,Tellapur & Nallagandla,Mid-Segment,3,1391,3,4,2,Semi-Furnished,High (13+),5,17.45774,78.32646,115.66
Bengaluru,Yelahanka & North Blr,Mid-Segment,2,1241,2,1,8,Semi-Furnished,Ground-Low (1-4),10,13.09368,77.57561,97.74
Bengaluru,Yelahanka & North Blr,Mid-Segment,1,497,1,0,8,Fully-Furnished,High (13+),5,13.09488,77.57602,41.82
Mumbai,Navi Mumbai (Vashi/Kharghar),Mid-Segment,3,1693,3,2,8,Unfurnished,Ground-Low (1-4),8,19.11001,73.03767,192.99
Mumbai,Navi Mumbai (Vashi/Kharghar),Mid-Segment,5,4014,5,2,0,Unfurnished,Ground-Low (1-4),6,19.10812,73.02348,464.06
Bengaluru,Electronic City,Mid-Segment,3,1815,4,3,2,Semi-Furnished,Mid (5-12),8,12.84543,77.68303,145.99
Hyderabad,Tellapur & Nallagandla,Mid-Segment,2,890,2,2,2,Semi-Furnished,Ground-Low (1-4),10,17.45954,78.32159,78.38
Hyderabad,Miyapur & Kukatpally,Mid-Segment,4,2508,5,4,0,Fully-Furnished,Mid (5-12),1,17.49902,78.38532,174.74
Delhi NCR,South Delhi (Vasant Vihar),Ultra Luxury,2,1063,3,1,0,Semi-Furnished,Ground-Low (1-4),7,28.5716,77.1608,347.62
Mumbai,Thane West,Mid-Segment,2,851,3,3,8,Semi-Furnished,Mid (5-12),6,19.27263,72.94777,134.31
Chennai,Anna Nagar,Premium,1,640,1,1,12,Semi-Furnished,Mid (5-12),6,13.0909,80.21741,63.92
Delhi NCR,Noida Sector 150/62,Mid-Segment,1,463,1,4,18,Semi-Furnished,High (13+),8,28.569,77.38101,38.93
Chennai,OMR IT Corridor (Perungudi),Mid-Segment,2,1116,3,4,2,Semi-Furnished,Mid (5-12),4,12.96294,80.27846,107.38
Pune,Hadapsar & Undri,Mid-Segment,2,892,2,2,5,Semi-Furnished,Mid (5-12),5,18.47698,73.93491,66.15
Chennai,Tambaram & Porur,Affordable,3,1425,4,1,5,Semi-Furnished,Mid (5-12),9,12.92056,80.15069,74.62
Mumbai,Thane West,Mid-Segment,3,1500,3,2,2,Semi-Furnished,Mid (5-12),8,19.26838,72.94995,242.58
Bengaluru,Yelahanka & North Blr,Mid-Segment,3,1398,3,4,0,Unfurnished,Mid (5-12),9,13.10203,77.58758,110.64
Hyderabad,Miyapur & Kukatpally,Mid-Segment,3,1935,3,1,2,Semi-Furnished,Ground-Low (1-4),7,17.48701,78.39194,132.28
Bengaluru,Yelahanka & North Blr,Mid-Segment,2,1190,3,1,5,Unfurnished,Mid (5-12),1,13.09564,77.58838,94.48
Chennai,Velachery,Mid-Segment,2,1109,3,3,5,Unfurnished,Mid (5-12),9,12.9832,80.23263,82.21
Delhi NCR,Greater Noida West,Affordable,3,1471,3,1,0,Unfurnished,Mid (5-12),1,28.53933,77.46154,77.72
Chennai,Adyar & Boat Club Area,Ultra Luxury,1,647,1,4,12,Unfurnished,Mid (5-12),3,12.99522,80.25786,92.83
Bengaluru,Yelahanka & North Blr,Mid-Segment,2,1008,3,3,8,Semi-Furnished,Mid (5-12),2,13.10517,77.59113,76.32
Mumbai,Thane West,Mid-Segment,3,1915,4,1,5,Semi-Furnished,Ground-Low (1-4),8,19.28195,72.9547,285.64
Hyderabad,Jubilee Hills & Banjara Hills,Ultra Luxury,3,1485,3,0,0,Unfurnished,Ground-Low (1-4),6,17.42609,78.41839,265.14
Delhi NCR,Cyber City & Sector 54,Premium,1,515,1,3,18,Semi-Furnished,Mid (5-12),10,28.47209,77.11706,85.23
Hyderabad,Miyapur & Kukatpally,Mid-Segment,3,1771,3,2,8,Semi-Furnished,Mid (5-12),9,17.48922,78.37683,115.17
Pune,Kharadi & Viman Nagar,Premium,2,1229,3,3,8,Semi-Furnished,Ground-Low (1-4),2,18.54535,73.93321,114.03
Bengaluru,HSR Layout & Sarjapur,Premium,3,1860,3,2,0,Fully-Furnished,High (13+),9,12.91167,77.65003,298.29
Delhi NCR,Golf Course Rd (Gurugram),Ultra Luxury,1,476,1,3,18,Semi-Furnished,Ground-Low (1-4),3,28.44752,77.09542,98.28
Delhi NCR,Greater Noida West,Affordable,3,1567,4,1,0,Semi-Furnished,Mid (5-12),2,28.531,77.46059,94.73
Bengaluru,Whitefield (IT Hub),Premium,2,1086,3,1,18,Fully-Furnished,Ground-Low (1-4),7,12.97638,77.73935,105.47
Bengaluru,Whitefield (IT Hub),Premium,4,2852,5,1,0,Unfurnished,Mid (5-12),3,12.9738,77.73217,278.14
Hyderabad,Tellapur & Nallagandla,Mid-Segment,2,1157,3,2,18,Semi-Furnished,Mid (5-12),1,17.47098,78.32861,73.73
Mumbai,Navi Mumbai (Vashi/Kharghar),Mid-Segment,2,1050,2,2,0,Unfurnished,Ground-Low (1-4),10,19.10146,73.03018,134.25
Pune,Kharadi & Viman Nagar,Premium,2,1193,3,3,8,Fully-Furnished,Ground-Low (1-4),4,18.54924,73.9345,117.66
Pune,Baner & Balewadi,Premium,3,1546,4,2,8,Fully-Furnished,Mid (5-12),5,18.56559,73.77849,182.6
Mumbai,Navi Mumbai (Vashi/Kharghar),Mid-Segment,1,481,1,1,2,Unfurnished,Mid (5-12),4,19.11276,73.02196,58.65
Delhi NCR,Golf Course Rd (Gurugram),Ultra Luxury,3,1926,3,2,8,Unfurnished,Mid (5-12),3,28.46189,77.10384,428.46
Chennai,Anna Nagar,Premium,1,639,1,1,2,Semi-Furnished,Mid (5-12),6,13.08568,80.20114,80.62
Mumbai,Powai-Andheri West,Premium,1,607,1,1,5,Unfurnished,Mid (5-12),3,19.18722,72.85326,130.72
Chennai,Anna Nagar,Premium,1,551,1,3,2,Unfurnished,Mid (5-12),4,13.09573,80.21551,76.65
Pune,Baner & Balewadi,Premium,5,4504,5,4,0,Unfurnished,High (13+),8,18.5519,73.78306,578.26
Pune,Baner & Balewadi,Premium,4,2472,5,2,2,Semi-Furnished,Mid (5-12),2,18.56803,73.7781,266.81
Hyderabad,Kondapur & HITECH City,Premium,2,916,3,1,8,Unfurnished,Mid (5-12),5,17.44668,78.3872,94.07
Chennai,Tambaram & Porur,Affordable,1,550,1,2,18,Fully-Furnished,Ground-Low (1-4),6,12.91355,80.15366,26.96
Bengaluru,Indiranagar & Koramangala,Ultra Luxury,4,3050,5,3,0,Unfurnished,Ground-Low (1-4),6,12.98695,77.63611,568.78
Chennai,Anna Nagar,Premium,5,3750,6,2,8,Semi-Furnished,Mid (5-12),8,13.09194,80.20226,489.58
Delhi NCR,South Delhi (Vasant Vihar),Ultra Luxury,3,1921,4,1,12,Semi-Furnished,Mid (5-12),1,28.56011,77.15,539.85
Bengaluru,Yelahanka & North Blr,Mid-Segment,2,875,2,2,25,Fully-Furnished,Mid (5-12),5,13.10769,77.57808,54.27
Chennai,Anna Nagar,Premium,3,1741,4,2,0,Unfurnished,High (13+),9,13.10217,80.21794,240.09
Pune,Kharadi & Viman Nagar,Premium,5,3852,5,1,2,Semi-Furnished,High (13+),3,18.55327,73.92457,388.55
Hyderabad,Tellapur & Nallagandla,Mid-Segment,2,1008,2,2,12,Fully-Furnished,Ground-Low (1-4),1,17.45573,78.32119,80.96
Delhi NCR,South Delhi (Vasant Vihar),Ultra Luxury,2,1016,3,4,5,Unfurnished,Ground-Low (1-4),8,28.55678,77.1655,325.43
Hyderabad,Jubilee Hills & Banjara Hills,Ultra Luxury,1,546,1,1,12,Semi-Furnished,Ground-Low (1-4),1,17.44303,78.42942,89.65
Delhi NCR,Golf Course Rd (Gurugram),Ultra Luxury,3,1752,4,2,5,Unfurnished,Ground-Low (1-4),3,28.45081,77.10566,457.92
Delhi NCR,South Delhi (Vasant Vihar),Ultra Luxury,2,1163,2,1,0,Fully-Furnished,Ground-Low (1-4),7,28.55846,77.1504,391.08
Delhi NCR,Golf Course Rd (Gurugram),Ultra Luxury,5,4407,5,3,12,Semi-Furnished,Ground-Low (1-4),4,28.46145,77.10573,1111.82
Pune,Koregaon Park & Kalyani Nagar,Ultra Luxury,2,921,2,2,5,Unfurnished,Mid (5-12),3,18.53483,73.90067,134.77
Mumbai,Thane West,Mid-Segment,3,1502,4,3,5,Semi-Furnished,High (13+),10,19.27788,72.9661,259.82
Chennai,Anna Nagar,Premium,3,1547,3,2,2,Semi-Furnished,High (13+),10,13.09982,80.20288,217.87
Hyderabad,Kondapur & HITECH City,Premium,1,496,1,2,12,Semi-Furnished,Mid (5-12),9,17.45012,78.38511,51.56
Hyderabad,Tellapur & Nallagandla,Mid-Segment,3,1838,4,1,0,Semi-Furnished,High (13+),8,17.45547,78.32711,168.78
Chennai,Adyar & Boat Club Area,Ultra Luxury,3,1888,3,2,2,Unfurnished,Mid (5-12),4,12.99917,80.24575,290.62
Pune,Wakad & Hinjewadi,Mid-Segment,1,521,1,2,8,Unfurnished,High (13+),7,18.59436,73.75605,42.18
Hyderabad,Miyapur & Kukatpally,Mid-Segment,2,992,3,2,5,Unfurnished,Mid (5-12),2,17.49216,78.39273,52.8
Mumbai,Navi Mumbai (Vashi/Kharghar),Mid-Segment,3,1370,3,2,0,Fully-Furnished,High (13+),9,19.09826,73.03664,191.59
Delhi NCR,South Delhi (Vasant Vihar),Ultra Luxury,3,1396,3,2,18,Fully-Furnished,Mid (5-12),4,28.56236,77.15405,407.79
Chennai,OMR IT Corridor (Perungudi),Mid-Segment,4,2959,5,1,8,Fully-Furnished,Mid (5-12),4,12.96616,80.27614,257.59
Bengaluru,Yelahanka & North Blr,Mid-Segment,2,1031,2,2,12,Unfurnished,High (13+),2,13.11056,77.5818,68.31
Pune,Baner & Balewadi,Premium,3,1488,4,2,12,Unfurnished,Mid (5-12),3,18.55874,73.79348,134.17
Hyderabad,Tellapur & Nallagandla,Mid-Segment,3,1559,3,4,8,Unfurnished,Mid (5-12),9,17.46913,78.32504,123.73
Chennai,Adyar & Boat Club Area,Ultra Luxury,3,1714,4,1,8,Unfurnished,Ground-Low (1-4),7,13.0016,80.26048,235.41
Pune,Baner & Balewadi,Premium,3,1681,4,2,0,Unfurnished,Ground-Low (1-4),9,18.55228,73.78976,176.14
Chennai,OMR IT Corridor (Perungudi),Mid-Segment,3,1715,4,1,2,Semi-Furnished,Mid (5-12),3,12.96611,80.27506,143.49
Mumbai,South Mumbai (Colaba/Worli),Ultra Luxury,1,479,1,2,0,Fully-Furnished,Ground-Low (1-4),2,19.12952,72.8302,203.25
Bengaluru,Yelahanka & North Blr,Mid-Segment,1,558,1,3,8,Unfurnished,Mid (5-12),5,13.10943,77.58425,39.91
Mumbai,Thane West,Mid-Segment,2,896,3,1,12,Semi-Furnished,Mid (5-12),3,19.27171,72.96352,116.06
Hyderabad,Gachibowli & Financial District,Premium,2,896,3,3,2,Unfurnished,Mid (5-12),5,17.43763,78.36994,108.97
Mumbai,South Mumbai (Colaba/Worli),Ultra Luxury,4,2864,4,2,0,Semi-Furnished,Mid (5-12),2,19.12891,72.8214,1276.23
Chennai,Velachery,Mid-Segment,2,921,3,2,2,Fully-Furnished,Mid (5-12),9,12.99208,80.23064,89.62
Pune,Kharadi & Viman Nagar,Premium,5,4092,5,3,0,Fully-Furnished,High (13+),4,18.55032,73.92162,489.31
Hyderabad,Gachibowli & Financial District,Premium,3,1457,3,2,0,Unfurnished,Ground-Low (1-4),5,17.45429,78.35715,164.47
Bengaluru,HSR Layout & Sarjapur,Premium,3,1370,3,2,8,Semi-Furnished,Mid (5-12),2,12.90656,77.64952,163.16
Pune,Kharadi & Viman Nagar,Premium,3,1561,4,1,0,Unfurnished,Mid (5-12),10,18.54923,73.92255,176.5
Hyderabad,Kondapur & HITECH City,Premium,1,562,1,1,0,Semi-Furnished,High (13+),9,17.46066,78.39016,71.22
Mumbai,Thane West,Mid-Segment,5,3508,5,1,0,Semi-Furnished,High (13+),10,19.26985,72.96312,682.63
Bengaluru,HSR Layout & Sarjapur,Premium,3,1631,3,2,5,Fully-Furnished,High (13+),8,12.90483,77.65723,243.94
Bengaluru,Indiranagar & Koramangala,Ultra Luxury,3,1467,4,0,0,Fully-Furnished,Mid (5-12),5,12.98845,77.64278,317.09
Pune,Koregaon Park & Kalyani Nagar,Ultra Luxury,3,1542,4,2,5,Semi-Furnished,High (13+),9,18.5345,73.90267,273.1
Hyderabad,Miyapur & Kukatpally,Mid-Segment,1,525,1,3,18,Fully-Furnished,Mid (5-12),9,17.49282,78.39613,32.07
Bengaluru,Electronic City,Mid-Segment,3,1405,3,0,12,Unfurnished,Mid (5-12),3,12.85836,77.66587,86.14
Chennai,OMR IT Corridor (Perungudi),Mid-Segment,2,1016,2,1,0,Semi-Furnished,High (13+),2,12.96739,80.28146,91.09
Bengaluru,Indiranagar & Koramangala,Ultra Luxury,4,3033,4,2,5,Semi-Furnished,Ground-Low (1-4),1,12.97502,77.63721,493.05
Pune,Koregaon Park & Kalyani Nagar,Ultra Luxury,2,899,3,1,0,Semi-Furnished,Mid (5-12),10,18.54204,73.90365,166.25
Chennai,Adyar & Boat Club Area,Ultra Luxury,2,975,2,3,12,Fully-Furnished,Mid (5-12),9,12.99379,80.25202,171.34
Chennai,Tambaram & Porur,Affordable,2,911,2,1,2,Fully-Furnished,Mid (5-12),7,12.93071,80.15173,65.13
Hyderabad,Miyapur & Kukatpally,Mid-Segment,2,1056,2,1,2,Semi-Furnished,Mid (5-12),4,17.49435,78.39354,64.31
Pune,Kharadi & Viman Nagar,Premium,3,1352,4,3,8,Unfurnished,High (13+),7,18.54984,73.92568,135.48
Pune,Wakad & Hinjewadi,Mid-Segment,2,1059,2,1,0,Fully-Furnished,Mid (5-12),8,18.59349,73.76426,107.4
Chennai,Adyar & Boat Club Area,Ultra Luxury,2,924,3,3,12,Unfurnished,Mid (5-12),1,12.99594,80.25224,125.49
Mumbai,Thane West,Mid-Segment,2,967,3,0,5,Semi-Furnished,Ground-Low (1-4),6,19.28581,72.96422,153.83
Delhi NCR,Noida Sector 150/62,Mid-Segment,1,478,1,0,2,Fully-Furnished,Ground-Low (1-4),1,28.57813,77.38774,42.64
Bengaluru,HSR Layout & Sarjapur,Premium,3,1763,3,0,5,Semi-Furnished,Ground-Low (1-4),5,12.90689,77.64801,194.11
Delhi NCR,Golf Course Rd (Gurugram),Ultra Luxury,3,1910,3,3,8,Semi-Furnished,Ground-Low (1-4),6,28.46206,77.10195,447.47
Mumbai,Powai-Andheri West,Premium,2,1073,3,1,2,Fully-Furnished,Mid (5-12),4,19.19204,72.85706,278.54
Bengaluru,Electronic City,Mid-Segment,1,623,1,3,5,Fully-Furnished,Mid (5-12),9,12.84843,77.67119,51.48
Mumbai,Powai-Andheri West,Premium,3,1543,3,2,5,Unfurnished,High (13+),9,19.19909,72.8602,368.76
Hyderabad,Tellapur & Nallagandla,Mid-Segment,4,2249,5,2,0,Unfurnished,Mid (5-12),3,17.46432,78.33434,186.12
Bengaluru,Electronic City,Mid-Segment,2,1028,3,2,8,Unfurnished,Mid (5-12),1,12.84642,77.68037,56.21
Mumbai,Navi Mumbai (Vashi/Kharghar),Mid-Segment,2,877,2,1,18,Semi-Furnished,Ground-Low (1-4),3,19.11123,73.02773,88.03
Pune,Baner & Balewadi,Premium,4,2116,5,3,2,Fully-Furnished,Mid (5-12),4,18.55091,73.78342,245.32
Pune,Wakad & Hinjewadi,Mid-Segment,1,494,1,2,18,Unfurnished,Ground-Low (1-4),7,18.58907,73.74894,32.66
Chennai,OMR IT Corridor (Perungudi),Mid-Segment,5,4405,6,0,8,Semi-Furnished,Ground-Low (1-4),4,12.95717,80.28954,369.32
Chennai,Velachery,Mid-Segment,3,1357,4,3,2,Unfurnished,Ground-Low (1-4),8,12.98922,80.23742,107.27
Delhi NCR,Noida Sector 150/62,Mid-Segment,2,880,2,4,5,Fully-Furnished,Mid (5-12),6,28.57861,77.37444,96.89
Bengaluru,Yelahanka & North Blr,Mid-Segment,2,1184,3,4,8,Semi-Furnished,Mid (5-12),2,13.09793,77.58128,88.86
Pune,Hadapsar & Undri,Mid-Segment,1,639,1,3,25,Fully-Furnished,Mid (5-12),8,18.48294,73.93679,38.14
Delhi NCR,Golf Course Rd (Gurugram),Ultra Luxury,1,644,1,1,2,Unfurnished,High (13+),10,28.44523,77.0953,182.99
Mumbai,South Mumbai (Colaba/Worli),Ultra Luxury,4,2186,5,2,5,Unfurnished,Mid (5-12),2,19.11668,72.83295,905.8
Pune,Hadapsar & Undri,Mid-Segment,2,910,2,1,5,Fully-Furnished,Ground-Low (1-4),10,18.47187,73.93053,74.66
Delhi NCR,Greater Noida West,Affordable,2,984,2,1,5,Semi-Furnished,High (13+),1,28.53349,77.45863,58.29
Hyderabad,Tellapur & Nallagandla,Mid-Segment,1,638,1,4,0,Unfurnished,High (13+),9,17.46677,78.32186,58.03
Hyderabad,Miyapur & Kukatpally,Mid-Segment,3,1480,3,2,2,Semi-Furnished,Ground-Low (1-4),7,17.50026,78.38153,109.42
Mumbai,Bandra-Juhu Belt,Ultra Luxury,1,645,1,3,8,Semi-Furnished,Mid (5-12),7,19.16339,72.83915,243.89
Delhi NCR,Noida Sector 150/62,Mid-Segment,3,1541,4,0,25,Semi-Furnished,Ground-Low (1-4),9,28.5755,77.38173,117.54
Hyderabad,Jubilee Hills & Banjara Hills,Ultra Luxury,2,1094,2,0,12,Unfurnished,Mid (5-12),6,17.43373,78.43496,165.57
Hyderabad,Kondapur & HITECH City,Premium,3,1505,3,0,25,Fully-Furnished,Mid (5-12),5,17.44639,78.38829,136.55
Hyderabad,Tellapur & Nallagandla,Mid-Segment,1,605,1,2,0,Semi-Furnished,Mid (5-12),4,17.46416,78.32923,55.56
Pune,Hadapsar & Undri,Mid-Segment,2,1074,2,1,5,Fully-Furnished,Ground-Low (1-4),4,18.47067,73.94668,75.73
Pune,Hadapsar & Undri,Mid-Segment,2,963,2,1,5,Semi-Furnished,Ground-Low (1-4),2,18.48733,73.93347,62.82
Chennai,OMR IT Corridor (Perungudi),Mid-Segment,2,1145,2,4,2,Unfurnished,Ground-Low (1-4),7,12.95622,80.29014,98.49
Pune,Wakad & Hinjewadi,Mid-Segment,2,858,2,1,0,Unfurnished,Ground-Low (1-4),3,18.58142,73.75665,72.18
Mumbai,Navi Mumbai (Vashi/Kharghar),Mid-Segment,1,456,1,1,5,Semi-Furnished,Mid (5-12),8,19.10053,73.02616,57.03
Pune,Hadapsar & Undri,Mid-Segment,1,574,1,1,5,Unfurnished,High (13+),1,18.47288,73.93012,37.21
Chennai,Velachery,Mid-Segment,3,1379,4,2,12,Semi-Furnished,Mid (5-12),10,12.97398,80.2265,111.17
Bengaluru,Whitefield (IT Hub),Premium,2,854,3,3,8,Unfurnished,High (13+),6,12.97484,77.72738,90.3
Delhi NCR,Noida Sector 150/62,Mid-Segment,1,454,1,1,2,Semi-Furnished,Ground-Low (1-4),3,28.57789,77.38344,40.61
Pune,Kharadi & Viman Nagar,Premium,1,531,1,1,2,Fully-Furnished,Ground-Low (1-4),9,18.54946,73.92176,68.73
Pune,Hadapsar & Undri,Mid-Segment,2,1231,2,1,0,Semi-Furnished,Ground-Low (1-4),3,18.47158,73.94203,78.58
Pune,Baner & Balewadi,Premium,3,1629,3,0,2,Semi-Furnished,High (13+),7,18.56769,73.79522,204.98
Hyderabad,Kondapur & HITECH City,Premium,2,1035,3,1,8,Unfurnished,Ground-Low (1-4),8,17.4553,78.37983,110.45
Mumbai,Powai-Andheri West,Premium,2,1150,3,4,0,Semi-Furnished,High (13+),10,19.18884,72.86274,322.14
Delhi NCR,Greater Noida West,Affordable,1,590,1,1,5,Semi-Furnished,Mid (5-12),1,28.53345,77.46713,37.26
Bengaluru,Whitefield (IT Hub),Premium,2,1169,2,2,5,Fully-Furnished,Ground-Low (1-4),8,12.98925,77.72486,129.22
Chennai,OMR IT Corridor (Perungudi),Mid-Segment,2,981,3,2,5,Unfurnished,Mid (5-12),8,12.96137,80.27893,88.93
Bengaluru,Indiranagar & Koramangala,Ultra Luxury,3,1410,3,1,12,Unfurnished,Mid (5-12),1,12.99139,77.63681,221.2
Delhi NCR,Greater Noida West,Affordable,3,1489,4,1,5,Fully-Furnished,Ground-Low (1-4),5,28.53556,77.45823,93.3
Hyderabad,Miyapur & Kukatpally,Mid-Segment,4,2663,4,4,5,Unfurnished,Ground-Low (1-4),6,17.48817,78.38236,166.69
Delhi NCR,Greater Noida West,Affordable,2,988,3,1,5,Fully-Furnished,High (13+),10,28.53505,77.45287,70.6
Pune,Hadapsar & Undri,Mid-Segment,3,1711,3,1,8,Semi-Furnished,Ground-Low (1-4),10,18.47728,73.93251,105.67
Bengaluru,Electronic City,Mid-Segment,2,1069,3,1,0,Unfurnished,Ground-Low (1-4),9,12.84727,77.6829,81.45
Chennai,Adyar & Boat Club Area,Ultra Luxury,3,1508,4,3,0,Semi-Furnished,Ground-Low (1-4),6,12.99833,80.25219,266.92
Delhi NCR,Greater Noida West,Affordable,2,884,2,0,12,Fully-Furnished,High (13+),4,28.52435,77.46175,55.72
Mumbai,Thane West,Mid-Segment,4,3178,5,0,5,Unfurnished,High (13+),3,19.27086,72.95914,450.47
Chennai,Adyar & Boat Club Area,Ultra Luxury,1,522,1,1,0,Semi-Furnished,Ground-Low (1-4),1,12.99414,80.24495,81.04
Hyderabad,Tellapur & Nallagandla,Mid-Segment,2,934,2,1,12,Semi-Furnished,High (13+),2,17.46035,78.32759,66.38
Pune,Wakad & Hinjewadi,Mid-Segment,2,926,3,1,5,Fully-Furnished,Mid (5-12),6,18.58641,73.76479,78.56
Hyderabad,Gachibowli & Financial District,Premium,3,1576,3,2,0,Unfurnished,Ground-Low (1-4),4,17.44993,78.3711,193.26
Hyderabad,Gachibowli & Financial District,Premium,2,1190,3,3,0,Semi-Furnished,Mid (5-12),2,17.44189,78.37166,154.6
Delhi NCR,Greater Noida West,Affordable,2,1052,2,3,0,Semi-Furnished,Ground-Low (1-4),1,28.54264,77.46136,62.84
Hyderabad,Jubilee Hills & Banjara Hills,Ultra Luxury,4,2909,5,2,8,Fully-Furnished,Mid (5-12),4,17.43356,78.4345,537.01
Bengaluru,Yelahanka & North Blr,Mid-Segment,2,956,3,1,12,Unfurnished,High (13+),10,13.1076,77.58193,69.62
Hyderabad,Kondapur & HITECH City,Premium,3,1452,4,1,12,Unfurnished,Ground-Low (1-4),7,17.44746,78.39396,133.88
Hyderabad,Jubilee Hills & Banjara Hills,Ultra Luxury,1,603,1,2,0,Semi-Furnished,High (13+),3,17.44252,78.4269,123.72
Hyderabad,Kondapur & HITECH City,Premium,3,1787,3,2,0,Semi-Furnished,High (13+),2,17.45478,78.3939,213.49
Pune,Hadapsar & Undri,Mid-Segment,4,2468,5,2,8,Semi-Furnished,Ground-Low (1-4),5,18.47641,73.94563,150.08
Delhi NCR,Cyber City & Sector 54,Premium,1,517,1,2,12,Unfurnished,Ground-Low (1-4),2,28.46497,77.1186,73.19
Hyderabad,Tellapur & Nallagandla,Mid-Segment,3,1817,4,0,18,Semi-Furnished,Ground-Low (1-4),2,17.47242,78.32112,115.77
Chennai,Velachery,Mid-Segment,3,1718,4,2,5,Semi-Furnished,High (13+),8,12.99222,80.23615,159.19
Bengaluru,HSR Layout & Sarjapur,Premium,3,1564,3,0,12,Semi-Furnished,High (13+),9,12.91991,77.64636,217.97
Mumbai,South Mumbai (Colaba/Worli),Ultra Luxury,3,1539,3,3,18,Unfurnished,Mid (5-12),9,19.13117,72.83101,519.19
Pune,Hadapsar & Undri,Mid-Segment,1,616,1,3,5,Fully-Furnished,High (13+),3,18.48279,73.9395,50.85
Mumbai,Bandra-Juhu Belt,Ultra Luxury,2,1099,3,1,25,Semi-Furnished,Ground-Low (1-4),8,19.15038,72.84738,276.11
Bengaluru,Yelahanka & North Blr,Mid-Segment,1,639,1,2,5,Semi-Furnished,Mid (5-12),4,13.10139,77.5748,49.85
Mumbai,Thane West,Mid-Segment,3,1565,3,2,0,Fully-Furnished,High (13+),9,19.27671,72.96186,300.52
Pune,Wakad & Hinjewadi,Mid-Segment,2,943,2,2,8,Unfurnished,Mid (5-12),9,18.58376,73.75949,74.8
Hyderabad,Miyapur & Kukatpally,Mid-Segment,2,1221,3,3,2,Semi-Furnished,Ground-Low (1-4),4,17.49261,78.3918,74.11
Chennai,Tambaram & Porur,Affordable,1,522,1,3,2,Semi-Furnished,Mid (5-12),8,12.9272,80.14873,28.02
Mumbai,South Mumbai (Colaba/Worli),Ultra Luxury,1,606,1,3,0,Semi-Furnished,High (13+),4,19.1269,72.82433,268.44
Hyderabad,Miyapur & Kukatpally,Mid-Segment,3,1940,3,2,18,Semi-Furnished,Ground-Low (1-4),3,17.50439,78.38765,102.69
Pune,Hadapsar & Undri,Mid-Segment,3,1631,4,1,0,Unfurnished,Ground-Low (1-4),5,18.48753,73.93488,110.24
Mumbai,Thane West,Mid-Segment,3,1794,3,1,0,Semi-Furnished,Mid (5-12),9,19.26999,72.9662,285.85
Hyderabad,Jubilee Hills & Banjara Hills,Ultra Luxury,2,1067,2,1,5,Semi-Furnished,Mid (5-12),8,17.43451,78.43053,202.62
Pune,Wakad & Hinjewadi,Mid-Segment,2,992,3,2,0,Semi-Furnished,Ground-Low (1-4),5,18.58546,73.75749,86.81
Hyderabad,Gachibowli & Financial District,Premium,5,4718,5,1,18,Semi-Furnished,High (13+),10,17.44338,78.37008,546.93
Delhi NCR,Noida Sector 150/62,Mid-Segment,2,1184,2,1,0,Semi-Furnished,Mid (5-12),5,28.5725,77.37831,125.09
Bengaluru,Indiranagar & Koramangala,Ultra Luxury,2,891,3,3,0,Fully-Furnished,Ground-Low (1-4),4,12.97903,77.63672,164.11
Hyderabad,Tellapur & Nallagandla,Mid-Segment,2,1055,3,2,25,Fully-Furnished,Ground-Low (1-4),10,17.45968,78.33648,73.59
Pune,Koregaon Park & Kalyani Nagar,Ultra Luxury,2,1122,3,1,2,Fully-Furnished,Mid (5-12),3,18.5318,73.89998,177.69
Pune,Kharadi & Viman Nagar,Premium,2,1016,2,2,8,Semi-Furnished,Mid (5-12),4,18.55099,73.9176,96.53
Delhi NCR,Noida Sector 150/62,Mid-Segment,4,3031,5,3,0,Semi-Furnished,Mid (5-12),5,28.57693,77.38119,297.05
Chennai,Adyar & Boat Club Area,Ultra Luxury,4,2673,5,1,2,Semi-Furnished,Mid (5-12),3,13.00207,80.24265,487.69
Hyderabad,Kondapur & HITECH City,Premium,1,586,1,2,25,Semi-Furnished,Mid (5-12),1,17.45373,78.3898,48.17
Delhi NCR,Cyber City & Sector 54,Premium,3,1458,3,0,5,Semi-Furnished,Ground-Low (1-4),5,28.47313,77.10377,242.33
Delhi NCR,South Delhi (Vasant Vihar),Ultra Luxury,4,2331,5,1,2,Semi-Furnished,Mid (5-12),5,28.55877,77.15781,801.29
Mumbai,Powai-Andheri West,Premium,2,900,2,2,2,Unfurnished,High (13+),7,19.18959,72.8672,220.35
Pune,Kharadi & Viman Nagar,Premium,2,994,2,2,8,Unfurnished,Mid (5-12),3,18.5503,73.92901,90.35
Hyderabad,Miyapur & Kukatpally,Mid-Segment,2,960,3,2,0,Fully-Furnished,Mid (5-12),6,17.48621,78.38506,74.95
Mumbai,South Mumbai (Colaba/Worli),Ultra Luxury,3,1728,4,2,25,Unfurnished,Mid (5-12),7,19.12444,72.833,561.77
Hyderabad,Kondapur & HITECH City,Premium,4,2796,4,3,8,Unfurnished,Mid (5-12),10,17.44695,78.38921,293.12
Mumbai,Navi Mumbai (Vashi/Kharghar),Mid-Segment,2,1026,2,1,2,Semi-Furnished,Mid (5-12),5,19.11441,73.036,128.89
Hyderabad,Miyapur & Kukatpally,Mid-Segment,2,1130,2,3,8,Unfurnished,Ground-Low (1-4),6,17.49378,78.38606,69.27
Delhi NCR,Greater Noida West,Affordable,1,606,1,2,5,Semi-Furnished,High (13+),4,28.53307,77.45907,35.42
Mumbai,Powai-Andheri West,Premium,3,1372,3,2,0,Fully-Furnished,Mid (5-12),1,19.20002,72.85606,354.15
Chennai,Adyar & Boat Club Area,Ultra Luxury,2,999,2,4,0,Semi-Furnished,Mid (5-12),1,13.01155,80.25495,180.25
Hyderabad,Jubilee Hills & Banjara Hills,Ultra Luxury,2,878,2,2,8,Semi-Furnished,Mid (5-12),10,17.44282,78.41822,158.53
Pune,Wakad & Hinjewadi,Mid-Segment,2,1037,2,1,8,Semi-Furnished,Mid (5-12),1,18.58355,73.76466,76.43
Pune,Koregaon Park & Kalyani Nagar,Ultra Luxury,2,900,2,2,2,Semi-Furnished,High (13+),3,18.53437,73.88677,159.79
Bengaluru,Yelahanka & North Blr,Mid-Segment,2,1015,3,3,5,Fully-Furnished,Ground-Low (1-4),3,13.10215,77.58111,80.1
Mumbai,Navi Mumbai (Vashi/Kharghar),Mid-Segment,3,1618,3,1,5,Fully-Furnished,High (13+),1,19.10427,73.03526,210.17
Hyderabad,Kondapur & HITECH City,Premium,3,1537,4,2,2,Semi-Furnished,Ground-Low (1-4),9,17.46215,78.39465,178.14
Mumbai,Navi Mumbai (Vashi/Kharghar),Mid-Segment,2,998,3,4,0,Semi-Furnished,High (13+),2,19.11525,73.03395,128.67
Bengaluru,Indiranagar & Koramangala,Ultra Luxury,2,859,3,0,0,Fully-Furnished,Mid (5-12),8,12.97709,77.62724,194.42
Chennai,Adyar & Boat Club Area,Ultra Luxury,1,520,1,1,0,Unfurnished,Mid (5-12),3,12.99523,80.24813,82.09
Mumbai,South Mumbai (Colaba/Worli),Ultra Luxury,1,561,1,2,5,Semi-Furnished,High (13+),1,19.12675,72.82306,254.35
Chennai,Velachery,Mid-Segment,1,507,1,2,2,Unfurnished,Mid (5-12),6,12.9758,80.23142,39.44
Chennai,Tambaram & Porur,Affordable,1,489,1,2,5,Unfurnished,Ground-Low (1-4),1,12.91927,80.15646,22.55
Bengaluru,Indiranagar & Koramangala,Ultra Luxury,3,1776,3,1,2,Semi-Furnished,High (13+),2,12.97319,77.63239,318.73
Bengaluru,HSR Layout & Sarjapur,Premium,2,936,2,1,5,Unfurnished,Ground-Low (1-4),5,12.90201,77.65498,107.39
Bengaluru,HSR Layout & Sarjapur,Premium,1,534,1,1,5,Semi-Furnished,Mid (5-12),4,12.9102,77.65419,65.13
Mumbai,South Mumbai (Colaba/Worli),Ultra Luxury,1,489,1,3,2,Semi-Furnished,Ground-Low (1-4),9,19.12302,72.83308,230.03
Chennai,Velachery,Mid-Segment,2,1060,3,2,8,Unfurnished,Mid (5-12),5,12.9905,80.23894,78.61
Pune,Koregaon Park & Kalyani Nagar,Ultra Luxury,2,1176,2,2,5,Unfurnished,High (13+),4,18.54008,73.89945,176.02
Hyderabad,Jubilee Hills & Banjara Hills,Ultra Luxury,4,2147,4,4,5,Unfurnished,Mid (5-12),2,17.44025,78.43368,331.07
Pune,Hadapsar & Undri,Mid-Segment,1,590,1,1,8,Fully-Furnished,Mid (5-12),2,18.4892,73.93761,39.87
Bengaluru,Yelahanka & North Blr,Mid-Segment,2,1166,2,1,25,Semi-Furnished,Mid (5-12),9,13.10125,77.59107,79.17
Delhi NCR,Noida Sector 150/62,Mid-Segment,3,1862,3,1,0,Unfurnished,High (13+),10,28.57864,77.37551,189.45
Delhi NCR,South Delhi (Vasant Vihar),Ultra Luxury,2,1237,3,2,5,Semi-Furnished,Ground-Low (1-4),7,28.56307,77.16193,372.99
Mumbai,Navi Mumbai (Vashi/Kharghar),Mid-Segment,2,1236,2,4,0,Semi-Furnished,Mid (5-12),7,19.1001,73.02711,176.02
Mumbai,Thane West,Mid-Segment,3,1730,4,2,5,Semi-Furnished,Ground-Low (1-4),6,19.27427,72.96311,248.59
Chennai,Tambaram & Porur,Affordable,4,3089,4,2,0,Semi-Furnished,Mid (5-12),5,12.9219,80.15382,194.17
Mumbai,Thane West,Mid-Segment,1,538,1,1,12,Fully-Furnished,Ground-Low (1-4),1,19.26814,72.95646,72.78
Bengaluru,Yelahanka & North Blr,Mid-Segment,5,3799,5,2,18,Unfurnished,Ground-Low (1-4),6,13.10092,77.58671,238.42
Mumbai,Navi Mumbai (Vashi/Kharghar),Mid-Segment,2,866,3,1,0,Unfurnished,Ground-Low (1-4),4,19.11398,73.02686,103.61
Mumbai,Powai-Andheri West,Premium,4,2334,5,1,0,Semi-Furnished,Mid (5-12),1,19.1961,72.85746,538.79
Pune,Kharadi & Viman Nagar,Premium,2,1014,2,0,0,Unfurnished,Ground-Low (1-4),3,18.5451,73.92272,97.74
Chennai,Tambaram & Porur,Affordable,3,1682,4,4,0,Semi-Furnished,Mid (5-12),6,12.92427,80.15971,101.88
Chennai,Tambaram & Porur,Affordable,3,1519,3,2,0,Fully-Furnished,Mid (5-12),5,12.92626,80.15711,109.49
Chennai,OMR IT Corridor (Perungudi),Mid-Segment,2,977,3,0,2,Unfurnished,High (13+),9,12.95674,80.29009,95.1
Mumbai,Thane West,Mid-Segment,2,1131,2,1,8,Fully-Furnished,Ground-Low (1-4),7,19.27036,72.96314,180.37
Bengaluru,Electronic City,Mid-Segment,2,1190,3,1,8,Unfurnished,Ground-Low (1-4),7,12.86101,77.6762,71.61
Delhi NCR,Noida Sector 150/62,Mid-Segment,1,486,1,2,18,Unfurnished,Mid (5-12),5,28.57596,77.38532,35.85
Mumbai,Thane West,Mid-Segment,2,1022,2,2,0,Semi-Furnished,Ground-Low (1-4),8,19.26674,72.96106,166.89
Mumbai,Bandra-Juhu Belt,Ultra Luxury,4,2884,5,1,18,Semi-Furnished,Mid (5-12),2,19.15062,72.84182,848.88
Delhi NCR,Noida Sector 150/62,Mid-Segment,1,602,1,1,0,Fully-Furnished,Ground-Low (1-4),3,28.58272,77.37331,59.81
Mumbai,Thane West,Mid-Segment,3,1585,4,1,25,Fully-Furnished,Mid (5-12),8,19.27047,72.96315,216.47
Bengaluru,Whitefield (IT Hub),Premium,1,504,1,0,0,Unfurnished,Ground-Low (1-4),1,12.98468,77.73981,47.09
Chennai,OMR IT Corridor (Perungudi),Mid-Segment,3,1914,4,4,5,Semi-Furnished,High (13+),3,12.96182,80.28775,166.67
Mumbai,Navi Mumbai (Vashi/Kharghar),Mid-Segment,4,3134,4,2,2,Unfurnished,High (13+),2,19.11086,73.02773,385.86
Chennai,OMR IT Corridor (Perungudi),Mid-Segment,3,1362,3,2,2,Semi-Furnished,High (13+),4,12.96376,80.28579,129.17
Pune,Wakad & Hinjewadi,Mid-Segment,3,1523,3,1,25,Semi-Furnished,Mid (5-12),5,18.58455,73.76566,99.16
Hyderabad,Kondapur & HITECH City,Premium,3,1911,3,2,8,Unfurnished,Mid (5-12),7,17.45859,78.37891,189.19
Pune,Hadapsar & Undri,Mid-Segment,2,1248,3,1,2,Semi-Furnished,Mid (5-12),8,18.48677,73.94122,85.64
Hyderabad,Tellapur & Nallagandla,Mid-Segment,2,980,3,2,5,Fully-Furnished,High (13+),9,17.47036,78.33043,99.22
Delhi NCR,Golf Course Rd (Gurugram),Ultra Luxury,2,1198,2,1,8,Unfurnished,Ground-Low (1-4),9,28.44871,77.0909,270.91
Chennai,OMR IT Corridor (Perungudi),Mid-Segment,3,1460,4,2,0,Fully-Furnished,High (13+),1,12.95392,80.28848,153.98
Delhi NCR,Greater Noida West,Affordable,4,2359,4,2,0,Unfurnished,Mid (5-12),1,28.53825,77.46099,134.43
Hyderabad,Gachibowli & Financial District,Premium,5,4710,5,2,5,Fully-Furnished,Mid (5-12),3,17.43733,78.36584,572.92
Hyderabad,Tellapur & Nallagandla,Mid-Segment,2,1146,3,2,12,Semi-Furnished,Ground-Low (1-4),6,17.45843,78.32364,80.68
Bengaluru,Whitefield (IT Hub),Premium,3,1648,3,2,5,Semi-Furnished,Ground-Low (1-4),1,12.97471,77.74106,161.69
Mumbai,Bandra-Juhu Belt,Ultra Luxury,2,928,3,2,5,Fully-Furnished,Mid (5-12),10,19.16354,72.84266,386.6
Chennai,Anna Nagar,Premium,4,2536,4,1,2,Semi-Furnished,Ground-Low (1-4),8,13.09329,80.20304,364.98
Pune,Koregaon Park & Kalyani Nagar,Ultra Luxury,3,1651,3,3,18,Unfurnished,Ground-Low (1-4),10,18.5355,73.8886,234.25
Pune,Hadapsar & Undri,Mid-Segment,3,1676,3,1,0,Semi-Furnished,Ground-Low (1-4),9,18.47975,73.92982,120.34
Delhi NCR,Noida Sector 150/62,Mid-Segment,3,1366,3,2,0,Semi-Furnished,High (13+),8,28.56588,77.38228,141.9
Pune,Baner & Balewadi,Premium,2,1017,2,1,2,Fully-Furnished,High (13+),7,18.57006,73.77684,146.34
Delhi NCR,Noida Sector 150/62,Mid-Segment,3,1598,3,3,5,Unfurnished,Ground-Low (1-4),2,28.5764,77.38824,132.12
Chennai,Tambaram & Porur,Affordable,1,549,1,3,5,Semi-Furnished,Mid (5-12),3,12.92215,80.14886,31.29
Chennai,Anna Nagar,Premium,2,1105,3,1,8,Unfurnished,Ground-Low (1-4),1,13.09098,80.2072,115.73
Delhi NCR,Golf Course Rd (Gurugram),Ultra Luxury,3,1618,3,1,0,Fully-Furnished,Mid (5-12),9,28.45396,77.09481,524.75
Pune,Hadapsar & Undri,Mid-Segment,1,487,1,2,5,Semi-Furnished,Mid (5-12),1,18.47979,73.93798,33.11
Bengaluru,Yelahanka & North Blr,Mid-Segment,3,1527,3,1,18,Semi-Furnished,High (13+),6,13.10428,77.58034,104.42
Hyderabad,Miyapur & Kukatpally,Mid-Segment,3,1375,3,1,0,Unfurnished,Mid (5-12),1,17.49753,78.39308,88.78
Chennai,OMR IT Corridor (Perungudi),Mid-Segment,3,1466,3,2,2,Unfurnished,Ground-Low (1-4),2,12.95489,80.28102,112.16
Delhi NCR,South Delhi (Vasant Vihar),Ultra Luxury,2,980,2,0,8,Fully-Furnished,Mid (5-12),6,28.56726,77.16043,327.87
Chennai,Tambaram & Porur,Affordable,3,1730,3,2,8,Unfurnished,Mid (5-12),4,12.93139,80.14548,100.89
Pune,Kharadi & Viman Nagar,Premium,3,1915,4,2,0,Semi-Furnished,Mid (5-12),8,18.55456,73.92152,213.72
Hyderabad,Gachibowli & Financial District,Premium,4,3178,4,1,0,Semi-Furnished,Ground-Low (1-4),7,17.43826,78.37198,376.93
Chennai,Velachery,Mid-Segment,2,1036,3,0,2,Unfurnished,Mid (5-12),5,12.97966,80.22615,82.44
Hyderabad,Miyapur & Kukatpally,Mid-Segment,2,1139,3,1,5,Unfurnished,Ground-Low (1-4),5,17.49221,78.38781,68.68
Hyderabad,Miyapur & Kukatpally,Mid-Segment,4,2779,5,1,8,Unfurnished,High (13+),10,17.49148,78.38841,196.47
Pune,Koregaon Park & Kalyani Nagar,Ultra Luxury,2,1194,2,3,2,Unfurnished,Ground-Low (1-4),8,18.53628,73.89621,176.76
Bengaluru,Whitefield (IT Hub),Premium,2,874,2,3,8,Unfurnished,Ground-Low (1-4),8,12.97373,77.74089,89.5
Hyderabad,Miyapur & Kukatpally,Mid-Segment,2,1011,3,0,5,Unfurnished,High (13+),5,17.50027,78.39129,71.17
Hyderabad,Miyapur & Kukatpally,Mid-Segment,1,470,1,0,2,Semi-Furnished,Ground-Low (1-4),9,17.48753,78.39014,31.95
Hyderabad,Gachibowli & Financial District,Premium,3,1516,3,3,12,Semi-Furnished,Ground-Low (1-4),3,17.44508,78.37573,145.71
Chennai,Velachery,Mid-Segment,2,1220,3,2,5,Unfurnished,Ground-Low (1-4),4,12.98852,80.22389,95.62
Bengaluru,Whitefield (IT Hub),Premium,2,1159,2,2,8,Unfurnished,Ground-Low (1-4),4,12.98587,77.73785,112.6
Mumbai,Navi Mumbai (Vashi/Kharghar),Mid-Segment,1,494,1,2,8,Unfurnished,Ground-Low (1-4),5,19.11175,73.02919,51.19
Hyderabad,Kondapur & HITECH City,Premium,1,509,1,3,5,Unfurnished,Mid (5-12),5,17.46287,78.37767,53.12
Bengaluru,HSR Layout & Sarjapur,Premium,1,521,1,4,12,Semi-Furnished,Mid (5-12),3,12.91255,77.65129,59.95
Hyderabad,Miyapur & Kukatpally,Mid-Segment,1,479,1,1,25,Unfurnished,High (13+),6,17.49499,78.39121,26.76
Hyderabad,Tellapur & Nallagandla,Mid-Segment,1,583,1,2,18,Semi-Furnished,Mid (5-12),9,17.45937,78.32965,41.75
Bengaluru,Electronic City,Mid-Segment,2,1142,3,0,8,Unfurnished,Ground-Low (1-4),5,12.84854,77.66798,71.53
Delhi NCR,Golf Course Rd (Gurugram),Ultra Luxury,3,1441,4,0,12,Unfurnished,Ground-Low (1-4),7,28.45108,77.09145,380.56
Hyderabad,Kondapur & HITECH City,Premium,3,1735,3,0,5,Semi-Furnished,Mid (5-12),3,17.45,78.3768,167.73
Bengaluru,Whitefield (IT Hub),Premium,1,514,1,1,2,Unfurnished,Mid (5-12),5,12.99018,77.73134,54.3
Pune,Wakad & Hinjewadi,Mid-Segment,3,1587,3,1,8,Unfurnished,Mid (5-12),4,18.58484,73.75477,118.27
Chennai,Tambaram & Porur,Affordable,2,865,3,2,2,Semi-Furnished,High (13+),5,12.92236,80.15959,57.38
Hyderabad,Tellapur & Nallagandla,Mid-Segment,3,1391,4,2,18,Semi-Furnished,High (13+),8,17.46043,78.33152,112.69
Hyderabad,Kondapur & HITECH City,Premium,3,1537,3,3,2,Semi-Furnished,Mid (5-12),4,17.45538,78.38525,176.96
Hyderabad,Gachibowli & Financial District,Premium,2,1174,2,0,0,Semi-Furnished,Mid (5-12),7,17.43936,78.37521,155.99
Bengaluru,HSR Layout & Sarjapur,Premium,3,1716,4,0,2,Unfurnished,Ground-Low (1-4),6,12.91612,77.65922,211.25
Bengaluru,Indiranagar & Koramangala,Ultra Luxury,4,2640,4,0,8,Unfurnished,Mid (5-12),8,12.98441,77.63434,404.83
Pune,Koregaon Park & Kalyani Nagar,Ultra Luxury,3,1603,4,3,0,Unfurnished,Mid (5-12),5,18.53905,73.88754,259.79
Pune,Koregaon Park & Kalyani Nagar,Ultra Luxury,1,567,1,2,8,Unfurnished,High (13+),4,18.53907,73.90256,93.41
Pune,Baner & Balewadi,Premium,2,1051,3,1,12,Unfurnished,Ground-Low (1-4),8,18.56857,73.78315,101.08
Bengaluru,Yelahanka & North Blr,Mid-Segment,2,1092,2,0,12,Unfurnished,Ground-Low (1-4),4,13.09426,77.58407,71.15
Delhi NCR,Cyber City & Sector 54,Premium,4,2425,5,1,5,Fully-Furnished,Mid (5-12),2,28.48194,77.1039,405.85
Pune,Koregaon Park & Kalyani Nagar,Ultra Luxury,2,1245,2,2,5,Semi-Furnished,Ground-Low (1-4),1,18.54161,73.89844,176.87
Pune,Koregaon Park & Kalyani Nagar,Ultra Luxury,2,1195,2,2,0,Unfurnished,Mid (5-12),3,18.54319,73.88676,183.51
Bengaluru,Electronic City,Mid-Segment,2,978,2,2,5,Fully-Furnished,High (13+),8,12.84271,77.67894,92.19
Mumbai,Navi Mumbai (Vashi/Kharghar),Mid-Segment,4,2851,5,0,0,Fully-Furnished,Mid (5-12),10,19.09891,73.03149,420.03
Hyderabad,Tellapur & Nallagandla,Mid-Segment,2,1177,3,3,0,Semi-Furnished,High (13+),2,17.47439,78.33581,105.44
Bengaluru,Yelahanka & North Blr,Mid-Segment,2,1054,2,2,5,Semi-Furnished,Mid (5-12),7,13.09558,77.58254,94.33
Hyderabad,Miyapur & Kukatpally,Mid-Segment,2,1238,3,2,2,Unfurnished,Ground-Low (1-4),6,17.48908,78.37963,71.69
Pune,Koregaon Park & Kalyani Nagar,Ultra Luxury,2,1187,2,4,12,Semi-Furnished,Ground-Low (1-4),3,18.53821,73.8959,161.82
Chennai,OMR IT Corridor (Perungudi),Mid-Segment,5,3575,6,1,5,Fully-Furnished,High (13+),6,12.96967,80.28164,340.75
Pune,Baner & Balewadi,Premium,3,1416,4,1,25,Semi-Furnished,Ground-Low (1-4),3,18.56977,73.7954,116.14
Bengaluru,HSR Layout & Sarjapur,Premium,3,1742,4,2,2,Semi-Furnished,Ground-Low (1-4),2,12.91117,77.66257,213.02
Bengaluru,Electronic City,Mid-Segment,3,1828,3,2,8,Fully-Furnished,Mid (5-12),8,12.85983,77.67611,133.97
Delhi NCR,Cyber City & Sector 54,Premium,3,1925,3,4,5,Semi-Furnished,Ground-Low (1-4),6,28.48175,77.10003,333.77
Delhi NCR,South Delhi (Vasant Vihar),Ultra Luxury,1,490,1,2,25,Fully-Furnished,Mid (5-12),8,28.56042,77.15029,134.92
Delhi NCR,Golf Course Rd (Gurugram),Ultra Luxury,4,2951,4,3,12,Semi-Furnished,Mid (5-12),9,28.44915,77.09818,728.31
Delhi NCR,Cyber City & Sector 54,Premium,2,940,2,1,8,Fully-Furnished,Ground-Low (1-4),6,28.4666,77.10982,165.8
Pune,Kharadi & Viman Nagar,Premium,1,503,1,0,8,Semi-Furnished,High (13+),8,18.54966,73.93559,53.79
Hyderabad,Jubilee Hills & Banjara Hills,Ultra Luxury,4,3171,4,0,2,Semi-Furnished,Ground-Low (1-4),3,17.44357,78.42243,578.11
Pune,Kharadi & Viman Nagar,Premium,2,992,2,2,8,Semi-Furnished,Ground-Low (1-4),1,18.54471,73.93099,90.04
Mumbai,Powai-Andheri West,Premium,3,1636,4,2,5,Semi-Furnished,High (13+),1,19.1901,72.86719,377.95
Hyderabad,Gachibowli & Financial District,Premium,2,876,3,1,5,Unfurnished,Ground-Low (1-4),5,17.4545,78.37095,87.62
Hyderabad,Kondapur & HITECH City,Premium,3,1692,3,0,0,Semi-Furnished,Mid (5-12),4,17.46487,78.39089,184.24
Hyderabad,Gachibowli & Financial District,Premium,4,2355,5,0,2,Semi-Furnished,Mid (5-12),7,17.44225,78.37587,308.15
Delhi NCR,Cyber City & Sector 54,Premium,2,1079,3,1,2,Unfurnished,Mid (5-12),10,28.47134,77.1023,203.21
Delhi NCR,Noida Sector 150/62,Mid-Segment,3,1656,3,1,2,Unfurnished,Ground-Low (1-4),6,28.57524,77.37552,148.62
Chennai,OMR IT Corridor (Perungudi),Mid-Segment,2,1082,3,2,25,Semi-Furnished,High (13+),3,12.95777,80.27631,75.51
Mumbai,South Mumbai (Colaba/Worli),Ultra Luxury,2,888,3,3,0,Semi-Furnished,Ground-Low (1-4),6,19.12995,72.8245,397.64
Chennai,Velachery,Mid-Segment,2,1090,2,1,5,Unfurnished,Ground-Low (1-4),9,12.97858,80.22622,75.09
Pune,Koregaon Park & Kalyani Nagar,Ultra Luxury,1,549,1,2,2,Unfurnished,Ground-Low (1-4),8,18.53261,73.89594,92.65
Chennai,Tambaram & Porur,Affordable,2,1034,2,3,0,Fully-Furnished,Mid (5-12),7,12.92086,80.14425,75.49
Delhi NCR,Noida Sector 150/62,Mid-Segment,3,1731,3,2,5,Unfurnished,Mid (5-12),6,28.57475,77.37385,152.1
Hyderabad,Tellapur & Nallagandla,Mid-Segment,1,540,1,2,8,Unfurnished,Mid (5-12),9,17.45738,78.32616,43.15
Hyderabad,Gachibowli & Financial District,Premium,4,2299,5,3,8,Semi-Furnished,Ground-Low (1-4),9,17.44556,78.36474,286.86
Delhi NCR,Noida Sector 150/62,Mid-Segment,4,2877,5,3,5,Unfurnished,Ground-Low (1-4),5,28.56927,77.3765,232.16
Bengaluru,Electronic City,Mid-Segment,2,1020,2,2,0,Semi-Furnished,Mid (5-12),10,12.84713,77.6656,79.33
Pune,Hadapsar & Undri,Mid-Segment,2,1143,3,1,5,Fully-Furnished,Mid (5-12),3,18.48984,73.92863,79.71
Mumbai,Bandra-Juhu Belt,Ultra Luxury,2,905,3,1,18,Unfurnished,High (13+),1,19.15136,72.8289,250.36
Hyderabad,Jubilee Hills & Banjara Hills,Ultra Luxury,5,4032,5,3,25,Semi-Furnished,Ground-Low (1-4),6,17.42695,78.42959,550.68
Pune,Kharadi & Viman Nagar,Premium,2,1205,2,1,0,Semi-Furnished,Ground-Low (1-4),3,18.54798,73.93236,120.91
Bengaluru,Whitefield (IT Hub),Premium,1,603,1,2,12,Semi-Furnished,Ground-Low (1-4),7,12.98474,77.74106,59.43
Delhi NCR,Greater Noida West,Affordable,1,627,1,4,18,Semi-Furnished,Ground-Low (1-4),7,28.52673,77.45518,29.91
Pune,Baner & Balewadi,Premium,2,873,3,3,0,Fully-Furnished,Ground-Low (1-4),6,18.56414,73.79389,110.71
Bengaluru,Indiranagar & Koramangala,Ultra Luxury,2,938,3,1,5,Semi-Furnished,Mid (5-12),6,12.98072,77.63575,166.08
Hyderabad,Tellapur & Nallagandla,Mid-Segment,2,1155,2,1,25,Semi-Furnished,Mid (5-12),6,17.46403,78.31988,79.88
Delhi NCR,Golf Course Rd (Gurugram),Ultra Luxury,3,1465,4,4,18,Semi-Furnished,High (13+),1,28.44638,77.10517,341.51
Hyderabad,Miyapur & Kukatpally,Mid-Segment,2,877,3,1,5,Semi-Furnished,Mid (5-12),9,17.49968,78.39194,55.22
Hyderabad,Jubilee Hills & Banjara Hills,Ultra Luxury,3,1833,3,1,0,Unfurnished,Mid (5-12),3,17.43839,78.4319,326.86
Hyderabad,Tellapur & Nallagandla,Mid-Segment,2,1195,2,0,2,Semi-Furnished,Ground-Low (1-4),3,17.46876,78.32368,99.84
Delhi NCR,Cyber City & Sector 54,Premium,3,1933,3,3,2,Unfurnished,Ground-Low (1-4),1,28.46979,77.10037,322.46
Bengaluru,Indiranagar & Koramangala,Ultra Luxury,2,1229,2,0,5,Unfurnished,Mid (5-12),3,12.98609,77.63748,223.88
Delhi NCR,South Delhi (Vasant Vihar),Ultra Luxury,3,1386,4,2,0,Unfurnished,Ground-Low (1-4),3,28.55424,77.15292,374.72
Chennai,Anna Nagar,Premium,3,1619,3,2,2,Fully-Furnished,Ground-Low (1-4),5,13.08955,80.2032,213.22
Mumbai,Navi Mumbai (Vashi/Kharghar),Mid-Segment,2,1176,2,3,0,Fully-Furnished,High (13+),1,19.10756,73.03746,176.43
Delhi NCR,Golf Course Rd (Gurugram),Ultra Luxury,2,930,3,1,5,Semi-Furnished,Mid (5-12),8,28.44405,77.09903,273.39
Delhi NCR,Noida Sector 150/62,Mid-Segment,2,952,2,0,2,Unfurnished,Mid (5-12),6,28.57431,77.37595,90.23
Bengaluru,HSR Layout & Sarjapur,Premium,2,889,2,1,0,Semi-Furnished,High (13+),6,12.90239,77.65077,127.22
Hyderabad,Tellapur & Nallagandla,Mid-Segment,2,980,3,2,25,Unfurnished,Ground-Low (1-4),5,17.46444,78.31982,60.97
Hyderabad,Tellapur & Nallagandla,Mid-Segment,2,1150,2,2,2,Semi-Furnished,Mid (5-12),10,17.45872,78.32981,113.24
Mumbai,South Mumbai (Colaba/Worli),Ultra Luxury,2,1023,2,2,2,Fully-Furnished,Mid (5-12),4,19.13579,72.82837,451.14
Mumbai,Bandra-Juhu Belt,Ultra Luxury,4,3006,5,1,25,Semi-Furnished,High (13+),4,19.15297,72.84245,876.36
Chennai,Adyar & Boat Club Area,Ultra Luxury,2,955,2,2,12,Unfurnished,Ground-Low (1-4),7,12.99733,80.25342,122.36
Bengaluru,Electronic City,Mid-Segment,2,872,2,2,18,Fully-Furnished,Ground-Low (1-4),5,12.84804,77.66615,51.37
Delhi NCR,Noida Sector 150/62,Mid-Segment,1,587,1,1,0,Semi-Furnished,Ground-Low (1-4),4,28.57035,77.38341,53.1
Chennai,OMR IT Corridor (Perungudi),Mid-Segment,2,1231,2,2,2,Unfurnished,Ground-Low (1-4),5,12.96765,80.27121,93.95
Delhi NCR,Noida Sector 150/62,Mid-Segment,1,461,1,1,0,Fully-Furnished,Ground-Low (1-4),3,28.57162,77.3729,39.95
Bengaluru,Electronic City,Mid-Segment,2,958,3,2,12,Semi-Furnished,Ground-Low (1-4),2,12.86055,77.67546,59.88
Mumbai,Powai-Andheri West,Premium,3,1387,3,0,5,Fully-Furnished,Mid (5-12),10,19.19633,72.84785,407.32
Hyderabad,Gachibowli & Financial District,Premium,3,1589,3,0,5,Unfurnished,Ground-Low (1-4),9,17.4381,78.36919,182.46
Chennai,Tambaram & Porur,Affordable,3,1940,3,1,25,Unfurnished,Ground-Low (1-4),3,12.9127,80.15852,68.84
Pune,Hadapsar & Undri,Mid-Segment,1,525,1,2,18,Unfurnished,Ground-Low (1-4),8,18.47731,73.93413,27.42
Delhi NCR,Golf Course Rd (Gurugram),Ultra Luxury,3,1834,4,1,5,Unfurnished,High (13+),7,28.44986,77.09346,511.31
Chennai,Velachery,Mid-Segment,2,1178,2,1,5,Semi-Furnished,Mid (5-12),8,12.98539,80.2293,98.24
Hyderabad,Miyapur & Kukatpally,Mid-Segment,5,3824,6,2,0,Semi-Furnished,Ground-Low (1-4),10,17.50359,78.38609,277.53
Bengaluru,Whitefield (IT Hub),Premium,1,509,1,2,0,Unfurnished,Ground-Low (1-4),7,12.98868,77.73672,54.12
Hyderabad,Miyapur & Kukatpally,Mid-Segment,2,912,2,2,0,Fully-Furnished,Ground-Low (1-4),9,17.50266,78.39576,69.79
Delhi NCR,Cyber City & Sector 54,Premium,1,605,1,2,5,Semi-Furnished,Ground-Low (1-4),2,28.48309,77.10402,99.66
Delhi NCR,Noida Sector 150/62,Mid-Segment,2,1033,3,1,5,Semi-Furnished,Ground-Low (1-4),7,28.56628,77.37467,94.79
Bengaluru,Yelahanka & North Blr,Mid-Segment,2,1116,2,2,5,Unfurnished,High (13+),2,13.10898,77.59326,86.01
Delhi NCR,South Delhi (Vasant Vihar),Ultra Luxury,4,3149,4,0,5,Semi-Furnished,High (13+),5,28.56536,77.16113,1053.7
Delhi NCR,South Delhi (Vasant Vihar),Ultra Luxury,2,1083,3,3,2,Fully-Furnished,Mid (5-12),6,28.57165,77.15726,376.66
Pune,Baner & Balewadi,Premium,2,1009,3,1,12,Semi-Furnished,Ground-Low (1-4),10,18.56331,73.78581,109.06
Hyderabad,Kondapur & HITECH City,Premium,2,1223,2,2,5,Semi-Furnished,Ground-Low (1-4),9,17.46356,78.3802,134.71
Pune,Baner & Balewadi,Premium,2,957,3,2,8,Unfurnished,High (13+),1,18.559,73.7889,88.41
Pune,Hadapsar & Undri,Mid-Segment,2,1245,2,2,2,Fully-Furnished,Ground-Low (1-4),4,18.48001,73.92966,94.24
Delhi NCR,Cyber City & Sector 54,Premium,3,1641,3,1,0,Semi-Furnished,Mid (5-12),10,28.47505,77.10592,294.07
Hyderabad,Gachibowli & Financial District,Premium,2,1160,3,1,8,Semi-Furnished,Mid (5-12),5,17.44167,78.3586,128.1
Chennai,Tambaram & Porur,Affordable,1,481,1,1,0,Semi-Furnished,Mid (5-12),9,12.91851,80.14835,26.86
Pune,Baner & Balewadi,Premium,3,1419,4,3,5,Semi-Furnished,Mid (5-12),4,18.55862,73.79249,155.31
Bengaluru,HSR Layout & Sarjapur,Premium,1,584,1,1,5,Fully-Furnished,Mid (5-12),3,12.90634,77.65349,84.42
Pune,Hadapsar & Undri,Mid-Segment,3,1825,3,1,0,Fully-Furnished,Ground-Low (1-4),6,18.48534,73.93868,148.02
Chennai,OMR IT Corridor (Perungudi),Mid-Segment,2,876,2,1,2,Unfurnished,Mid (5-12),9,12.96338,80.28759,80.86
Pune,Kharadi & Viman Nagar,Premium,2,1106,2,2,2,Unfurnished,Mid (5-12),7,18.55721,73.9243,105.6
Bengaluru,Indiranagar & Koramangala,Ultra Luxury,3,1907,4,3,8,Fully-Furnished,Ground-Low (1-4),2,12.98093,77.63521,342.86
Mumbai,Powai-Andheri West,Premium,3,1735,4,1,2,Unfurnished,Mid (5-12),10,19.19927,72.84978,416.83
Delhi NCR,Greater Noida West,Affordable,2,1085,3,1,18,Fully-Furnished,Ground-Low (1-4),8,28.54281,77.46895,60.09
Delhi NCR,Golf Course Rd (Gurugram),Ultra Luxury,5,4276,5,3,5,Semi-Furnished,Ground-Low (1-4),1,28.44501,77.0913,1064.78
Bengaluru,Indiranagar & Koramangala,Ultra Luxury,3,1822,3,1,5,Unfurnished,Ground-Low (1-4),1,12.98055,77.62777,294.24
Delhi NCR,Golf Course Rd (Gurugram),Ultra Luxury,5,4316,5,2,0,Semi-Furnished,Ground-Low (1-4),8,28.44641,77.09178,1150.58
Hyderabad,Gachibowli & Financial District,Premium,3,1613,3,2,0,Semi-Furnished,High (13+),9,17.44602,78.37495,246.2
Delhi NCR,Noida Sector 150/62,Mid-Segment,1,584,1,3,8,Fully-Furnished,Ground-Low (1-4),6,28.58009,77.38304,52.23
Pune,Hadapsar & Undri,Mid-Segment,3,1572,4,2,2,Fully-Furnished,Mid (5-12),6,18.4805,73.93468,128.03
Bengaluru,HSR Layout & Sarjapur,Premium,2,952,3,3,0,Fully-Furnished,Mid (5-12),6,12.90676,77.66401,145.66
Bengaluru,Yelahanka & North Blr,Mid-Segment,2,922,3,1,8,Unfurnished,High (13+),7,13.09839,77.57958,73.02
Bengaluru,Whitefield (IT Hub),Premium,4,2238,5,2,0,Fully-Furnished,Mid (5-12),3,12.98465,77.73071,257.43
Pune,Hadapsar & Undri,Mid-Segment,2,1043,3,2,2,Semi-Furnished,Ground-Low (1-4),9,18.48456,73.9407,73.19
Mumbai,Thane West,Mid-Segment,2,1191,3,2,8,Unfurnished,High (13+),7,19.27861,72.95113,183.58
Bengaluru,Indiranagar & Koramangala,Ultra Luxury,3,1724,3,2,2,Semi-Furnished,Mid (5-12),7,12.98149,77.62544,315.44
Hyderabad,Miyapur & Kukatpally,Mid-Segment,4,2755,5,2,12,Unfurnished,Mid (5-12),5,17.50004,78.37679,168.48
Hyderabad,Miyapur & Kukatpally,Mid-Segment,5,3634,5,2,0,Semi-Furnished,Mid (5-12),7,17.48687,78.37754,282.21
Bengaluru,Whitefield (IT Hub),Premium,1,528,1,1,5,Semi-Furnished,High (13+),4,12.97232,77.73885,56.48
Delhi NCR,Noida Sector 150/62,Mid-Segment,4,2566,4,1,8,Semi-Furnished,Mid (5-12),5,28.57314,77.37578,212.77
Bengaluru,Yelahanka & North Blr,Mid-Segment,2,896,3,4,5,Unfurnished,Mid (5-12),9,13.09652,77.59126,66.32
Bengaluru,Yelahanka & North Blr,Mid-Segment,1,517,1,1,5,Semi-Furnished,High (13+),9,13.11035,77.57481,42.73
Hyderabad,Miyapur & Kukatpally,Mid-Segment,4,2522,4,0,0,Semi-Furnished,High (13+),10,17.49633,78.38414,203.61
Mumbai,Navi Mumbai (Vashi/Kharghar),Mid-Segment,1,562,1,1,12,Semi-Furnished,Ground-Low (1-4),9,19.09956,73.02116,62.66
Hyderabad,Gachibowli & Financial District,Premium,2,1142,3,2,0,Unfurnished,Mid (5-12),4,17.45253,78.36443,132.56
Chennai,Adyar & Boat Club Area,Ultra Luxury,2,1130,3,2,2,Fully-Furnished,Ground-Low (1-4),8,13.00212,80.25998,213.9
Mumbai,Bandra-Juhu Belt,Ultra Luxury,2,930,3,3,2,Unfurnished,Ground-Low (1-4),7,19.15484,72.83854,325.02
Hyderabad,Kondapur & HITECH City,Premium,1,636,1,1,8,Unfurnished,Mid (5-12),9,17.46413,78.38602,64.83
Chennai,Adyar & Boat Club Area,Ultra Luxury,2,1084,3,2,5,Semi-Furnished,Mid (5-12),7,13.00342,80.24466,195.12
Mumbai,South Mumbai (Colaba/Worli),Ultra Luxury,3,1356,4,2,0,Semi-Furnished,Ground-Low (1-4),10,19.12384,72.82794,630.62
Chennai,Velachery,Mid-Segment,2,1026,2,2,0,Semi-Furnished,Ground-Low (1-4),9,12.99224,80.22144,90.38
Pune,Kharadi & Viman Nagar,Premium,5,4282,5,1,2,Semi-Furnished,Mid (5-12),2,18.55566,73.92954,426.41
Pune,Wakad & Hinjewadi,Mid-Segment,3,1532,3,2,18,Unfurnished,Ground-Low (1-4),3,18.5978,73.75028,93.4
Mumbai,Thane West,Mid-Segment,2,1098,2,2,8,Fully-Furnished,Ground-Low (1-4),5,19.28142,72.956,171.05
Bengaluru,Whitefield (IT Hub),Premium,3,1752,3,2,8,Semi-Furnished,Mid (5-12),5,12.98701,77.736,169.44
Mumbai,South Mumbai (Colaba/Worli),Ultra Luxury,2,1025,3,3,5,Unfurnished,High (13+),5,19.12527,72.82315,424.77
Hyderabad,Kondapur & HITECH City,Premium,1,478,1,3,5,Fully-Furnished,High (13+),7,17.45473,78.38312,64.47
Chennai,Adyar & Boat Club Area,Ultra Luxury,3,1389,4,0,5,Semi-Furnished,Ground-Low (1-4),8,12.99429,80.25324,215.72
Pune,Koregaon Park & Kalyani Nagar,Ultra Luxury,3,1902,4,2,2,Semi-Furnished,Ground-Low (1-4),5,18.54432,73.89375,313.14
Delhi NCR,Golf Course Rd (Gurugram),Ultra Luxury,2,939,3,1,8,Semi-Furnished,Mid (5-12),10,28.46129,77.10151,246.19
Mumbai,Navi Mumbai (Vashi/Kharghar),Mid-Segment,2,1163,3,1,18,Fully-Furnished,Mid (5-12),10,19.11514,73.01785,131.21
Bengaluru,Whitefield (IT Hub),Premium,3,1412,3,3,0,Unfurnished,High (13+),6,12.98867,77.73866,154.11
Hyderabad,Tellapur & Nallagandla,Mid-Segment,2,850,3,1,25,Unfurnished,Mid (5-12),6,17.45903,78.32378,51.41
Mumbai,Bandra-Juhu Belt,Ultra Luxury,2,1158,3,1,12,Semi-Furnished,Mid (5-12),8,19.1479,72.84586,359.22
Delhi NCR,Cyber City & Sector 54,Premium,2,992,2,0,8,Semi-Furnished,Ground-Low (1-4),4,28.48175,77.11438,161.33
Mumbai,South Mumbai (Colaba/Worli),Ultra Luxury,2,1045,2,0,5,Fully-Furnished,Mid (5-12),8,19.12835,72.83529,494.18
Chennai,Velachery,Mid-Segment,2,962,3,4,0,Semi-Furnished,Ground-Low (1-4),7,12.98548,80.22273,89.03
Mumbai,Bandra-Juhu Belt,Ultra Luxury,1,586,1,1,2,Fully-Furnished,Mid (5-12),10,19.16322,72.84067,228.43
Hyderabad,Gachibowli & Financial District,Premium,2,918,2,4,0,Fully-Furnished,Ground-Low (1-4),4,17.4438,78.37513,117.37
Pune,Wakad & Hinjewadi,Mid-Segment,3,1576,3,1,8,Fully-Furnished,Mid (5-12),9,18.59812,73.75446,136.37
Hyderabad,Tellapur & Nallagandla,Mid-Segment,2,953,3,1,0,Unfurnished,High (13+),5,17.45629,78.33445,92.74
Chennai,Velachery,Mid-Segment,1,562,1,3,8,Semi-Furnished,Mid (5-12),6,12.98923,80.23525,39.33
Hyderabad,Jubilee Hills & Banjara Hills,Ultra Luxury,3,1902,3,2,5,Semi-Furnished,Ground-Low (1-4),8,17.43155,78.43124,340.13
Hyderabad,Kondapur & HITECH City,Premium,4,2201,5,2,18,Semi-Furnished,High (13+),5,17.45023,78.37826,226.48
Bengaluru,HSR Layout & Sarjapur,Premium,3,1390,3,1,18,Semi-Furnished,Mid (5-12),10,12.91782,77.64612,154.0
Pune,Hadapsar & Undri,Mid-Segment,3,1616,4,2,0,Unfurnished,Ground-Low (1-4),5,18.48437,73.93931,109.33
Pune,Kharadi & Viman Nagar,Premium,3,1684,4,1,18,Semi-Furnished,Ground-Low (1-4),9,18.55251,73.92724,133.2
Chennai,Anna Nagar,Premium,1,481,1,2,0,Fully-Furnished,Ground-Low (1-4),9,13.08825,80.21976,69.03
Delhi NCR,South Delhi (Vasant Vihar),Ultra Luxury,3,1660,4,1,0,Semi-Furnished,Mid (5-12),5,28.55947,77.15677,617.91
Delhi NCR,Golf Course Rd (Gurugram),Ultra Luxury,1,507,1,1,18,Unfurnished,High (13+),4,28.46313,77.10852,117.34
Pune,Hadapsar & Undri,Mid-Segment,4,2110,5,3,5,Semi-Furnished,Mid (5-12),1,18.48669,73.93219,127.99
Bengaluru,Whitefield (IT Hub),Premium,4,2905,4,2,18,Semi-Furnished,High (13+),7,12.99053,77.73833,291.84
Mumbai,Navi Mumbai (Vashi/Kharghar),Mid-Segment,1,566,1,1,5,Semi-Furnished,Mid (5-12),5,19.11435,73.02563,71.22
Chennai,Adyar & Boat Club Area,Ultra Luxury,2,919,2,1,2,Fully-Furnished,High (13+),3,12.99467,80.25028,160.7
Chennai,Velachery,Mid-Segment,1,570,1,1,5,Fully-Furnished,Ground-Low (1-4),10,12.98698,80.23373,48.88
Chennai,OMR IT Corridor (Perungudi),Mid-Segment,2,1188,2,3,0,Unfurnished,Mid (5-12),8,12.9672,80.27599,112.05
Delhi NCR,Golf Course Rd (Gurugram),Ultra Luxury,3,1598,4,0,18,Fully-Furnished,High (13+),6,28.44848,77.10813,408.64
Hyderabad,Kondapur & HITECH City,Premium,2,954,2,3,5,Unfurnished,Ground-Low (1-4),8,17.45947,78.39357,97.74
Pune,Wakad & Hinjewadi,Mid-Segment,2,1004,3,4,2,Unfurnished,Mid (5-12),9,18.59025,73.7521,91.49
Chennai,Adyar & Boat Club Area,Ultra Luxury,2,1247,3,1,12,Semi-Furnished,Mid (5-12),1,12.99315,80.24393,170.58
Mumbai,South Mumbai (Colaba/Worli),Ultra Luxury,4,2320,4,1,0,Unfurnished,Mid (5-12),4,19.12935,72.8236,1019.76
Pune,Koregaon Park & Kalyani Nagar,Ultra Luxury,2,1045,2,2,5,Semi-Furnished,Ground-Low (1-4),10,18.54589,73.90206,173.45
Bengaluru,Yelahanka & North Blr,Mid-Segment,2,1158,2,3,5,Semi-Furnished,Mid (5-12),8,13.09941,77.58874,98.91
Delhi NCR,Noida Sector 150/62,Mid-Segment,2,1014,3,2,8,Unfurnished,Ground-Low (1-4),4,28.58148,77.37466,83.57
Mumbai,Powai-Andheri West,Premium,2,1228,3,0,5,Semi-Furnished,Ground-Low (1-4),9,19.19307,72.85071,263.56
Delhi NCR,Golf Course Rd (Gurugram),Ultra Luxury,1,487,1,1,5,Unfurnished,Mid (5-12),4,28.46169,77.10181,125.25
Chennai,Velachery,Mid-Segment,2,1190,3,2,2,Semi-Furnished,Ground-Low (1-4),5,12.97835,80.22256,93.41
Chennai,Tambaram & Porur,Affordable,2,932,2,0,0,Semi-Furnished,Mid (5-12),4,12.92773,80.1543,57.05
Pune,Baner & Balewadi,Premium,2,1074,2,3,0,Semi-Furnished,Ground-Low (1-4),8,18.56781,73.78586,132.5
Pune,Koregaon Park & Kalyani Nagar,Ultra Luxury,4,2864,4,3,5,Unfurnished,Ground-Low (1-4),9,18.53169,73.88852,433.39
Pune,Koregaon Park & Kalyani Nagar,Ultra Luxury,3,1368,4,2,0,Semi-Furnished,Ground-Low (1-4),1,18.54957,73.9047,204.88
Delhi NCR,Golf Course Rd (Gurugram),Ultra Luxury,4,2575,5,3,2,Fully-Furnished,Ground-Low (1-4),3,28.44993,77.10372,684.79
Delhi NCR,Greater Noida West,Affordable,3,1912,4,2,12,Semi-Furnished,Ground-Low (1-4),8,28.53689,77.46416,107.68
Pune,Koregaon Park & Kalyani Nagar,Ultra Luxury,3,1580,4,1,0,Semi-Furnished,Mid (5-12),2,18.54199,73.90249,272.53
Pune,Koregaon Park & Kalyani Nagar,Ultra Luxury,5,4500,6,2,5,Semi-Furnished,Ground-Low (1-4),5,18.53833,73.89198,712.47
Pune,Baner & Balewadi,Premium,2,1110,3,2,25,Unfurnished,Mid (5-12),10,18.56185,73.79577,93.28
Bengaluru,Yelahanka & North Blr,Mid-Segment,4,3083,4,2,25,Unfurnished,Mid (5-12),10,13.09881,77.58501,192.88
Pune,Kharadi & Viman Nagar,Premium,3,1369,4,1,12,Unfurnished,Mid (5-12),1,18.55173,73.93474,117.95
Delhi NCR,Cyber City & Sector 54,Premium,3,1521,4,3,0,Unfurnished,Ground-Low (1-4),3,28.48348,77.11616,244.61
Bengaluru,HSR Layout & Sarjapur,Premium,2,1026,2,3,18,Fully-Furnished,Mid (5-12),4,12.90834,77.65209,112.22
Chennai,OMR IT Corridor (Perungudi),Mid-Segment,5,3649,5,4,5,Semi-Furnished,Mid (5-12),10,12.96081,80.2818,380.14
Chennai,Tambaram & Porur,Affordable,1,617,1,3,8,Fully-Furnished,High (13+),6,12.9279,80.15745,35.89
Bengaluru,Whitefield (IT Hub),Premium,3,1689,3,1,5,Fully-Furnished,Ground-Low (1-4),3,12.97773,77.74238,163.95
Pune,Wakad & Hinjewadi,Mid-Segment,2,850,3,2,8,Unfurnished,Ground-Low (1-4),9,18.5896,73.75539,64.63
Mumbai,Powai-Andheri West,Premium,2,901,3,1,2,Unfurnished,Ground-Low (1-4),1,19.19151,72.86371,194.43
Delhi NCR,South Delhi (Vasant Vihar),Ultra Luxury,3,1602,4,1,0,Semi-Furnished,Ground-Low (1-4),8,28.56072,77.16115,525.11
Pune,Kharadi & Viman Nagar,Premium,2,1233,2,2,0,Semi-Furnished,Ground-Low (1-4),6,18.54453,73.92464,139.7
Chennai,Adyar & Boat Club Area,Ultra Luxury,4,2233,4,1,8,Semi-Furnished,High (13+),4,13.00631,80.25344,403.14
Delhi NCR,South Delhi (Vasant Vihar),Ultra Luxury,2,995,2,2,5,Unfurnished,Ground-Low (1-4),9,28.57139,77.15186,308.9
Bengaluru,Yelahanka & North Blr,Mid-Segment,2,894,3,1,5,Semi-Furnished,Mid (5-12),7,13.09649,77.59086,77.36
Hyderabad,Kondapur & HITECH City,Premium,5,3562,5,2,2,Semi-Furnished,Ground-Low (1-4),2,17.45707,78.38977,402.32
Pune,Baner & Balewadi,Premium,2,858,3,4,12,Fully-Furnished,Mid (5-12),4,18.55497,73.77705,95.81
Mumbai,Powai-Andheri West,Premium,1,531,1,2,8,Unfurnished,Mid (5-12),7,19.18905,72.86077,124.88
Hyderabad,Jubilee Hills & Banjara Hills,Ultra Luxury,1,473,1,2,2,Semi-Furnished,Mid (5-12),2,17.44006,78.42186,89.75
Delhi NCR,Greater Noida West,Affordable,2,857,3,2,5,Unfurnished,Mid (5-12),10,28.53852,77.46567,53.14
Bengaluru,Electronic City,Mid-Segment,2,927,3,0,5,Semi-Furnished,Mid (5-12),6,12.85008,77.67545,58.19
Pune,Kharadi & Viman Nagar,Premium,2,985,2,1,0,Unfurnished,Mid (5-12),7,18.54351,73.93015,106.92
Delhi NCR,Noida Sector 150/62,Mid-Segment,2,1070,3,2,5,Semi-Furnished,Ground-Low (1-4),3,28.57161,77.36954,83.99
Pune,Hadapsar & Undri,Mid-Segment,3,1618,4,4,8,Unfurnished,Mid (5-12),10,18.48025,73.93741,109.76
Delhi NCR,Greater Noida West,Affordable,3,1642,4,2,0,Unfurnished,High (13+),5,28.52401,77.45204,112.81
Delhi NCR,Cyber City & Sector 54,Premium,5,4440,6,1,12,Semi-Furnished,High (13+),7,28.46942,77.10287,741.94
Delhi NCR,Cyber City & Sector 54,Premium,2,1091,2,0,8,Semi-Furnished,Mid (5-12),3,28.47615,77.10199,183.11
Delhi NCR,Cyber City & Sector 54,Premium,2,990,3,3,8,Semi-Furnished,Ground-Low (1-4),8,28.47971,77.1139,145.8
Pune,Koregaon Park & Kalyani Nagar,Ultra Luxury,3,1351,4,4,5,Unfurnished,Ground-Low (1-4),3,18.54351,73.89608,187.12
Delhi NCR,Golf Course Rd (Gurugram),Ultra Luxury,3,1624,3,1,8,Unfurnished,Mid (5-12),10,28.45956,77.10533,407.54
Delhi NCR,Golf Course Rd (Gurugram),Ultra Luxury,3,1782,3,2,0,Semi-Furnished,High (13+),6,28.46262,77.09252,542.25
Bengaluru,Whitefield (IT Hub),Premium,1,626,1,4,12,Unfurnished,Ground-Low (1-4),3,12.97881,77.73348,55.7
Hyderabad,Miyapur & Kukatpally,Mid-Segment,2,885,3,2,8,Unfurnished,Mid (5-12),8,17.50262,78.3774,58.53
Delhi NCR,South Delhi (Vasant Vihar),Ultra Luxury,2,1079,2,2,2,Unfurnished,High (13+),1,28.57038,77.15238,306.19
Bengaluru,Yelahanka & North Blr,Mid-Segment,1,517,1,2,2,Semi-Furnished,Ground-Low (1-4),7,13.09638,77.58873,47.63
Chennai,Velachery,Mid-Segment,2,1104,2,2,5,Semi-Furnished,High (13+),7,12.98661,80.23428,95.9
Delhi NCR,Golf Course Rd (Gurugram),Ultra Luxury,3,1358,3,3,2,Semi-Furnished,Ground-Low (1-4),10,28.45379,77.10294,354.94
Bengaluru,HSR Layout & Sarjapur,Premium,2,1151,3,3,0,Unfurnished,Mid (5-12),8,12.90443,77.65253,156.94
Bengaluru,HSR Layout & Sarjapur,Premium,3,1618,4,1,5,Fully-Furnished,Mid (5-12),6,12.91693,77.6566,226.35
Hyderabad,Miyapur & Kukatpally,Mid-Segment,5,3747,5,3,0,Semi-Furnished,High (13+),9,17.4938,78.3874,287.35
Pune,Wakad & Hinjewadi,Mid-Segment,4,3036,4,2,25,Unfurnished,Ground-Low (1-4),10,18.59646,73.75829,183.03
Chennai,Velachery,Mid-Segment,2,1044,3,4,12,Unfurnished,Ground-Low (1-4),6,12.97965,80.23131,68.91
Chennai,OMR IT Corridor (Perungudi),Mid-Segment,4,2912,5,0,5,Semi-Furnished,Ground-Low (1-4),7,12.95919,80.28698,237.52
Pune,Baner & Balewadi,Premium,2,1023,3,3,2,Fully-Furnished,Ground-Low (1-4),5,18.55685,73.78361,119.78
Hyderabad,Kondapur & HITECH City,Premium,1,578,1,3,2,Fully-Furnished,Mid (5-12),8,17.4488,78.38923,69.64
Pune,Hadapsar & Undri,Mid-Segment,4,2752,5,2,2,Semi-Furnished,Ground-Low (1-4),1,18.47508,73.92865,182.77
Chennai,Anna Nagar,Premium,1,617,1,2,25,Unfurnished,Ground-Low (1-4),6,13.08872,80.21733,55.77
Delhi NCR,Noida Sector 150/62,Mid-Segment,4,2544,4,2,12,Semi-Furnished,High (13+),3,28.56659,77.37751,215.41
Pune,Hadapsar & Undri,Mid-Segment,2,986,3,2,18,Semi-Furnished,Mid (5-12),7,18.48807,73.93502,60.45
Chennai,Tambaram & Porur,Affordable,1,636,1,3,0,Semi-Furnished,High (13+),4,12.92903,80.14635,41.54
Mumbai,Navi Mumbai (Vashi/Kharghar),Mid-Segment,5,4076,6,3,5,Unfurnished,Ground-Low (1-4),7,19.10821,73.02687,481.24
Delhi NCR,Cyber City & Sector 54,Premium,2,1182,2,4,5,Semi-Furnished,Mid (5-12),8,28.46511,77.10306,217.28
Hyderabad,Tellapur & Nallagandla,Mid-Segment,2,1014,3,2,5,Semi-Furnished,Ground-Low (1-4),7,17.4579,78.32779,88.5
Mumbai,South Mumbai (Colaba/Worli),Ultra Luxury,2,1189,3,2,0,Semi-Furnished,Mid (5-12),10,19.11781,72.82084,564.02
Hyderabad,Gachibowli & Financial District,Premium,2,1152,3,3,5,Fully-Furnished,Mid (5-12),3,17.43888,78.35852,154.38
Chennai,OMR IT Corridor (Perungudi),Mid-Segment,2,1053,3,1,8,Semi-Furnished,Mid (5-12),6,12.95767,80.28113,88.55
Pune,Koregaon Park & Kalyani Nagar,Ultra Luxury,2,1079,2,3,12,Semi-Furnished,Mid (5-12),5,18.54337,73.9057,175.2
Mumbai,Powai-Andheri West,Premium,1,598,1,3,5,Fully-Furnished,Ground-Low (1-4),1,19.20452,72.86632,132.93
Chennai,Tambaram & Porur,Affordable,2,972,3,3,2,Unfurnished,Ground-Low (1-4),2,12.91469,80.15983,46.29
Mumbai,Bandra-Juhu Belt,Ultra Luxury,2,1072,3,2,18,Semi-Furnished,Mid (5-12),9,19.15426,72.83938,320.92
Delhi NCR,Cyber City & Sector 54,Premium,3,1648,3,1,5,Semi-Furnished,Mid (5-12),6,28.48043,77.11753,310.9
Delhi NCR,Greater Noida West,Affordable,3,1394,4,2,18,Unfurnished,Mid (5-12),6,28.53107,77.46015,69.47
Hyderabad,Tellapur & Nallagandla,Mid-Segment,2,879,2,2,18,Semi-Furnished,Mid (5-12),1,17.45945,78.31908,61.27
Delhi NCR,Noida Sector 150/62,Mid-Segment,3,1384,3,2,8,Semi-Furnished,Mid (5-12),6,28.5658,77.37407,120.66
Hyderabad,Miyapur & Kukatpally,Mid-Segment,2,1065,2,2,0,Semi-Furnished,Mid (5-12),4,17.50047,78.38124,79.57
Pune,Kharadi & Viman Nagar,Premium,1,532,1,2,2,Unfurnished,High (13+),7,18.55204,73.9326,57.29
Mumbai,Powai-Andheri West,Premium,2,1243,2,2,2,Semi-Furnished,Mid (5-12),4,19.19866,72.8597,321.63
Delhi NCR,Greater Noida West,Affordable,3,1513,3,2,12,Semi-Furnished,Mid (5-12),9,28.53832,77.45659,89.33
Pune,Baner & Balewadi,Premium,2,909,2,2,18,Unfurnished,Ground-Low (1-4),7,18.55738,73.78801,77.46
Delhi NCR,Noida Sector 150/62,Mid-Segment,1,636,1,2,2,Unfurnished,Mid (5-12),2,28.57868,77.37254,55.79
Bengaluru,HSR Layout & Sarjapur,Premium,3,1813,3,1,5,Semi-Furnished,Mid (5-12),8,12.91305,77.6599,226.23
Mumbai,Powai-Andheri West,Premium,3,1934,3,2,0,Semi-Furnished,Mid (5-12),9,19.20302,72.8533,478.76
Delhi NCR,Cyber City & Sector 54,Premium,2,901,2,2,12,Semi-Furnished,Ground-Low (1-4),8,28.46645,77.10124,141.14
Hyderabad,Miyapur & Kukatpally,Mid-Segment,2,1240,2,2,2,Semi-Furnished,Mid (5-12),10,17.49182,78.38991,93.3
Pune,Koregaon Park & Kalyani Nagar,Ultra Luxury,2,1065,3,2,0,Semi-Furnished,Mid (5-12),1,18.53839,73.90114,172.22
Pune,Koregaon Park & Kalyani Nagar,Ultra Luxury,3,1457,4,2,2,Semi-Furnished,Mid (5-12),2,18.53704,73.89827,222.05
Bengaluru,Indiranagar & Koramangala,Ultra Luxury,2,891,3,2,8,Semi-Furnished,Mid (5-12),1,12.98609,77.63443,137.04
Delhi NCR,Greater Noida West,Affordable,3,1530,3,0,2,Fully-Furnished,Ground-Low (1-4),1,28.52777,77.45392,89.12
Pune,Koregaon Park & Kalyani Nagar,Ultra Luxury,2,1189,3,1,5,Semi-Furnished,Mid (5-12),7,18.53557,73.90231,208.09
Delhi NCR,Greater Noida West,Affordable,3,1479,3,1,0,Semi-Furnished,Mid (5-12),5,28.5313,77.45694,89.77
Mumbai,Bandra-Juhu Belt,Ultra Luxury,2,915,3,2,12,Semi-Furnished,High (13+),5,19.15834,72.84126,297.1
Chennai,Velachery,Mid-Segment,3,1788,4,1,5,Fully-Furnished,Ground-Low (1-4),5,12.98377,80.23968,148.36
Bengaluru,Electronic City,Mid-Segment,3,1771,4,1,12,Fully-Furnished,Ground-Low (1-4),9,12.84428,77.6754,129.36
Pune,Kharadi & Viman Nagar,Premium,2,1019,2,2,5,Unfurnished,Ground-Low (1-4),3,18.55121,73.92325,88.32
Pune,Kharadi & Viman Nagar,Premium,2,1021,3,1,0,Semi-Furnished,Ground-Low (1-4),7,18.55383,73.92097,118.7
Delhi NCR,Golf Course Rd (Gurugram),Ultra Luxury,3,1675,4,1,2,Unfurnished,Ground-Low (1-4),3,28.46166,77.10166,399.65
Delhi NCR,Greater Noida West,Affordable,3,1735,3,4,5,Semi-Furnished,High (13+),2,28.53194,77.45381,111.14
Pune,Hadapsar & Undri,Mid-Segment,2,887,2,2,2,Fully-Furnished,Ground-Low (1-4),1,18.47336,73.94371,55.7
Chennai,Tambaram & Porur,Affordable,4,2768,4,0,5,Unfurnished,Mid (5-12),9,12.92086,80.14457,161.31
Delhi NCR,Cyber City & Sector 54,Premium,1,615,1,3,2,Unfurnished,High (13+),7,28.46459,77.11819,115.82
Mumbai,Navi Mumbai (Vashi/Kharghar),Mid-Segment,1,570,1,1,5,Semi-Furnished,Mid (5-12),9,19.11598,73.0236,71.7
Hyderabad,Gachibowli & Financial District,Premium,4,2806,4,1,8,Unfurnished,Ground-Low (1-4),8,17.44493,78.37137,299.9
Bengaluru,Electronic City,Mid-Segment,3,1411,4,1,8,Semi-Furnished,Ground-Low (1-4),8,12.85208,77.67224,107.5
Chennai,Anna Nagar,Premium,3,1870,4,3,5,Unfurnished,Mid (5-12),7,13.09047,80.21527,227.77
Pune,Koregaon Park & Kalyani Nagar,Ultra Luxury,2,1184,2,2,5,Semi-Furnished,High (13+),4,18.53607,73.90009,198.38
Delhi NCR,South Delhi (Vasant Vihar),Ultra Luxury,3,1932,3,1,5,Unfurnished,Ground-Low (1-4),6,28.55445,77.15145,543.86
Chennai,Adyar & Boat Club Area,Ultra Luxury,4,3097,4,3,2,Unfurnished,Ground-Low (1-4),7,12.99462,80.24833,500.88
Bengaluru,Indiranagar & Koramangala,Ultra Luxury,3,1821,4,2,18,Semi-Furnished,Mid (5-12),3,12.97619,77.63543,291.4
Hyderabad,Miyapur & Kukatpally,Mid-Segment,3,1495,4,2,0,Unfurnished,Mid (5-12),2,17.50318,78.38879,99.28
Mumbai,Powai-Andheri West,Premium,2,1022,3,2,12,Semi-Furnished,Mid (5-12),2,19.19218,72.85864,213.56
Pune,Kharadi & Viman Nagar,Premium,2,1242,2,2,5,Semi-Furnished,Mid (5-12),2,18.54579,73.9187,117.69
Bengaluru,Whitefield (IT Hub),Premium,3,1842,4,2,2,Semi-Furnished,Mid (5-12),9,12.98618,77.72477,218.83
Pune,Baner & Balewadi,Premium,2,1217,3,1,2,Unfurnished,Mid (5-12),8,18.55953,73.77832,150.96
Pune,Wakad & Hinjewadi,Mid-Segment,1,469,1,2,5,Unfurnished,Mid (5-12),10,18.59997,73.75157,41.22
Bengaluru,Electronic City,Mid-Segment,3,1404,4,0,2,Unfurnished,High (13+),2,12.84279,77.68313,97.88
Mumbai,Bandra-Juhu Belt,Ultra Luxury,4,2824,5,2,8,Unfurnished,Mid (5-12),4,19.16521,72.8454,877.11
Hyderabad,Tellapur & Nallagandla,Mid-Segment,2,1040,3,2,8,Semi-Furnished,Ground-Low (1-4),3,17.46351,78.32497,80.23
Pune,Hadapsar & Undri,Mid-Segment,2,1081,3,2,8,Semi-Furnished,Mid (5-12),4,18.47109,73.92755,72.03
Bengaluru,Indiranagar & Koramangala,Ultra Luxury,1,474,1,1,0,Unfurnished,High (13+),5,12.98296,77.6302,88.01
Pune,Baner & Balewadi,Premium,2,1247,3,2,12,Semi-Furnished,Ground-Low (1-4),9,18.5607,73.77839,129.46
Chennai,Velachery,Mid-Segment,1,455,1,2,8,Unfurnished,Ground-Low (1-4),9,12.97907,80.22961,30.71
Delhi NCR,Cyber City & Sector 54,Premium,4,2669,4,2,5,Semi-Furnished,High (13+),9,28.46837,77.1038,491.0
Mumbai,South Mumbai (Colaba/Worli),Ultra Luxury,3,1589,4,3,5,Semi-Furnished,Mid (5-12),8,19.11989,72.82018,694.28
Hyderabad,Miyapur & Kukatpally,Mid-Segment,3,1578,4,2,25,Unfurnished,Mid (5-12),8,17.49766,78.38802,80.35
Bengaluru,Yelahanka & North Blr,Mid-Segment,3,1741,3,2,5,Unfurnished,Ground-Low (1-4),9,13.10718,77.58982,143.61
Pune,Koregaon Park & Kalyani Nagar,Ultra Luxury,2,1029,2,2,5,Unfurnished,High (13+),5,18.53774,73.89798,152.99
Delhi NCR,Golf Course Rd (Gurugram),Ultra Luxury,4,2405,4,2,0,Semi-Furnished,Mid (5-12),5,28.46089,77.09448,647.75
Hyderabad,Gachibowli & Financial District,Premium,1,562,1,0,12,Unfurnished,Ground-Low (1-4),10,17.44906,78.36972,61.29
Pune,Koregaon Park & Kalyani Nagar,Ultra Luxury,2,1033,2,1,5,Semi-Furnished,High (13+),6,18.54788,73.90585,177.25
Chennai,Tambaram & Porur,Affordable,2,874,3,2,2,Unfurnished,Mid (5-12),3,12.92882,80.14123,48.34
Chennai,Anna Nagar,Premium,1,500,1,2,0,Semi-Furnished,Ground-Low (1-4),5,13.09828,80.20855,70.54
Delhi NCR,Golf Course Rd (Gurugram),Ultra Luxury,4,3181,4,1,0,Fully-Furnished,Ground-Low (1-4),4,28.46161,77.09135,859.85
Pune,Koregaon Park & Kalyani Nagar,Ultra Luxury,1,520,1,2,8,Unfurnished,Ground-Low (1-4),7,18.53289,73.89657,68.35
Bengaluru,Indiranagar & Koramangala,Ultra Luxury,1,610,1,2,0,Semi-Furnished,High (13+),2,12.97939,77.62856,117.89
Hyderabad,Jubilee Hills & Banjara Hills,Ultra Luxury,3,1379,3,0,5,Semi-Furnished,Ground-Low (1-4),4,17.43738,78.41705,228.86
Bengaluru,HSR Layout & Sarjapur,Premium,3,1493,4,2,5,Unfurnished,High (13+),8,12.91013,77.6572,192.1
Chennai,OMR IT Corridor (Perungudi),Mid-Segment,1,466,1,1,5,Semi-Furnished,Mid (5-12),7,12.95933,80.28241,40.74
Bengaluru,Electronic City,Mid-Segment,3,1398,3,3,12,Semi-Furnished,Mid (5-12),9,12.85195,77.68031,89.79
Mumbai,South Mumbai (Colaba/Worli),Ultra Luxury,3,1806,4,1,18,Semi-Furnished,High (13+),5,19.12633,72.83375,661.65
Chennai,OMR IT Corridor (Perungudi),Mid-Segment,2,1131,3,0,8,Semi-Furnished,High (13+),1,12.95736,80.28577,91.06
Mumbai,Bandra-Juhu Belt,Ultra Luxury,1,609,1,3,8,Semi-Furnished,Mid (5-12),8,19.1502,72.83236,223.68
Hyderabad,Gachibowli & Financial District,Premium,2,1129,3,0,2,Unfurnished,High (13+),4,17.44312,78.36329,149.83
Bengaluru,Electronic City,Mid-Segment,4,3069,5,2,5,Fully-Furnished,Ground-Low (1-4),3,12.85573,77.67873,234.67
Hyderabad,Miyapur & Kukatpally,Mid-Segment,2,1201,2,1,18,Semi-Furnished,High (13+),9,17.50191,78.38963,80.26
Hyderabad,Tellapur & Nallagandla,Mid-Segment,1,566,1,3,8,Semi-Furnished,Ground-Low (1-4),3,17.46558,78.3238,43.61
Hyderabad,Kondapur & HITECH City,Premium,2,980,2,1,18,Semi-Furnished,High (13+),8,17.46389,78.3785,97.98
Mumbai,Navi Mumbai (Vashi/Kharghar),Mid-Segment,3,1905,4,2,2,Unfurnished,Mid (5-12),7,19.10187,73.02438,253.79
Pune,Koregaon Park & Kalyani Nagar,Ultra Luxury,3,1406,4,2,12,Unfurnished,Ground-Low (1-4),8,18.53416,73.90483,190.13
Mumbai,Bandra-Juhu Belt,Ultra Luxury,2,970,2,1,25,Semi-Furnished,Mid (5-12),8,19.14674,72.83558,288.79
Chennai,Velachery,Mid-Segment,4,2762,4,0,12,Fully-Furnished,Ground-Low (1-4),8,12.97641,80.22904,226.31
Chennai,Adyar & Boat Club Area,Ultra Luxury,2,878,2,1,5,Unfurnished,Ground-Low (1-4),10,13.00391,80.25677,155.14
Delhi NCR,Greater Noida West,Affordable,3,1514,3,1,5,Unfurnished,Mid (5-12),8,28.5244,77.45537,89.17
Pune,Kharadi & Viman Nagar,Premium,3,1904,3,2,0,Unfurnished,High (13+),1,18.54338,73.93581,190.33
Chennai,Anna Nagar,Premium,3,1889,4,2,0,Unfurnished,Ground-Low (1-4),5,13.09405,80.21847,231.36
Hyderabad,Gachibowli & Financial District,Premium,2,1174,2,3,25,Fully-Furnished,Mid (5-12),3,17.45019,78.37136,115.41
Pune,Wakad & Hinjewadi,Mid-Segment,2,1122,2,1,8,Unfurnished,Mid (5-12),3,18.59472,73.75238,78.88
Bengaluru,Yelahanka & North Blr,Mid-Segment,3,1845,3,1,0,Fully-Furnished,Mid (5-12),5,13.09732,77.58645,162.5
Hyderabad,Jubilee Hills & Banjara Hills,Ultra Luxury,3,1768,3,2,18,Semi-Furnished,High (13+),7,17.43228,78.41722,272.31
Pune,Koregaon Park & Kalyani Nagar,Ultra Luxury,1,610,1,2,5,Fully-Furnished,High (13+),10,18.53781,73.90029,120.52
Chennai,OMR IT Corridor (Perungudi),Mid-Segment,3,1768,3,2,2,Semi-Furnished,Mid (5-12),6,12.95677,80.28877,158.56
Hyderabad,Gachibowli & Financial District,Premium,3,1919,3,0,8,Unfurnished,Mid (5-12),1,17.44055,78.375,198.5
Mumbai,Navi Mumbai (Vashi/Kharghar),Mid-Segment,2,1150,2,3,0,Semi-Furnished,Ground-Low (1-4),3,19.09955,73.03345,134.63
Hyderabad,Gachibowli & Financial District,Premium,1,590,1,0,5,Fully-Furnished,Ground-Low (1-4),10,17.43917,78.36495,80.3
Chennai,OMR IT Corridor (Perungudi),Mid-Segment,2,1184,3,2,25,Semi-Furnished,High (13+),10,12.95552,80.28525,85.86
Bengaluru,Whitefield (IT Hub),Premium,3,1530,4,0,12,Fully-Furnished,Ground-Low (1-4),1,12.98926,77.7272,157.75
Hyderabad,Gachibowli & Financial District,Premium,4,2189,4,2,2,Semi-Furnished,Mid (5-12),1,17.44348,78.37231,250.43
Mumbai,Bandra-Juhu Belt,Ultra Luxury,3,1398,3,1,12,Semi-Furnished,Mid (5-12),10,19.15411,72.83008,442.49
Mumbai,Powai-Andheri West,Premium,2,1087,2,3,8,Fully-Furnished,Mid (5-12),1,19.20578,72.84797,260.85
Hyderabad,Tellapur & Nallagandla,Mid-Segment,2,1113,2,3,0,Semi-Furnished,Ground-Low (1-4),9,17.4551,78.31803,106.07
Chennai,Anna Nagar,Premium,4,2187,5,1,2,Semi-Furnished,Ground-Low (1-4),10,13.08766,80.20619,298.91
Hyderabad,Jubilee Hills & Banjara Hills,Ultra Luxury,5,3995,5,2,18,Semi-Furnished,High (13+),7,17.4383,78.4259,658.48
Chennai,Tambaram & Porur,Affordable,1,476,1,1,5,Unfurnished,Mid (5-12),2,12.92857,80.15047,23.53
Delhi NCR,Greater Noida West,Affordable,3,1940,4,1,5,Fully-Furnished,Ground-Low (1-4),5,28.54222,77.46791,121.05
Pune,Koregaon Park & Kalyani Nagar,Ultra Luxury,1,594,1,4,18,Unfurnished,Ground-Low (1-4),4,18.54014,73.90513,68.83
Pune,Hadapsar & Undri,Mid-Segment,3,1912,3,1,5,Unfurnished,Mid (5-12),9,18.47914,73.93773,134.95
Mumbai,South Mumbai (Colaba/Worli),Ultra Luxury,3,1580,3,3,2,Unfurnished,High (13+),6,19.12655,72.83653,691.79
Mumbai,Navi Mumbai (Vashi/Kharghar),Mid-Segment,3,1519,4,3,8,Semi-Furnished,High (13+),9,19.10356,73.03433,208.83
Chennai,Adyar & Boat Club Area,Ultra Luxury,3,1860,3,0,8,Semi-Furnished,Mid (5-12),4,13.00131,80.25816,289.49
Mumbai,Powai-Andheri West,Premium,4,2438,5,2,8,Fully-Furnished,Mid (5-12),4,19.19892,72.85041,612.09
Delhi NCR,Noida Sector 150/62,Mid-Segment,2,1001,2,0,2,Semi-Furnished,Ground-Low (1-4),8,28.56941,77.38259,93.97
Mumbai,Bandra-Juhu Belt,Ultra Luxury,3,1662,3,1,8,Fully-Furnished,Mid (5-12),9,19.14779,72.84092,730.66
Chennai,Tambaram & Porur,Affordable,3,1404,3,2,5,Fully-Furnished,Ground-Low (1-4),5,12.91418,80.14294,89.82
Mumbai,Bandra-Juhu Belt,Ultra Luxury,2,1249,3,2,25,Semi-Furnished,Mid (5-12),10,19.16522,72.84746,348.46
Hyderabad,Miyapur & Kukatpally,Mid-Segment,3,1451,4,1,12,Fully-Furnished,Ground-Low (1-4),3,17.49137,78.37858,94.59
Bengaluru,HSR Layout & Sarjapur,Premium,3,1744,3,1,8,Semi-Furnished,Ground-Low (1-4),5,12.90171,77.65886,210.29
Delhi NCR,South Delhi (Vasant Vihar),Ultra Luxury,2,1150,3,3,0,Unfurnished,Mid (5-12),6,28.56677,77.15489,340.13
Delhi NCR,Golf Course Rd (Gurugram),Ultra Luxury,2,904,3,3,0,Unfurnished,Ground-Low (1-4),4,28.44606,77.09975,232.37
Hyderabad,Kondapur & HITECH City,Premium,3,1845,4,0,2,Unfurnished,High (13+),2,17.45675,78.38362,173.76
Chennai,Anna Nagar,Premium,2,1107,3,4,18,Semi-Furnished,Mid (5-12),7,13.09096,80.20198,122.51
Chennai,Tambaram & Porur,Affordable,3,1709,3,2,8,Semi-Furnished,Mid (5-12),1,12.93112,80.15175,88.34
Delhi NCR,Greater Noida West,Affordable,4,2773,4,2,0,Semi-Furnished,Ground-Low (1-4),9,28.53669,77.46179,180.35
Chennai,Velachery,Mid-Segment,3,1578,3,4,12,Unfurnished,Mid (5-12),10,12.98317,80.22142,125.35
Mumbai,Navi Mumbai (Vashi/Kharghar),Mid-Segment,3,1908,3,4,2,Semi-Furnished,Ground-Low (1-4),9,19.10618,73.03728,238.17
Hyderabad,Gachibowli & Financial District,Premium,2,1130,2,1,2,Semi-Furnished,Mid (5-12),4,17.4384,78.36144,129.31
Pune,Kharadi & Viman Nagar,Premium,2,857,2,2,8,Semi-Furnished,Ground-Low (1-4),4,18.5518,73.931,75.73
Bengaluru,Electronic City,Mid-Segment,3,1531,3,1,2,Semi-Furnished,Ground-Low (1-4),7,12.85453,77.67336,119.17
Pune,Kharadi & Viman Nagar,Premium,2,977,2,3,2,Semi-Furnished,Mid (5-12),8,18.55508,73.91765,111.04
Delhi NCR,Noida Sector 150/62,Mid-Segment,2,999,3,1,2,Semi-Furnished,Ground-Low (1-4),10,28.56494,77.37857,86.3
Pune,Hadapsar & Undri,Mid-Segment,1,501,1,2,0,Unfurnished,Ground-Low (1-4),9,18.47698,73.93539,33.21
Delhi NCR,Greater Noida West,Affordable,3,1381,3,2,0,Semi-Furnished,Mid (5-12),8,28.53822,77.46191,97.05
Bengaluru,Yelahanka & North Blr,Mid-Segment,2,1015,2,1,2,Unfurnished,Ground-Low (1-4),2,13.10961,77.58161,76.39
Bengaluru,HSR Layout & Sarjapur,Premium,2,1139,2,2,2,Semi-Furnished,Ground-Low (1-4),1,12.90628,77.65014,129.89
Mumbai,Bandra-Juhu Belt,Ultra Luxury,5,4528,5,1,2,Fully-Furnished,High (13+),3,19.15893,72.8404,1792.49
Bengaluru,Whitefield (IT Hub),Premium,3,1765,4,3,0,Unfurnished,Ground-Low (1-4),10,12.98338,77.74088,193.29
Hyderabad,Gachibowli & Financial District,Premium,3,1390,3,2,0,Semi-Furnished,Mid (5-12),3,17.43956,78.37368,163.33
Hyderabad,Jubilee Hills & Banjara Hills,Ultra Luxury,3,1367,3,1,18,Semi-Furnished,High (13+),3,17.43863,78.42558,196.98
Bengaluru,Yelahanka & North Blr,Mid-Segment,3,1565,3,2,0,Unfurnished,High (13+),7,13.09523,77.59394,120.93
Chennai,Tambaram & Porur,Affordable,3,1647,4,1,0,Unfurnished,Mid (5-12),7,12.93254,80.14536,91.77
Mumbai,South Mumbai (Colaba/Worli),Ultra Luxury,1,635,1,3,5,Unfurnished,Mid (5-12),6,19.1247,72.82142,252.36
Delhi NCR,Greater Noida West,Affordable,5,3704,6,2,5,Fully-Furnished,Ground-Low (1-4),4,28.52445,77.46127,248.38
Hyderabad,Miyapur & Kukatpally,Mid-Segment,3,1699,3,2,0,Semi-Furnished,Ground-Low (1-4),3,17.49143,78.38009,105.59
Hyderabad,Miyapur & Kukatpally,Mid-Segment,2,1174,3,3,12,Semi-Furnished,Mid (5-12),5,17.49722,78.3937,69.33
Chennai,Anna Nagar,Premium,2,958,3,3,5,Fully-Furnished,Mid (5-12),6,13.0981,80.21127,137.18
Chennai,Velachery,Mid-Segment,3,1426,3,2,0,Unfurnished,Mid (5-12),10,12.97585,80.22903,124.54
Bengaluru,Electronic City,Mid-Segment,1,643,1,0,0,Semi-Furnished,Mid (5-12),8,12.86093,77.68237,54.46
Bengaluru,Electronic City,Mid-Segment,3,1422,4,1,18,Fully-Furnished,High (13+),5,12.84212,77.67114,100.22
Delhi NCR,Golf Course Rd (Gurugram),Ultra Luxury,2,927,2,2,2,Fully-Furnished,High (13+),5,28.46369,77.10834,261.08
Pune,Hadapsar & Undri,Mid-Segment,4,2861,4,2,2,Unfurnished,Ground-Low (1-4),5,18.47857,73.93008,176.03
Hyderabad,Kondapur & HITECH City,Premium,3,1385,3,1,8,Semi-Furnished,High (13+),4,17.45993,78.37962,149.38
Chennai,Anna Nagar,Premium,2,926,3,3,0,Unfurnished,High (13+),8,13.09031,80.21222,136.57
Hyderabad,Gachibowli & Financial District,Premium,3,1691,4,2,0,Unfurnished,Mid (5-12),1,17.4546,78.36102,190.04
Mumbai,Navi Mumbai (Vashi/Kharghar),Mid-Segment,4,2685,4,2,0,Semi-Furnished,High (13+),1,19.11195,73.03382,365.42
Mumbai,Navi Mumbai (Vashi/Kharghar),Mid-Segment,2,1117,2,1,5,Semi-Furnished,Ground-Low (1-4),2,19.11445,73.02902,126.71
Mumbai,Bandra-Juhu Belt,Ultra Luxury,2,1059,3,2,2,Semi-Furnished,High (13+),9,19.15143,72.8362,439.8
Bengaluru,Whitefield (IT Hub),Premium,4,3188,4,2,0,Semi-Furnished,Mid (5-12),4,12.98586,77.74244,365.4
Bengaluru,Yelahanka & North Blr,Mid-Segment,2,1230,3,2,18,Semi-Furnished,Ground-Low (1-4),5,13.10248,77.58592,73.59
Mumbai,Bandra-Juhu Belt,Ultra Luxury,3,1536,3,3,8,Semi-Furnished,High (13+),5,19.14669,72.8299,535.2
Chennai,OMR IT Corridor (Perungudi),Mid-Segment,2,1111,3,1,0,Semi-Furnished,Mid (5-12),8,12.9591,80.27437,111.62
Bengaluru,Electronic City,Mid-Segment,3,1768,3,2,5,Unfurnished,Ground-Low (1-4),4,12.85959,77.67177,110.69
Mumbai,Powai-Andheri West,Premium,3,1496,3,2,5,Unfurnished,Mid (5-12),1,19.20092,72.85297,281.26
Hyderabad,Miyapur & Kukatpally,Mid-Segment,4,2503,4,3,0,Semi-Furnished,Mid (5-12),10,17.4939,78.38737,195.53
Hyderabad,Miyapur & Kukatpally,Mid-Segment,2,1175,2,1,5,Semi-Furnished,Ground-Low (1-4),7,17.48887,78.39174,78.97
Mumbai,Thane West,Mid-Segment,2,952,3,2,0,Fully-Furnished,Ground-Low (1-4),6,19.26966,72.96389,146.37
Delhi NCR,Noida Sector 150/62,Mid-Segment,2,1154,3,2,12,Unfurnished,Mid (5-12),10,28.56848,77.38172,101.45
Delhi NCR,Cyber City & Sector 54,Premium,3,1899,4,1,12,Fully-Furnished,Mid (5-12),8,28.47767,77.10178,332.57
Delhi NCR,Golf Course Rd (Gurugram),Ultra Luxury,4,2732,5,1,5,Semi-Furnished,Mid (5-12),1,28.44406,77.10038,720.53
Hyderabad,Gachibowli & Financial District,Premium,2,1140,2,3,2,Semi-Furnished,High (13+),9,17.45181,78.35837,171.7
Pune,Baner & Balewadi,Premium,2,1040,2,2,2,Unfurnished,High (13+),5,18.5606,73.78342,124.43
Hyderabad,Tellapur & Nallagandla,Mid-Segment,1,607,1,1,5,Unfurnished,Ground-Low (1-4),9,17.4648,78.32977,52.05
Bengaluru,Electronic City,Mid-Segment,1,645,1,2,0,Fully-Furnished,Ground-Low (1-4),10,12.85623,77.66691,50.73
Delhi NCR,Cyber City & Sector 54,Premium,3,1865,4,2,0,Unfurnished,Mid (5-12),7,28.46447,77.10229,329.61
Mumbai,Navi Mumbai (Vashi/Kharghar),Mid-Segment,2,943,3,1,18,Fully-Furnished,Ground-Low (1-4),10,19.10081,73.03546,107.56
Bengaluru,Electronic City,Mid-Segment,2,877,2,3,18,Unfurnished,Ground-Low (1-4),4,12.86146,77.66677,49.26
Mumbai,South Mumbai (Colaba/Worli),Ultra Luxury,2,1246,3,3,2,Unfurnished,Ground-Low (1-4),1,19.12334,72.83662,477.81
Bengaluru,Indiranagar & Koramangala,Ultra Luxury,2,1202,2,1,12,Unfurnished,Ground-Low (1-4),9,12.98445,77.6422,200.74
Chennai,Anna Nagar,Premium,5,4633,6,1,5,Unfurnished,Mid (5-12),9,13.08805,80.2179,620.48
Pune,Koregaon Park & Kalyani Nagar,Ultra Luxury,2,854,3,2,0,Unfurnished,Ground-Low (1-4),4,18.53105,73.90311,127.97
Delhi NCR,Cyber City & Sector 54,Premium,3,1551,4,1,12,Unfurnished,Ground-Low (1-4),2,28.48176,77.10336,219.59
Chennai,Velachery,Mid-Segment,1,615,1,1,0,Fully-Furnished,Mid (5-12),6,12.98424,80.22301,56.39
Hyderabad,Miyapur & Kukatpally,Mid-Segment,2,1043,2,2,2,Semi-Furnished,Ground-Low (1-4),1,17.49671,78.3925,68.57
Delhi NCR,Noida Sector 150/62,Mid-Segment,2,1010,2,0,5,Semi-Furnished,Ground-Low (1-4),9,28.57516,77.37644,93.48
Bengaluru,Whitefield (IT Hub),Premium,1,614,1,4,12,Semi-Furnished,Mid (5-12),2,12.98237,77.73737,60.27
Hyderabad,Jubilee Hills & Banjara Hills,Ultra Luxury,3,1752,4,3,2,Unfurnished,High (13+),4,17.43307,78.43277,310.16
Delhi NCR,Greater Noida West,Affordable,3,1703,4,0,0,Semi-Furnished,Mid (5-12),2,28.53603,77.46374,107.94
Hyderabad,Tellapur & Nallagandla,Mid-Segment,1,647,1,2,0,Semi-Furnished,High (13+),1,17.46254,78.32801,59.95
Pune,Koregaon Park & Kalyani Nagar,Ultra Luxury,2,1169,2,1,2,Unfurnished,Mid (5-12),3,18.53146,73.8956,193.8
Chennai,Adyar & Boat Club Area,Ultra Luxury,5,3584,5,1,18,Semi-Furnished,Mid (5-12),7,12.99752,80.26008,549.59
Mumbai,Bandra-Juhu Belt,Ultra Luxury,4,2762,5,2,8,Unfurnished,Mid (5-12),7,19.15555,72.82894,896.5
Hyderabad,Tellapur & Nallagandla,Mid-Segment,2,959,2,2,18,Unfurnished,Ground-Low (1-4),3,17.47462,78.33652,59.29
Hyderabad,Tellapur & Nallagandla,Mid-Segment,4,2890,5,1,8,Unfurnished,Ground-Low (1-4),7,17.4599,78.31679,224.21
Bengaluru,Electronic City,Mid-Segment,5,4732,5,4,0,Unfurnished,Mid (5-12),6,12.84788,77.68291,337.12
Mumbai,South Mumbai (Colaba/Worli),Ultra Luxury,2,1173,2,2,0,Fully-Furnished,Mid (5-12),5,19.12194,72.8207,518.88
Delhi NCR,South Delhi (Vasant Vihar),Ultra Luxury,3,1845,3,2,2,Fully-Furnished,Ground-Low (1-4),7,28.56169,77.16333,662.75
Hyderabad,Miyapur & Kukatpally,Mid-Segment,2,1020,3,1,12,Semi-Furnished,Ground-Low (1-4),4,17.49338,78.3887,54.63
Hyderabad,Gachibowli & Financial District,Premium,2,1129,2,3,2,Fully-Furnished,High (13+),6,17.44647,78.36294,174.11
Bengaluru,Electronic City,Mid-Segment,2,1199,3,2,18,Semi-Furnished,Ground-Low (1-4),8,12.84971,77.66633,79.02
Hyderabad,Jubilee Hills & Banjara Hills,Ultra Luxury,2,1020,3,1,2,Unfurnished,Ground-Low (1-4),1,17.43415,78.42022,170.04
Chennai,Tambaram & Porur,Affordable,3,1435,3,0,18,Unfurnished,Ground-Low (1-4),4,12.91529,80.14731,64.45
Pune,Koregaon Park & Kalyani Nagar,Ultra Luxury,3,1602,4,3,2,Semi-Furnished,Ground-Low (1-4),8,18.55004,73.90246,275.07
Hyderabad,Gachibowli & Financial District,Premium,3,1815,3,1,18,Unfurnished,Ground-Low (1-4),6,17.45394,78.37364,174.35
Delhi NCR,Cyber City & Sector 54,Premium,2,1230,2,2,18,Unfurnished,Ground-Low (1-4),9,28.48113,77.11891,165.08
Mumbai,Thane West,Mid-Segment,3,1945,4,1,0,Semi-Furnished,Ground-Low (1-4),3,19.27424,72.96388,289.79
Pune,Koregaon Park & Kalyani Nagar,Ultra Luxury,2,893,2,2,8,Semi-Furnished,Mid (5-12),4,18.54409,73.89507,127.43
Chennai,Velachery,Mid-Segment,1,639,1,3,5,Unfurnished,Ground-Low (1-4),10,12.9889,80.23732,49.77
Delhi NCR,Noida Sector 150/62,Mid-Segment,3,1387,3,0,8,Unfurnished,Mid (5-12),3,28.56625,77.37673,121.7
Mumbai,Bandra-Juhu Belt,Ultra Luxury,2,1025,3,3,2,Fully-Furnished,Mid (5-12),6,19.15065,72.84548,386.19
Mumbai,South Mumbai (Colaba/Worli),Ultra Luxury,3,1629,3,1,2,Fully-Furnished,High (13+),5,19.13261,72.82745,765.49
Pune,Kharadi & Viman Nagar,Premium,1,589,1,2,0,Semi-Furnished,Mid (5-12),9,18.5473,73.9338,71.95
Hyderabad,Jubilee Hills & Banjara Hills,Ultra Luxury,2,1154,2,2,5,Fully-Furnished,Mid (5-12),8,17.43169,78.43448,221.42
Bengaluru,Whitefield (IT Hub),Premium,4,2188,5,1,5,Semi-Furnished,High (13+),8,12.98197,77.73699,270.35
Mumbai,Navi Mumbai (Vashi/Kharghar),Mid-Segment,4,2819,4,2,2,Fully-Furnished,Ground-Low (1-4),1,19.10455,73.0345,374.14
Delhi NCR,Greater Noida West,Affordable,2,954,3,2,5,Semi-Furnished,High (13+),6,28.52829,77.46552,58.82
Delhi NCR,South Delhi (Vasant Vihar),Ultra Luxury,3,1879,3,1,2,Semi-Furnished,Ground-Low (1-4),2,28.55793,77.16059,572.26
Bengaluru,Yelahanka & North Blr,Mid-Segment,2,1155,3,2,2,Semi-Furnished,Mid (5-12),8,13.11073,77.57808,99.79
Chennai,Velachery,Mid-Segment,2,980,3,2,0,Semi-Furnished,Mid (5-12),7,12.98233,80.23206,81.25
Pune,Kharadi & Viman Nagar,Premium,2,879,2,1,0,Fully-Furnished,High (13+),10,18.55707,73.91781,123.88
Chennai,Velachery,Mid-Segment,2,921,2,2,8,Fully-Furnished,Ground-Low (1-4),5,12.98604,80.22314,70.39
Mumbai,South Mumbai (Colaba/Worli),Ultra Luxury,5,3365,6,3,0,Unfurnished,Mid (5-12),7,19.12569,72.83204,1566.74
Hyderabad,Gachibowli & Financial District,Premium,2,854,2,0,0,Unfurnished,Ground-Low (1-4),7,17.44616,78.3637,100.55
Hyderabad,Miyapur & Kukatpally,Mid-Segment,2,914,2,1,0,Semi-Furnished,Ground-Low (1-4),7,17.48734,78.38788,65.46
Delhi NCR,Greater Noida West,Affordable,2,1155,2,2,0,Semi-Furnished,Mid (5-12),5,28.54214,77.46701,68.49
Pune,Kharadi & Viman Nagar,Premium,2,1076,2,3,0,Unfurnished,Ground-Low (1-4),1,18.55271,73.93148,111.17
Pune,Kharadi & Viman Nagar,Premium,3,1490,4,2,12,Semi-Furnished,Mid (5-12),7,18.5454,73.931,135.41
Pune,Koregaon Park & Kalyani Nagar,Ultra Luxury,2,1128,3,3,2,Unfurnished,High (13+),9,18.53256,73.89235,216.43
Chennai,OMR IT Corridor (Perungudi),Mid-Segment,2,1093,2,2,18,Semi-Furnished,Mid (5-12),2,12.9543,80.27991,77.44
Pune,Hadapsar & Undri,Mid-Segment,3,1854,4,1,2,Semi-Furnished,Ground-Low (1-4),2,18.48357,73.94524,122.87
Pune,Kharadi & Viman Nagar,Premium,1,474,1,1,0,Semi-Furnished,Ground-Low (1-4),1,18.54892,73.91673,48.06
Bengaluru,Indiranagar & Koramangala,Ultra Luxury,4,2468,4,1,12,Semi-Furnished,Mid (5-12),5,12.97318,77.64359,428.31
Delhi NCR,Noida Sector 150/62,Mid-Segment,2,1009,2,0,12,Unfurnished,Ground-Low (1-4),9,28.56926,77.37542,78.54
Mumbai,South Mumbai (Colaba/Worli),Ultra Luxury,3,1856,4,3,25,Fully-Furnished,Mid (5-12),8,19.13045,72.8297,666.2
Chennai,Velachery,Mid-Segment,2,1059,2,1,2,Fully-Furnished,Ground-Low (1-4),9,12.97664,80.22949,99.03
Chennai,OMR IT Corridor (Perungudi),Mid-Segment,3,1599,4,1,0,Semi-Furnished,Mid (5-12),5,12.96658,80.27076,145.36
Pune,Hadapsar & Undri,Mid-Segment,3,1870,3,2,18,Fully-Furnished,Mid (5-12),7,18.48737,73.93438,118.55
Hyderabad,Tellapur & Nallagandla,Mid-Segment,2,959,3,1,2,Unfurnished,High (13+),6,17.47098,78.33172,82.17
Hyderabad,Jubilee Hills & Banjara Hills,Ultra Luxury,2,991,3,2,8,Unfurnished,High (13+),2,17.43469,78.42517,164.62
Pune,Koregaon Park & Kalyani Nagar,Ultra Luxury,3,1555,4,2,5,Semi-Furnished,Mid (5-12),9,18.54834,73.8987,287.95
Chennai,Anna Nagar,Premium,2,1152,3,2,2,Semi-Furnished,Mid (5-12),1,13.09388,80.21298,148.87
Pune,Wakad & Hinjewadi,Mid-Segment,3,1869,3,2,5,Fully-Furnished,Ground-Low (1-4),6,18.58179,73.7504,171.98
Hyderabad,Tellapur & Nallagandla,Mid-Segment,4,2614,5,2,0,Semi-Furnished,High (13+),9,17.46275,78.31684,245.27
Delhi NCR,Greater Noida West,Affordable,3,1681,4,2,2,Fully-Furnished,Ground-Low (1-4),9,28.52631,77.46789,113.92
Pune,Kharadi & Viman Nagar,Premium,1,644,1,2,5,Semi-Furnished,Ground-Low (1-4),3,18.55784,73.93192,67.44
Delhi NCR,Greater Noida West,Affordable,4,2349,5,1,0,Semi-Furnished,Ground-Low (1-4),8,28.54374,77.45008,155.37
Chennai,Velachery,Mid-Segment,4,2857,4,2,5,Fully-Furnished,Ground-Low (1-4),4,12.98487,80.23162,239.9
Pune,Hadapsar & Undri,Mid-Segment,2,1062,2,2,2,Fully-Furnished,Ground-Low (1-4),2,18.47723,73.93127,83.29
Mumbai,Navi Mumbai (Vashi/Kharghar),Mid-Segment,1,485,1,2,2,Semi-Furnished,Ground-Low (1-4),6,19.10221,73.03382,58.8
Hyderabad,Tellapur & Nallagandla,Mid-Segment,3,1632,4,1,5,Unfurnished,High (13+),7,17.46438,78.3296,139.02
Delhi NCR,South Delhi (Vasant Vihar),Ultra Luxury,2,850,2,2,5,Semi-Furnished,High (13+),2,28.56475,77.16602,264.77
Pune,Koregaon Park & Kalyani Nagar,Ultra Luxury,1,506,1,2,12,Fully-Furnished,High (13+),4,18.53935,73.89306,84.4
Mumbai,South Mumbai (Colaba/Worli),Ultra Luxury,2,1229,3,2,2,Fully-Furnished,High (13+),5,19.12294,72.83444,623.19
Chennai,Velachery,Mid-Segment,2,879,2,3,0,Semi-Furnished,Ground-Low (1-4),8,12.97334,80.23557,82.21
Bengaluru,Electronic City,Mid-Segment,1,589,1,2,2,Semi-Furnished,Ground-Low (1-4),6,12.84596,77.66888,42.94
Chennai,Tambaram & Porur,Affordable,4,3177,4,2,0,Fully-Furnished,Mid (5-12),3,12.92847,80.15896,206.79
Delhi NCR,Noida Sector 150/62,Mid-Segment,5,3605,5,4,0,Fully-Furnished,Mid (5-12),8,28.57001,77.37164,407.73
Bengaluru,Electronic City,Mid-Segment,2,966,3,0,5,Fully-Furnished,Ground-Low (1-4),4,12.85339,77.67021,77.31
Pune,Baner & Balewadi,Premium,1,607,1,2,2,Semi-Furnished,High (13+),9,18.553,73.77822,77.41
Pune,Wakad & Hinjewadi,Mid-Segment,3,1422,3,1,0,Unfurnished,Mid (5-12),6,18.59631,73.76023,111.4
Mumbai,South Mumbai (Colaba/Worli),Ultra Luxury,2,1035,3,1,2,Unfurnished,Ground-Low (1-4),8,19.12658,72.82466,417.86
Mumbai,Thane West,Mid-Segment,4,2458,4,1,8,Unfurnished,Ground-Low (1-4),1,19.28516,72.96552,288.59
Bengaluru,Indiranagar & Koramangala,Ultra Luxury,2,868,2,1,2,Semi-Furnished,Ground-Low (1-4),8,12.9887,77.63793,172.2
Delhi NCR,Golf Course Rd (Gurugram),Ultra Luxury,3,1417,4,1,2,Semi-Furnished,Mid (5-12),10,28.45538,77.09217,442.84
Hyderabad,Tellapur & Nallagandla,Mid-Segment,2,1041,3,2,8,Unfurnished,High (13+),4,17.45591,78.32934,75.26
Pune,Koregaon Park & Kalyani Nagar,Ultra Luxury,4,2138,4,0,5,Semi-Furnished,Mid (5-12),6,18.53483,73.90073,367.24
Mumbai,South Mumbai (Colaba/Worli),Ultra Luxury,1,646,1,0,0,Fully-Furnished,Ground-Low (1-4),9,19.12561,72.82659,313.93
Pune,Hadapsar & Undri,Mid-Segment,3,1664,4,2,2,Unfurnished,High (13+),7,18.4826,73.94304,126.46
Mumbai,Thane West,Mid-Segment,2,1162,2,2,12,Fully-Furnished,Ground-Low (1-4),1,19.26968,72.94843,149.44
Pune,Baner & Balewadi,Premium,2,981,2,2,2,Semi-Furnished,Ground-Low (1-4),3,18.56805,73.78998,105.35
Mumbai,Powai-Andheri West,Premium,3,1688,4,3,8,Semi-Furnished,Ground-Low (1-4),7,19.19909,72.86288,375.47
Delhi NCR,Golf Course Rd (Gurugram),Ultra Luxury,3,1567,3,4,0,Unfurnished,Mid (5-12),2,28.45105,77.09676,394.6
Bengaluru,Whitefield (IT Hub),Premium,2,988,2,1,12,Semi-Furnished,Ground-Low (1-4),2,12.98652,77.72863,86.37
Chennai,OMR IT Corridor (Perungudi),Mid-Segment,3,1763,4,2,5,Semi-Furnished,Ground-Low (1-4),5,12.95735,80.27187,155.6
Chennai,OMR IT Corridor (Perungudi),Mid-Segment,2,1078,2,2,2,Unfurnished,High (13+),5,12.96759,80.28868,91.93
Hyderabad,Jubilee Hills & Banjara Hills,Ultra Luxury,2,915,3,1,0,Semi-Furnished,Ground-Low (1-4),8,17.44371,78.43555,172.43
Chennai,Tambaram & Porur,Affordable,2,1136,3,4,8,Semi-Furnished,Mid (5-12),3,12.91416,80.14892,54.53
Chennai,Anna Nagar,Premium,1,551,1,1,2,Fully-Furnished,High (13+),1,13.10264,80.20618,72.58
Chennai,Anna Nagar,Premium,1,519,1,3,8,Unfurnished,Ground-Low (1-4),7,13.09852,80.20414,58.15
Bengaluru,Yelahanka & North Blr,Mid-Segment,2,1199,2,1,2,Unfurnished,Mid (5-12),1,13.11113,77.5789,84.74
Delhi NCR,Cyber City & Sector 54,Premium,2,1056,3,1,5,Unfurnished,Ground-Low (1-4),8,28.47048,77.11749,182.33
Bengaluru,Yelahanka & North Blr,Mid-Segment,1,604,1,2,2,Unfurnished,Mid (5-12),5,13.09189,77.59068,49.14
Delhi NCR,Cyber City & Sector 54,Premium,2,1006,2,1,5,Unfurnished,Ground-Low (1-4),8,28.48049,77.10406,157.91
Chennai,Anna Nagar,Premium,3,1540,3,1,5,Fully-Furnished,High (13+),2,13.09583,80.20599,209.22
Bengaluru,Electronic City,Mid-Segment,2,1121,2,2,0,Fully-Furnished,Ground-Low (1-4),1,12.85618,77.67619,89.19
Pune,Kharadi & Viman Nagar,Premium,2,1190,2,1,12,Unfurnished,Mid (5-12),8,18.54341,73.92508,107.86
Delhi NCR,Noida Sector 150/62,Mid-Segment,1,454,1,2,8,Unfurnished,High (13+),9,28.57278,77.38478,41.77
Delhi NCR,Cyber City & Sector 54,Premium,2,909,3,3,8,Unfurnished,Mid (5-12),9,28.47499,77.11776,150.09
Hyderabad,Gachibowli & Financial District,Premium,3,1559,3,2,5,Fully-Furnished,Mid (5-12),9,17.44489,78.36317,225.0
Chennai,Adyar & Boat Club Area,Ultra Luxury,2,1174,3,1,0,Semi-Furnished,Ground-Low (1-4),7,12.99721,80.25266,195.47
Delhi NCR,Noida Sector 150/62,Mid-Segment,5,3981,6,1,0,Unfurnished,Ground-Low (1-4),7,28.58304,77.38703,376.06
Delhi NCR,Golf Course Rd (Gurugram),Ultra Luxury,2,1141,3,0,2,Fully-Furnished,Mid (5-12),7,28.45397,77.10795,337.94
Pune,Koregaon Park & Kalyani Nagar,Ultra Luxury,3,1389,3,1,2,Fully-Furnished,Ground-Low (1-4),2,18.53814,73.90603,218.5
Bengaluru,Indiranagar & Koramangala,Ultra Luxury,2,1032,2,1,0,Unfurnished,Mid (5-12),9,12.97662,77.63047,190.0
Delhi NCR,South Delhi (Vasant Vihar),Ultra Luxury,3,1631,4,2,5,Semi-Furnished,Mid (5-12),2,28.56732,77.15582,534.08
Delhi NCR,South Delhi (Vasant Vihar),Ultra Luxury,2,1009,2,1,5,Semi-Furnished,High (13+),5,28.56534,77.16051,367.25
Chennai,Tambaram & Porur,Affordable,4,2495,5,3,12,Semi-Furnished,Mid (5-12),5,12.91845,80.15299,126.6
Bengaluru,HSR Layout & Sarjapur,Premium,2,1189,2,2,0,Fully-Furnished,High (13+),6,12.92052,77.65238,180.77
Hyderabad,Tellapur & Nallagandla,Mid-Segment,1,550,1,3,0,Unfurnished,Ground-Low (1-4),6,17.46874,78.33551,42.34
Chennai,Adyar & Boat Club Area,Ultra Luxury,1,460,1,3,2,Semi-Furnished,High (13+),7,13.00077,80.25386,85.67
Delhi NCR,Greater Noida West,Affordable,5,3908,6,3,5,Unfurnished,Ground-Low (1-4),6,28.53015,77.46195,228.25
Mumbai,Bandra-Juhu Belt,Ultra Luxury,3,1768,4,2,8,Unfurnished,Mid (5-12),9,19.15505,72.84318,619.16
Pune,Baner & Balewadi,Premium,2,1099,3,2,5,Fully-Furnished,Mid (5-12),3,18.55318,73.79348,133.48
Mumbai,South Mumbai (Colaba/Worli),Ultra Luxury,3,1394,4,1,0,Semi-Furnished,High (13+),9,19.12728,72.81868,671.41
Chennai,Adyar & Boat Club Area,Ultra Luxury,3,1821,4,2,0,Semi-Furnished,Mid (5-12),8,13.00619,80.25363,322.39
Pune,Wakad & Hinjewadi,Mid-Segment,2,1117,3,2,12,Semi-Furnished,Mid (5-12),6,18.599,73.75555,83.43
Chennai,Anna Nagar,Premium,2,1015,2,0,18,Semi-Furnished,Mid (5-12),7,13.09891,80.21638,124.84
Delhi NCR,Greater Noida West,Affordable,3,1694,4,2,5,Semi-Furnished,Mid (5-12),4,28.52609,77.4505,102.71
Bengaluru,Whitefield (IT Hub),Premium,3,1705,3,1,8,Semi-Furnished,Ground-Low (1-4),1,12.98154,77.73376,150.36
Hyderabad,Jubilee Hills & Banjara Hills,Ultra Luxury,3,1854,4,2,0,Semi-Furnished,Mid (5-12),3,17.44095,78.43473,354.43
Delhi NCR,Golf Course Rd (Gurugram),Ultra Luxury,4,3028,4,2,0,Unfurnished,Ground-Low (1-4),3,28.46111,77.10399,707.01
Delhi NCR,Noida Sector 150/62,Mid-Segment,4,2443,5,1,0,Fully-Furnished,Mid (5-12),9,28.56874,77.37687,263.98
Mumbai,Thane West,Mid-Segment,3,1748,4,2,2,Fully-Furnished,Ground-Low (1-4),8,19.27223,72.95889,292.44
Pune,Kharadi & Viman Nagar,Premium,2,1211,3,1,5,Unfurnished,Ground-Low (1-4),4,18.54369,73.93144,110.27
Mumbai,South Mumbai (Colaba/Worli),Ultra Luxury,5,3509,5,0,2,Unfurnished,Mid (5-12),5,19.12402,72.81805,1427.63
Hyderabad,Tellapur & Nallagandla,Mid-Segment,1,573,1,2,0,Unfurnished,High (13+),7,17.46764,78.32779,49.73
Delhi NCR,Golf Course Rd (Gurugram),Ultra Luxury,3,1563,4,3,2,Fully-Furnished,Mid (5-12),5,28.44731,77.0985,456.49
Hyderabad,Miyapur & Kukatpally,Mid-Segment,2,1164,3,2,8,Semi-Furnished,Ground-Low (1-4),6,17.50304,78.38827,71.33
Bengaluru,Whitefield (IT Hub),Premium,2,1180,2,2,0,Unfurnished,Mid (5-12),6,12.98495,77.7362,121.74
Delhi NCR,Greater Noida West,Affordable,2,1033,2,2,2,Semi-Furnished,Ground-Low (1-4),8,28.52526,77.45378,62.78
Hyderabad,Jubilee Hills & Banjara Hills,Ultra Luxury,2,1217,2,1,0,Unfurnished,Mid (5-12),8,17.43409,78.43233,201.46
Chennai,Tambaram & Porur,Affordable,3,1749,4,2,12,Fully-Furnished,High (13+),10,12.91984,80.15522,106.4
Hyderabad,Kondapur & HITECH City,Premium,2,1249,2,3,8,Semi-Furnished,Ground-Low (1-4),8,17.44624,78.37833,135.09
Delhi NCR,Greater Noida West,Affordable,2,1125,2,3,0,Unfurnished,Mid (5-12),6,28.53207,77.45049,64.56
Bengaluru,Yelahanka & North Blr,Mid-Segment,1,586,1,2,12,Unfurnished,Mid (5-12),6,13.10184,77.59452,38.21
Pune,Koregaon Park & Kalyani Nagar,Ultra Luxury,3,1846,3,2,0,Unfurnished,Ground-Low (1-4),7,18.54536,73.88709,316.02
Hyderabad,Tellapur & Nallagandla,Mid-Segment,2,1105,3,2,8,Unfurnished,Mid (5-12),9,17.4693,78.33041,91.14
Chennai,Anna Nagar,Premium,2,1178,2,3,8,Unfurnished,Ground-Low (1-4),9,13.09142,80.20929,148.55
Delhi NCR,South Delhi (Vasant Vihar),Ultra Luxury,2,935,2,0,2,Semi-Furnished,Ground-Low (1-4),7,28.57362,77.15578,300.46
Chennai,Anna Nagar,Premium,2,1204,3,2,0,Semi-Furnished,Ground-Low (1-4),8,13.09912,80.20895,166.67
Bengaluru,Yelahanka & North Blr,Mid-Segment,3,1898,4,2,5,Semi-Furnished,High (13+),2,13.1093,77.58725,163.66
Chennai,Tambaram & Porur,Affordable,2,934,3,0,0,Unfurnished,Mid (5-12),7,12.91506,80.14355,58.0
Bengaluru,Indiranagar & Koramangala,Ultra Luxury,2,978,2,1,8,Unfurnished,Mid (5-12),4,12.98038,77.63469,161.43
Pune,Wakad & Hinjewadi,Mid-Segment,3,1707,4,3,18,Fully-Furnished,High (13+),5,18.59375,73.76519,133.11
Bengaluru,Yelahanka & North Blr,Mid-Segment,1,624,1,1,0,Unfurnished,Mid (5-12),4,13.09209,77.58255,47.54
Delhi NCR,Cyber City & Sector 54,Premium,3,1738,3,0,5,Unfurnished,Ground-Low (1-4),8,28.46592,77.10246,294.57
Chennai,Tambaram & Porur,Affordable,4,2608,5,3,12,Semi-Furnished,Ground-Low (1-4),1,12.9136,80.15949,123.66
Mumbai,Bandra-Juhu Belt,Ultra Luxury,4,2399,5,0,8,Unfurnished,Ground-Low (1-4),9,19.15487,72.83593,781.06
Mumbai,South Mumbai (Colaba/Worli),Ultra Luxury,3,1862,4,0,5,Unfurnished,Ground-Low (1-4),3,19.12299,72.8187,732.33
Bengaluru,Indiranagar & Koramangala,Ultra Luxury,2,940,3,3,18,Unfurnished,Ground-Low (1-4),4,12.98307,77.64384,130.48
Chennai,OMR IT Corridor (Perungudi),Mid-Segment,3,1843,4,1,5,Unfurnished,Mid (5-12),4,12.96618,80.28195,139.18
Chennai,Velachery,Mid-Segment,1,609,1,1,0,Unfurnished,Mid (5-12),9,12.97981,80.23614,49.07
Pune,Baner & Balewadi,Premium,2,926,2,2,18,Fully-Furnished,Mid (5-12),10,18.56586,73.7949,103.77
Bengaluru,Indiranagar & Koramangala,Ultra Luxury,1,576,1,2,12,Unfurnished,Mid (5-12),8,12.9805,77.62802,96.21
Chennai,Adyar & Boat Club Area,Ultra Luxury,1,469,1,0,2,Semi-Furnished,Ground-Low (1-4),1,13.0097,80.25486,66.37
Mumbai,Bandra-Juhu Belt,Ultra Luxury,1,594,1,1,5,Unfurnished,Ground-Low (1-4),4,19.15937,72.83316,187.78
Bengaluru,Electronic City,Mid-Segment,1,641,1,2,5,Fully-Furnished,High (13+),3,12.84463,77.67739,50.06
Pune,Koregaon Park & Kalyani Nagar,Ultra Luxury,2,875,3,3,5,Semi-Furnished,Mid (5-12),6,18.53177,73.90532,147.51
Hyderabad,Tellapur & Nallagandla,Mid-Segment,1,509,1,1,2,Unfurnished,Ground-Low (1-4),7,17.46269,78.31882,37.84
Delhi NCR,Greater Noida West,Affordable,3,1368,3,3,2,Unfurnished,Ground-Low (1-4),2,28.53013,77.45787,74.38
Mumbai,Navi Mumbai (Vashi/Kharghar),Mid-Segment,2,973,3,1,8,Unfurnished,Ground-Low (1-4),9,19.1043,73.02679,116.51
Chennai,Tambaram & Porur,Affordable,2,975,2,4,2,Unfurnished,Mid (5-12),4,12.92169,80.15963,53.53
Bengaluru,HSR Layout & Sarjapur,Premium,2,906,2,2,2,Unfurnished,Mid (5-12),4,12.9148,77.64474,113.87
Mumbai,Thane West,Mid-Segment,2,1216,3,1,2,Semi-Furnished,Ground-Low (1-4),9,19.27487,72.96055,194.22
Mumbai,Bandra-Juhu Belt,Ultra Luxury,3,1625,3,2,5,Unfurnished,Ground-Low (1-4),6,19.15311,72.83814,482.92
Hyderabad,Gachibowli & Financial District,Premium,3,1765,3,2,8,Semi-Furnished,High (13+),4,17.43713,78.37313,212.05
Chennai,Tambaram & Porur,Affordable,2,856,3,2,2,Fully-Furnished,Mid (5-12),4,12.92359,80.14841,59.19
Bengaluru,Indiranagar & Koramangala,Ultra Luxury,3,1687,3,2,2,Unfurnished,Ground-Low (1-4),1,12.99142,77.63174,277.67
Bengaluru,HSR Layout & Sarjapur,Premium,2,1179,3,4,8,Semi-Furnished,High (13+),5,12.91822,77.66132,159.46
Chennai,OMR IT Corridor (Perungudi),Mid-Segment,3,1903,4,3,12,Semi-Furnished,Ground-Low (1-4),7,12.95439,80.27497,160.09
Delhi NCR,Golf Course Rd (Gurugram),Ultra Luxury,3,1695,3,2,8,Unfurnished,High (13+),7,28.45999,77.10482,450.77
Mumbai,Thane West,Mid-Segment,3,1829,3,2,12,Semi-Furnished,High (13+),10,19.27571,72.95408,268.01
Hyderabad,Kondapur & HITECH City,Premium,2,1208,2,0,18,Fully-Furnished,Ground-Low (1-4),10,17.4541,78.39513,123.41
Delhi NCR,Golf Course Rd (Gurugram),Ultra Luxury,4,2186,5,2,2,Unfurnished,Mid (5-12),9,28.45357,77.1033,577.33
Bengaluru,HSR Layout & Sarjapur,Premium,2,875,3,1,5,Fully-Furnished,Mid (5-12),1,12.90274,77.66021,113.14
Delhi NCR,South Delhi (Vasant Vihar),Ultra Luxury,2,890,2,2,8,Semi-Furnished,Mid (5-12),4,28.55654,77.15846,268.84
Bengaluru,Indiranagar & Koramangala,Ultra Luxury,2,1123,2,2,5,Semi-Furnished,High (13+),9,12.98708,77.63307,226.18
Chennai,Anna Nagar,Premium,3,1614,3,1,0,Semi-Furnished,High (13+),6,13.09024,80.20736,219.16
Hyderabad,Miyapur & Kukatpally,Mid-Segment,2,964,2,2,0,Unfurnished,Ground-Low (1-4),7,17.48632,78.37794,67.54
Bengaluru,Indiranagar & Koramangala,Ultra Luxury,2,1082,2,2,18,Unfurnished,Ground-Low (1-4),9,12.98085,77.63874,163.29
Pune,Hadapsar & Undri,Mid-Segment,3,1500,4,1,5,Unfurnished,Mid (5-12),3,18.47138,73.92726,94.8
Delhi NCR,Noida Sector 150/62,Mid-Segment,2,881,3,1,18,Semi-Furnished,High (13+),2,28.58048,77.37656,70.39
Pune,Hadapsar & Undri,Mid-Segment,2,964,3,2,25,Semi-Furnished,Mid (5-12),2,18.47973,73.92742,47.31
Mumbai,Powai-Andheri West,Premium,1,467,1,2,12,Unfurnished,Mid (5-12),4,19.18663,72.85953,94.61
Chennai,Velachery,Mid-Segment,3,1779,4,1,18,Semi-Furnished,High (13+),1,12.99151,80.23603,113.8
Chennai,OMR IT Corridor (Perungudi),Mid-Segment,3,1885,3,2,12,Semi-Furnished,Ground-Low (1-4),4,12.95334,80.28163,152.94
Hyderabad,Gachibowli & Financial District,Premium,2,1195,2,3,2,Unfurnished,Mid (5-12),9,17.4363,78.36944,144.54
Mumbai,Powai-Andheri West,Premium,2,899,3,2,5,Semi-Furnished,Ground-Low (1-4),3,19.18689,72.85305,208.52
Chennai,OMR IT Corridor (Perungudi),Mid-Segment,2,1083,3,2,18,Semi-Furnished,Mid (5-12),1,12.97017,80.27959,68.05
Bengaluru,Electronic City,Mid-Segment,4,2427,5,2,12,Fully-Furnished,Ground-Low (1-4),1,12.85464,77.67158,163.94
Hyderabad,Tellapur & Nallagandla,Mid-Segment,2,1083,3,2,0,Unfurnished,Mid (5-12),6,17.45688,78.32798,91.26
Delhi NCR,South Delhi (Vasant Vihar),Ultra Luxury,2,932,2,1,8,Fully-Furnished,Ground-Low (1-4),1,28.5557,77.16787,263.3
Mumbai,Navi Mumbai (Vashi/Kharghar),Mid-Segment,3,1897,4,1,2,Unfurnished,High (13+),9,19.10365,73.02263,246.66
Hyderabad,Tellapur & Nallagandla,Mid-Segment,2,1224,2,1,8,Unfurnished,High (13+),9,17.45796,78.33054,103.01
Bengaluru,HSR Layout & Sarjapur,Premium,3,1361,3,3,12,Semi-Furnished,High (13+),4,12.91773,77.64633,161.67
Hyderabad,Tellapur & Nallagandla,Mid-Segment,1,637,1,3,0,Semi-Furnished,Mid (5-12),9,17.45619,78.32924,57.17
Chennai,Anna Nagar,Premium,2,1007,3,2,5,Semi-Furnished,Ground-Low (1-4),6,13.08609,80.20553,137.2
Pune,Baner & Balewadi,Premium,2,881,3,4,12,Unfurnished,Ground-Low (1-4),3,18.55655,73.78197,83.63
Chennai,OMR IT Corridor (Perungudi),Mid-Segment,2,1067,3,1,5,Fully-Furnished,Ground-Low (1-4),6,12.96121,80.28297,94.69
Delhi NCR,Noida Sector 150/62,Mid-Segment,2,1052,2,1,0,Unfurnished,Ground-Low (1-4),2,28.56797,77.38275,87.69
Bengaluru,Whitefield (IT Hub),Premium,4,2528,5,3,8,Unfurnished,Mid (5-12),8,12.98083,77.73545,234.53
Mumbai,Powai-Andheri West,Premium,3,1879,3,1,25,Unfurnished,Ground-Low (1-4),4,19.19838,72.8525,284.88
Mumbai,Navi Mumbai (Vashi/Kharghar),Mid-Segment,5,3737,5,2,12,Fully-Furnished,Mid (5-12),4,19.09926,73.03221,453.69
Delhi NCR,Golf Course Rd (Gurugram),Ultra Luxury,3,1778,3,2,2,Semi-Furnished,Mid (5-12),2,28.45151,77.10637,480.21
Pune,Wakad & Hinjewadi,Mid-Segment,1,552,1,1,2,Fully-Furnished,Ground-Low (1-4),6,18.58495,73.751,51.85
Bengaluru,Whitefield (IT Hub),Premium,3,1538,3,1,2,Fully-Furnished,Mid (5-12),7,12.97648,77.74414,197.52
Mumbai,Thane West,Mid-Segment,2,1174,2,3,12,Unfurnished,Mid (5-12),1,19.27414,72.95051,146.07
Delhi NCR,Noida Sector 150/62,Mid-Segment,1,564,1,1,2,Semi-Furnished,Ground-Low (1-4),3,28.57192,77.37904,48.36
Bengaluru,HSR Layout & Sarjapur,Premium,2,933,2,0,2,Semi-Furnished,Ground-Low (1-4),7,12.91662,77.6637,121.09
Bengaluru,Yelahanka & North Blr,Mid-Segment,2,1120,3,1,2,Unfurnished,Ground-Low (1-4),1,13.10966,77.58993,80.32
Mumbai,Thane West,Mid-Segment,2,888,3,0,8,Semi-Furnished,Ground-Low (1-4),9,19.27553,72.96131,127.18
Hyderabad,Gachibowli & Financial District,Premium,3,1363,3,2,12,Semi-Furnished,Ground-Low (1-4),8,17.45312,78.37493,160.5
Chennai,Adyar & Boat Club Area,Ultra Luxury,2,1142,2,3,25,Semi-Furnished,Mid (5-12),9,12.99389,80.25482,156.46
Pune,Koregaon Park & Kalyani Nagar,Ultra Luxury,2,1246,2,1,2,Unfurnished,Ground-Low (1-4),1,18.55035,73.8959,192.31
Pune,Baner & Balewadi,Premium,3,1575,3,2,5,Fully-Furnished,High (13+),6,18.55138,73.77791,205.43
Chennai,OMR IT Corridor (Perungudi),Mid-Segment,2,1023,3,2,8,Unfurnished,Ground-Low (1-4),10,12.957,80.28951,82.03
Pune,Wakad & Hinjewadi,Mid-Segment,3,1738,4,1,5,Semi-Furnished,High (13+),10,18.58442,73.74739,158.36
Pune,Baner & Balewadi,Premium,2,908,3,3,5,Unfurnished,High (13+),10,18.56396,73.79127,111.78
Delhi NCR,Noida Sector 150/62,Mid-Segment,4,2928,5,2,18,Unfurnished,Ground-Low (1-4),8,28.57736,77.37776,211.97
Bengaluru,HSR Layout & Sarjapur,Premium,2,1214,3,3,18,Semi-Furnished,Mid (5-12),4,12.90254,77.65971,134.42
Delhi NCR,Noida Sector 150/62,Mid-Segment,3,1734,4,3,0,Semi-Furnished,Ground-Low (1-4),9,28.56653,77.37775,180.7
Pune,Baner & Balewadi,Premium,1,521,1,2,8,Unfurnished,Ground-Low (1-4),4,18.55702,73.78952,47.14
Mumbai,Bandra-Juhu Belt,Ultra Luxury,1,577,1,2,2,Semi-Furnished,Ground-Low (1-4),9,19.16549,72.8346,202.44
Bengaluru,Whitefield (IT Hub),Premium,3,1454,3,2,0,Semi-Furnished,Ground-Low (1-4),9,12.99052,77.7303,164.07
Delhi NCR,Cyber City & Sector 54,Premium,2,1122,3,2,0,Semi-Furnished,Mid (5-12),4,28.4714,77.10702,217.15
Mumbai,Thane West,Mid-Segment,1,594,1,4,8,Semi-Furnished,High (13+),10,19.28232,72.9589,88.11
Delhi NCR,South Delhi (Vasant Vihar),Ultra Luxury,2,1124,2,1,2,Semi-Furnished,Ground-Low (1-4),7,28.56262,77.15938,321.2
Pune,Baner & Balewadi,Premium,2,1145,2,0,2,Fully-Furnished,Mid (5-12),3,18.56727,73.7837,142.1
Chennai,Anna Nagar,Premium,2,1183,3,2,8,Semi-Furnished,High (13+),6,13.0988,80.21088,149.03
Chennai,Anna Nagar,Premium,4,2941,4,1,8,Unfurnished,High (13+),2,13.08347,80.20653,361.52
Delhi NCR,Cyber City & Sector 54,Premium,2,1234,3,2,5,Semi-Furnished,Mid (5-12),1,28.47939,77.10891,191.67
Delhi NCR,Golf Course Rd (Gurugram),Ultra Luxury,3,1365,4,2,0,Fully-Furnished,High (13+),7,28.45355,77.09444,425.69
Bengaluru,Electronic City,Mid-Segment,1,460,1,2,18,Fully-Furnished,High (13+),10,12.85367,77.66487,33.0
Hyderabad,Tellapur & Nallagandla,Mid-Segment,2,1142,2,1,18,Semi-Furnished,Mid (5-12),4,17.45863,78.32645,75.8
Delhi NCR,Noida Sector 150/62,Mid-Segment,2,1174,3,2,0,Semi-Furnished,Mid (5-12),10,28.56822,77.38795,127.17
Bengaluru,Yelahanka & North Blr,Mid-Segment,1,570,1,2,0,Semi-Furnished,Mid (5-12),6,13.09693,77.59203,50.61
Chennai,Tambaram & Porur,Affordable,2,1244,2,0,5,Semi-Furnished,Ground-Low (1-4),10,12.92262,80.14496,74.44
Mumbai,Thane West,Mid-Segment,1,462,1,1,5,Semi-Furnished,Mid (5-12),10,19.26927,72.95577,69.31
Pune,Wakad & Hinjewadi,Mid-Segment,2,1123,2,3,25,Unfurnished,Ground-Low (1-4),9,18.58322,73.76549,70.86
Hyderabad,Miyapur & Kukatpally,Mid-Segment,1,510,1,1,0,Fully-Furnished,High (13+),4,17.48761,78.39467,44.28
Hyderabad,Gachibowli & Financial District,Premium,1,634,1,1,0,Unfurnished,Ground-Low (1-4),6,17.45407,78.3616,73.97
Hyderabad,Gachibowli & Financial District,Premium,1,477,1,1,12,Unfurnished,Ground-Low (1-4),6,17.44399,78.36165,51.92
Pune,Koregaon Park & Kalyani Nagar,Ultra Luxury,2,975,2,1,2,Semi-Furnished,Ground-Low (1-4),8,18.54735,73.88987,172.22
Pune,Baner & Balewadi,Premium,3,1804,4,2,0,Fully-Furnished,Mid (5-12),1,18.56125,73.79397,228.13
Mumbai,Thane West,Mid-Segment,4,2122,4,0,0,Semi-Furnished,Ground-Low (1-4),7,19.28193,72.95513,340.14
Pune,Kharadi & Viman Nagar,Premium,2,1025,3,1,5,Fully-Furnished,Ground-Low (1-4),9,18.54519,73.9356,119.9
Mumbai,South Mumbai (Colaba/Worli),Ultra Luxury,3,1395,4,0,0,Fully-Furnished,Ground-Low (1-4),10,19.12337,72.81909,703.42
Hyderabad,Tellapur & Nallagandla,Mid-Segment,1,598,1,3,2,Fully-Furnished,Ground-Low (1-4),1,17.45945,78.32611,53.45
Delhi NCR,Noida Sector 150/62,Mid-Segment,2,1212,2,1,18,Semi-Furnished,High (13+),7,28.58282,77.37231,97.22
Hyderabad,Jubilee Hills & Banjara Hills,Ultra Luxury,3,1766,3,2,0,Unfurnished,Mid (5-12),2,17.4357,78.4227,309.34
Chennai,Anna Nagar,Premium,2,909,3,2,0,Unfurnished,Mid (5-12),10,13.08398,80.21232,127.53
Pune,Wakad & Hinjewadi,Mid-Segment,1,511,1,2,12,Fully-Furnished,Mid (5-12),8,18.58834,73.76639,39.44
Bengaluru,HSR Layout & Sarjapur,Premium,4,2594,5,2,0,Unfurnished,High (13+),4,12.90498,77.66425,329.67
Mumbai,Thane West,Mid-Segment,2,1180,3,3,5,Unfurnished,Mid (5-12),6,19.26669,72.96454,168.33
Hyderabad,Tellapur & Nallagandla,Mid-Segment,2,1199,2,2,2,Fully-Furnished,Ground-Low (1-4),2,17.46324,78.3281,108.05
Delhi NCR,Golf Course Rd (Gurugram),Ultra Luxury,1,584,1,1,5,Unfurnished,Ground-Low (1-4),9,28.4482,77.08919,142.22
Delhi NCR,South Delhi (Vasant Vihar),Ultra Luxury,3,1761,3,2,8,Semi-Furnished,Ground-Low (1-4),6,28.55563,77.16593,517.45
Bengaluru,Indiranagar & Koramangala,Ultra Luxury,3,1795,3,1,12,Unfurnished,Mid (5-12),4,12.98626,77.63344,280.44
Mumbai,Navi Mumbai (Vashi/Kharghar),Mid-Segment,4,2675,5,2,0,Semi-Furnished,Ground-Low (1-4),3,19.1095,73.02767,340.83
Pune,Wakad & Hinjewadi,Mid-Segment,2,1124,3,3,2,Unfurnished,Ground-Low (1-4),5,18.59489,73.75854,80.14
Pune,Baner & Balewadi,Premium,2,1249,2,0,8,Semi-Furnished,High (13+),7,18.56007,73.77962,148.76
Hyderabad,Miyapur & Kukatpally,Mid-Segment,2,939,2,2,5,Semi-Furnished,Mid (5-12),1,17.49009,78.38488,59.41
Chennai,Velachery,Mid-Segment,2,1076,3,3,5,Unfurnished,Mid (5-12),5,12.97494,80.23317,78.4
Chennai,Velachery,Mid-Segment,3,1428,3,3,2,Unfurnished,Ground-Low (1-4),2,12.98356,80.23274,102.73
Mumbai,Bandra-Juhu Belt,Ultra Luxury,3,1818,4,1,5,Semi-Furnished,Ground-Low (1-4),3,19.15563,72.8461,604.2
Hyderabad,Gachibowli & Financial District,Premium,4,2338,5,0,8,Semi-Furnished,Mid (5-12),4,17.43606,78.36256,251.35
Pune,Kharadi & Viman Nagar,Premium,2,869,2,2,2,Unfurnished,High (13+),4,18.54224,73.93406,92.81
Pune,Wakad & Hinjewadi,Mid-Segment,1,644,1,2,8,Semi-Furnished,Mid (5-12),7,18.59485,73.75909,49.86
Mumbai,Navi Mumbai (Vashi/Kharghar),Mid-Segment,2,1057,3,2,12,Semi-Furnished,High (13+),10,19.10695,73.03042,128.12
Delhi NCR,South Delhi (Vasant Vihar),Ultra Luxury,1,497,1,2,0,Unfurnished,Ground-Low (1-4),10,28.57068,77.16306,164.5
Chennai,OMR IT Corridor (Perungudi),Mid-Segment,4,2221,4,1,8,Semi-Furnished,Ground-Low (1-4),1,12.96437,80.27469,163.36
Pune,Kharadi & Viman Nagar,Premium,2,1091,2,2,0,Unfurnished,Mid (5-12),4,18.55104,73.93269,110.2
Bengaluru,Electronic City,Mid-Segment,3,1881,3,0,18,Fully-Furnished,High (13+),10,12.8442,77.67819,132.7
Pune,Baner & Balewadi,Premium,1,562,1,0,0,Semi-Furnished,Mid (5-12),5,18.56379,73.7943,72.91
Hyderabad,Gachibowli & Financial District,Premium,2,908,2,2,0,Unfurnished,Ground-Low (1-4),10,17.43981,78.3726,114.82
Hyderabad,Tellapur & Nallagandla,Mid-Segment,5,3513,6,1,2,Semi-Furnished,Ground-Low (1-4),2,17.46267,78.33578,284.19
Pune,Koregaon Park & Kalyani Nagar,Ultra Luxury,4,2713,5,2,2,Unfurnished,Mid (5-12),9,18.53614,73.90643,452.4
Bengaluru,Whitefield (IT Hub),Premium,3,1410,4,2,2,Semi-Furnished,Mid (5-12),5,12.97495,77.72637,150.41
Mumbai,Powai-Andheri West,Premium,1,620,1,0,5,Semi-Furnished,Ground-Low (1-4),8,19.20134,72.86578,150.02
Delhi NCR,Cyber City & Sector 54,Premium,3,1783,3,0,0,Unfurnished,High (13+),3,28.48157,77.10757,328.33
Hyderabad,Miyapur & Kukatpally,Mid-Segment,2,1192,2,2,2,Fully-Furnished,High (13+),6,17.50141,78.39665,96.12
Bengaluru,Electronic City,Mid-Segment,2,1174,2,3,0,Fully-Furnished,Mid (5-12),3,12.84232,77.67094,89.94
Chennai,OMR IT Corridor (Perungudi),Mid-Segment,3,1620,4,3,0,Unfurnished,Mid (5-12),4,12.97105,80.28966,144.98
Mumbai,Navi Mumbai (Vashi/Kharghar),Mid-Segment,4,2910,4,1,8,Semi-Furnished,Mid (5-12),9,19.11179,73.02115,355.34
Chennai,Tambaram & Porur,Affordable,2,1228,2,2,8,Fully-Furnished,High (13+),1,12.91624,80.15157,76.14
Delhi NCR,Golf Course Rd (Gurugram),Ultra Luxury,3,1379,3,2,2,Semi-Furnished,High (13+),5,28.44745,77.09255,375.66
Hyderabad,Jubilee Hills & Banjara Hills,Ultra Luxury,4,2611,5,1,2,Unfurnished,Mid (5-12),10,17.43709,78.42603,498.13
Chennai,Tambaram & Porur,Affordable,2,1081,2,2,5,Fully-Furnished,Mid (5-12),5,12.91636,80.15321,59.83
Mumbai,Powai-Andheri West,Premium,2,978,3,1,8,Semi-Furnished,Ground-Low (1-4),2,19.20538,72.86356,200.7
Chennai,Tambaram & Porur,Affordable,2,1168,2,2,0,Semi-Furnished,Mid (5-12),3,12.93059,80.14427,68.21
Mumbai,South Mumbai (Colaba/Worli),Ultra Luxury,1,505,1,2,0,Fully-Furnished,Ground-Low (1-4),9,19.13453,72.81953,257.0
Mumbai,Thane West,Mid-Segment,4,2323,5,2,0,Semi-Furnished,Ground-Low (1-4),9,19.27123,72.95828,362.25
Chennai,Adyar & Boat Club Area,Ultra Luxury,1,610,1,0,0,Unfurnished,Mid (5-12),5,12.99485,80.25473,103.19
Chennai,Tambaram & Porur,Affordable,1,555,1,2,0,Semi-Furnished,Mid (5-12),4,12.9192,80.14813,34.19
Chennai,OMR IT Corridor (Perungudi),Mid-Segment,2,1081,3,1,0,Semi-Furnished,Mid (5-12),9,12.95523,80.28402,108.3
Pune,Baner & Balewadi,Premium,4,2479,5,2,2,Semi-Furnished,Ground-Low (1-4),2,18.56823,73.79361,279.87
Chennai,Velachery,Mid-Segment,4,2331,5,1,2,Unfurnished,High (13+),1,12.98648,80.22228,170.9
Pune,Hadapsar & Undri,Mid-Segment,3,1920,4,2,8,Unfurnished,High (13+),5,18.4772,73.93977,123.99
Bengaluru,Electronic City,Mid-Segment,4,2147,4,4,2,Semi-Furnished,Ground-Low (1-4),6,12.85326,77.67577,142.18
Chennai,Velachery,Mid-Segment,2,1174,2,4,2,Unfurnished,Mid (5-12),1,12.99,80.23734,90.96
Mumbai,Thane West,Mid-Segment,2,941,3,2,12,Fully-Furnished,Mid (5-12),5,19.28562,72.96449,139.06
Hyderabad,Tellapur & Nallagandla,Mid-Segment,5,4294,5,2,8,Semi-Furnished,High (13+),9,17.46247,78.32295,382.86
Pune,Koregaon Park & Kalyani Nagar,Ultra Luxury,4,2691,5,3,8,Unfurnished,Ground-Low (1-4),7,18.54451,73.89839,372.71
Pune,Wakad & Hinjewadi,Mid-Segment,5,3374,5,4,18,Unfurnished,Ground-Low (1-4),2,18.59273,73.76091,188.68
Chennai,Velachery,Mid-Segment,2,1077,3,0,0,Unfurnished,Ground-Low (1-4),10,12.98668,80.22276,81.51
Hyderabad,Kondapur & HITECH City,Premium,1,512,1,3,2,Unfurnished,Mid (5-12),8,17.45572,78.39212,64.1
Pune,Hadapsar & Undri,Mid-Segment,3,1801,4,3,2,Semi-Furnished,High (13+),9,18.47867,73.93964,157.3
Hyderabad,Tellapur & Nallagandla,Mid-Segment,2,865,2,2,8,Fully-Furnished,Mid (5-12),8,17.46832,78.32012,78.36
Pune,Wakad & Hinjewadi,Mid-Segment,3,1634,3,2,0,Unfurnished,Mid (5-12),9,18.59668,73.76265,127.1
Pune,Hadapsar & Undri,Mid-Segment,2,1018,2,4,8,Semi-Furnished,Mid (5-12),3,18.48247,73.94149,68.31
Delhi NCR,Golf Course Rd (Gurugram),Ultra Luxury,2,1136,3,2,8,Unfurnished,Ground-Low (1-4),9,28.44549,77.09749,273.09
Hyderabad,Jubilee Hills & Banjara Hills,Ultra Luxury,3,1633,4,1,25,Unfurnished,Ground-Low (1-4),5,17.43771,78.42974,215.06
Pune,Kharadi & Viman Nagar,Premium,1,470,1,2,5,Unfurnished,High (13+),9,18.55763,73.92106,47.56
Chennai,OMR IT Corridor (Perungudi),Mid-Segment,3,1454,3,1,0,Fully-Furnished,High (13+),7,12.96383,80.28005,136.29
Mumbai,Navi Mumbai (Vashi/Kharghar),Mid-Segment,1,582,1,1,8,Fully-Furnished,Ground-Low (1-4),3,19.09835,73.02583,75.0
Mumbai,Navi Mumbai (Vashi/Kharghar),Mid-Segment,2,1238,3,2,12,Semi-Furnished,Mid (5-12),2,19.10734,73.02603,128.42
Mumbai,Thane West,Mid-Segment,4,2649,5,0,8,Fully-Furnished,Ground-Low (1-4),1,19.27656,72.96312,374.45
Delhi NCR,Golf Course Rd (Gurugram),Ultra Luxury,2,1138,3,0,2,Unfurnished,Ground-Low (1-4),9,28.45173,77.09826,266.5
Bengaluru,Yelahanka & North Blr,Mid-Segment,2,1094,2,2,12,Unfurnished,Mid (5-12),3,13.09219,77.58051,77.61
Bengaluru,Electronic City,Mid-Segment,4,2553,4,4,0,Fully-Furnished,Ground-Low (1-4),4,12.86082,77.68446,196.48
Mumbai,Bandra-Juhu Belt,Ultra Luxury,2,1032,2,1,8,Unfurnished,High (13+),7,19.16132,72.82848,361.0
Bengaluru,HSR Layout & Sarjapur,Premium,2,895,2,1,8,Unfurnished,Ground-Low (1-4),7,12.91504,77.64641,103.28
Pune,Koregaon Park & Kalyani Nagar,Ultra Luxury,1,491,1,3,2,Semi-Furnished,Ground-Low (1-4),4,18.54405,73.89315,79.37
Hyderabad,Kondapur & HITECH City,Premium,2,1142,3,2,5,Semi-Furnished,Ground-Low (1-4),6,17.45801,78.38372,117.69
Pune,Wakad & Hinjewadi,Mid-Segment,3,1588,3,1,0,Semi-Furnished,Ground-Low (1-4),7,18.59282,73.75349,133.25
Bengaluru,Indiranagar & Koramangala,Ultra Luxury,2,1017,2,2,0,Semi-Furnished,Ground-Low (1-4),2,12.973,77.63548,181.26
Bengaluru,Whitefield (IT Hub),Premium,1,592,1,2,2,Semi-Furnished,Mid (5-12),7,12.98272,77.73362,67.5
Chennai,Anna Nagar,Premium,3,1719,4,3,8,Semi-Furnished,Mid (5-12),9,13.09575,80.20936,205.54
Pune,Baner & Balewadi,Premium,3,1455,4,0,2,Unfurnished,Mid (5-12),10,18.56024,73.78719,162.22
Delhi NCR,Golf Course Rd (Gurugram),Ultra Luxury,3,1892,3,2,0,Fully-Furnished,Mid (5-12),7,28.45003,77.08983,578.81
Delhi NCR,Noida Sector 150/62,Mid-Segment,4,2291,4,3,12,Semi-Furnished,Ground-Low (1-4),2,28.57072,77.38272,167.12
Pune,Wakad & Hinjewadi,Mid-Segment,1,599,1,2,18,Unfurnished,Mid (5-12),4,18.58237,73.75852,40.19
Hyderabad,Kondapur & HITECH City,Premium,3,1699,4,3,5,Unfurnished,Ground-Low (1-4),8,17.45294,78.39433,189.83
Bengaluru,Indiranagar & Koramangala,Ultra Luxury,3,1938,4,4,5,Fully-Furnished,Ground-Low (1-4),3,12.984,77.6369,337.08
Pune,Kharadi & Viman Nagar,Premium,3,1367,3,3,0,Semi-Furnished,Ground-Low (1-4),2,18.54948,73.93314,138.59
Bengaluru,Yelahanka & North Blr,Mid-Segment,1,614,1,2,8,Unfurnished,High (13+),10,13.09597,77.57686,48.99
Mumbai,Powai-Andheri West,Premium,3,1764,3,1,8,Unfurnished,High (13+),9,19.19667,72.85588,442.65
Chennai,Adyar & Boat Club Area,Ultra Luxury,2,989,2,2,0,Semi-Furnished,Mid (5-12),5,13.00951,80.24644,179.02
Pune,Baner & Balewadi,Premium,3,1451,3,3,2,Unfurnished,Mid (5-12),10,18.55112,73.78468,166.41
Bengaluru,Yelahanka & North Blr,Mid-Segment,2,956,2,2,2,Unfurnished,High (13+),3,13.10326,77.57975,72.59
Bengaluru,Whitefield (IT Hub),Premium,3,1858,3,4,0,Unfurnished,Mid (5-12),8,12.97531,77.73589,212.41
Hyderabad,Miyapur & Kukatpally,Mid-Segment,2,1135,2,1,8,Unfurnished,High (13+),5,17.48828,78.39627,76.43
Mumbai,South Mumbai (Colaba/Worli),Ultra Luxury,3,1884,3,2,5,Semi-Furnished,Ground-Low (1-4),1,19.1246,72.82197,708.57
Chennai,OMR IT Corridor (Perungudi),Mid-Segment,2,1193,3,0,8,Semi-Furnished,Ground-Low (1-4),4,12.96289,80.27783,98.31
Pune,Kharadi & Viman Nagar,Premium,2,885,2,1,18,Semi-Furnished,Mid (5-12),6,18.55468,73.92926,72.17
Pune,Kharadi & Viman Nagar,Premium,2,1201,3,1,8,Semi-Furnished,Ground-Low (1-4),2,18.54658,73.91761,116.87
Hyderabad,Tellapur & Nallagandla,Mid-Segment,2,1106,3,3,0,Unfurnished,High (13+),4,17.47041,78.33158,97.21
Hyderabad,Kondapur & HITECH City,Premium,3,1603,4,2,0,Semi-Furnished,Mid (5-12),9,17.45988,78.38048,198.4
Hyderabad,Gachibowli & Financial District,Premium,2,985,3,4,18,Fully-Furnished,Mid (5-12),9,17.45477,78.37571,106.22
Pune,Kharadi & Viman Nagar,Premium,5,3458,5,2,12,Semi-Furnished,Ground-Low (1-4),10,18.55753,73.93206,348.27
Bengaluru,Yelahanka & North Blr,Mid-Segment,2,1056,3,2,5,Semi-Furnished,Mid (5-12),4,13.10212,77.58022,82.52
Chennai,Velachery,Mid-Segment,2,901,3,0,18,Unfurnished,Ground-Low (1-4),4,12.98235,80.23174,56.0
Delhi NCR,South Delhi (Vasant Vihar),Ultra Luxury,3,1459,4,2,0,Unfurnished,High (13+),6,28.56439,77.15973,465.38
Mumbai,Powai-Andheri West,Premium,3,1750,3,3,0,Unfurnished,Mid (5-12),1,19.19172,72.86649,395.44
Pune,Hadapsar & Undri,Mid-Segment,1,604,1,2,5,Semi-Furnished,Mid (5-12),8,18.47085,73.93812,40.81
Bengaluru,Electronic City,Mid-Segment,3,1739,3,3,2,Fully-Furnished,Ground-Low (1-4),10,12.84807,77.66758,146.65
Hyderabad,Jubilee Hills & Banjara Hills,Ultra Luxury,2,1087,3,2,5,Unfurnished,High (13+),1,17.44427,78.41781,190.86
Pune,Wakad & Hinjewadi,Mid-Segment,2,966,2,2,8,Semi-Furnished,High (13+),8,18.58242,73.75766,76.32
Delhi NCR,Greater Noida West,Affordable,3,1439,4,2,5,Fully-Furnished,Ground-Low (1-4),7,28.53907,77.46407,89.17
Hyderabad,Miyapur & Kukatpally,Mid-Segment,2,1181,2,2,18,Semi-Furnished,Ground-Low (1-4),5,17.49284,78.37804,62.27
Chennai,Tambaram & Porur,Affordable,2,990,3,2,2,Unfurnished,Ground-Low (1-4),9,12.92873,80.14481,58.82
Bengaluru,Yelahanka & North Blr,Mid-Segment,2,954,2,2,25,Semi-Furnished,Ground-Low (1-4),5,13.09951,77.59202,56.2
Mumbai,Powai-Andheri West,Premium,3,1393,3,2,5,Semi-Furnished,Ground-Low (1-4),1,19.20231,72.86768,312.9
Chennai,OMR IT Corridor (Perungudi),Mid-Segment,2,1182,3,0,0,Semi-Furnished,Ground-Low (1-4),6,12.96691,80.27125,101.28
Mumbai,Thane West,Mid-Segment,2,975,3,3,12,Semi-Furnished,High (13+),5,19.27437,72.9538,138.83
Mumbai,Navi Mumbai (Vashi/Kharghar),Mid-Segment,1,589,1,3,8,Unfurnished,Ground-Low (1-4),7,19.11178,73.03154,59.33
Pune,Hadapsar & Undri,Mid-Segment,1,630,1,2,2,Fully-Furnished,Ground-Low (1-4),7,18.47822,73.94178,48.18
Hyderabad,Gachibowli & Financial District,Premium,1,527,1,1,5,Fully-Furnished,Ground-Low (1-4),2,17.4374,78.37516,59.2
Pune,Baner & Balewadi,Premium,4,2741,4,1,2,Semi-Furnished,Mid (5-12),1,18.55196,73.78066,291.21
Delhi NCR,South Delhi (Vasant Vihar),Ultra Luxury,3,1459,3,2,5,Semi-Furnished,Mid (5-12),6,28.55961,77.15174,428.03
Delhi NCR,Golf Course Rd (Gurugram),Ultra Luxury,4,2840,4,2,12,Unfurnished,High (13+),6,28.45316,77.09412,759.82
Delhi NCR,Noida Sector 150/62,Mid-Segment,3,1572,4,3,8,Unfurnished,High (13+),10,28.57796,77.36938,155.2
Delhi NCR,Greater Noida West,Affordable,1,580,1,2,12,Semi-Furnished,Mid (5-12),9,28.54193,77.45028,34.72
Mumbai,Bandra-Juhu Belt,Ultra Luxury,2,1042,2,3,25,Semi-Furnished,Ground-Low (1-4),2,19.14988,72.82975,263.09
Pune,Baner & Balewadi,Premium,1,534,1,1,12,Semi-Furnished,Mid (5-12),7,18.55414,73.78978,61.97
Pune,Hadapsar & Undri,Mid-Segment,2,957,2,1,0,Semi-Furnished,Ground-Low (1-4),8,18.4772,73.93791,71.96
Chennai,Anna Nagar,Premium,2,987,2,0,2,Fully-Furnished,Mid (5-12),10,13.09229,80.20496,159.6
Delhi NCR,Noida Sector 150/62,Mid-Segment,2,1111,3,1,0,Semi-Furnished,Ground-Low (1-4),10,28.57312,77.37132,101.69
Chennai,OMR IT Corridor (Perungudi),Mid-Segment,1,592,1,2,2,Unfurnished,Mid (5-12),8,12.96187,80.2884,50.85
Bengaluru,HSR Layout & Sarjapur,Premium,2,1234,3,1,5,Fully-Furnished,High (13+),1,12.91002,77.66042,164.41
Bengaluru,Yelahanka & North Blr,Mid-Segment,2,1092,3,3,25,Unfurnished,High (13+),10,13.10587,77.57543,73.43
Bengaluru,Whitefield (IT Hub),Premium,3,1910,4,3,18,Unfurnished,Ground-Low (1-4),8,12.97197,77.73908,167.18
Bengaluru,Indiranagar & Koramangala,Ultra Luxury,3,1809,4,3,0,Semi-Furnished,Mid (5-12),8,12.97782,77.62893,385.78
Bengaluru,Indiranagar & Koramangala,Ultra Luxury,2,984,3,3,5,Semi-Furnished,Mid (5-12),6,12.98925,77.63094,188.75
Mumbai,South Mumbai (Colaba/Worli),Ultra Luxury,2,1149,2,1,2,Semi-Furnished,Mid (5-12),1,19.13375,72.82826,488.45
Hyderabad,Kondapur & HITECH City,Premium,2,947,3,2,2,Fully-Furnished,Ground-Low (1-4),8,17.46313,78.38864,111.95
Mumbai,Powai-Andheri West,Premium,3,1471,4,2,18,Semi-Furnished,Mid (5-12),2,19.2022,72.8501,292.12
Pune,Hadapsar & Undri,Mid-Segment,4,2628,4,2,0,Unfurnished,Mid (5-12),4,18.48006,73.93676,183.69
Chennai,Adyar & Boat Club Area,Ultra Luxury,2,1235,3,3,8,Unfurnished,Ground-Low (1-4),6,12.99347,80.24828,176.14
Mumbai,South Mumbai (Colaba/Worli),Ultra Luxury,3,1682,4,1,0,Fully-Furnished,Ground-Low (1-4),1,19.11927,72.82402,711.51
Hyderabad,Gachibowli & Financial District,Premium,3,1423,4,1,5,Semi-Furnished,Mid (5-12),2,17.44794,78.37423,171.65
Delhi NCR,Golf Course Rd (Gurugram),Ultra Luxury,2,918,2,0,0,Fully-Furnished,Mid (5-12),1,28.44653,77.09162,270.49
Chennai,Adyar & Boat Club Area,Ultra Luxury,2,1089,2,1,0,Semi-Furnished,Mid (5-12),1,13.0021,80.24792,177.64
Bengaluru,Electronic City,Mid-Segment,4,3150,4,2,2,Unfurnished,Ground-Low (1-4),2,12.8607,77.67675,202.24
Bengaluru,Yelahanka & North Blr,Mid-Segment,3,1672,4,3,0,Fully-Furnished,Mid (5-12),10,13.11004,77.57706,152.3
Bengaluru,Indiranagar & Koramangala,Ultra Luxury,1,640,1,3,0,Semi-Furnished,Ground-Low (1-4),9,12.98182,77.6391,123.06
Pune,Koregaon Park & Kalyani Nagar,Ultra Luxury,2,934,2,0,2,Unfurnished,High (13+),4,18.54109,73.89076,153.64
Pune,Wakad & Hinjewadi,Mid-Segment,2,1053,2,2,0,Unfurnished,High (13+),1,18.58413,73.74947,82.02
Delhi NCR,Greater Noida West,Affordable,2,1217,3,3,5,Fully-Furnished,Ground-Low (1-4),9,28.53457,77.46464,79.19
Mumbai,South Mumbai (Colaba/Worli),Ultra Luxury,2,919,2,3,0,Fully-Furnished,Mid (5-12),6,19.11624,72.83332,397.94
Hyderabad,Miyapur & Kukatpally,Mid-Segment,2,893,3,0,0,Unfurnished,Ground-Low (1-4),8,17.49204,78.39183,60.2
Pune,Kharadi & Viman Nagar,Premium,4,3114,4,2,2,Semi-Furnished,Ground-Low (1-4),1,18.54382,73.91673,285.9
Delhi NCR,South Delhi (Vasant Vihar),Ultra Luxury,4,2811,4,2,18,Unfurnished,Mid (5-12),2,28.5676,77.16305,664.22
Bengaluru,Yelahanka & North Blr,Mid-Segment,2,867,3,1,5,Unfurnished,Ground-Low (1-4),10,13.10176,77.58913,64.54
Chennai,OMR IT Corridor (Perungudi),Mid-Segment,3,1752,4,0,8,Semi-Furnished,High (13+),1,12.95533,80.28258,135.45
Delhi NCR,Golf Course Rd (Gurugram),Ultra Luxury,3,1459,4,0,2,Semi-Furnished,High (13+),9,28.45956,77.09551,418.92
Mumbai,Navi Mumbai (Vashi/Kharghar),Mid-Segment,2,1166,2,1,12,Fully-Furnished,Ground-Low (1-4),6,19.11436,73.02169,129.0
Pune,Koregaon Park & Kalyani Nagar,Ultra Luxury,2,996,3,0,8,Fully-Furnished,Mid (5-12),4,18.53151,73.90045,168.68
Bengaluru,Yelahanka & North Blr,Mid-Segment,3,1457,3,2,18,Unfurnished,Mid (5-12),6,13.09221,77.59204,96.74
Hyderabad,Tellapur & Nallagandla,Mid-Segment,2,860,3,2,5,Unfurnished,Ground-Low (1-4),3,17.47373,78.32596,64.5
Mumbai,Bandra-Juhu Belt,Ultra Luxury,5,3800,5,2,5,Semi-Furnished,Mid (5-12),4,19.15872,72.83447,1271.7
Pune,Wakad & Hinjewadi,Mid-Segment,1,457,1,2,0,Semi-Furnished,Ground-Low (1-4),9,18.5921,73.76657,42.77
Delhi NCR,Greater Noida West,Affordable,4,2329,5,2,25,Fully-Furnished,Ground-Low (1-4),10,28.53001,77.46769,120.43
Delhi NCR,Greater Noida West,Affordable,2,908,3,2,18,Semi-Furnished,Ground-Low (1-4),7,28.53642,77.45249,40.83
Mumbai,Bandra-Juhu Belt,Ultra Luxury,2,1045,2,1,8,Semi-Furnished,Mid (5-12),9,19.15193,72.82855,341.26
Chennai,OMR IT Corridor (Perungudi),Mid-Segment,2,1233,3,2,0,Unfurnished,High (13+),10,12.97241,80.28883,117.84
Delhi NCR,South Delhi (Vasant Vihar),Ultra Luxury,3,1876,3,2,0,Semi-Furnished,High (13+),8,28.56112,77.15061,658.57
Bengaluru,Yelahanka & North Blr,Mid-Segment,5,3895,6,0,12,Semi-Furnished,Ground-Low (1-4),1,13.09362,77.58748,269.12
Chennai,Anna Nagar,Premium,3,1510,4,1,12,Fully-Furnished,Ground-Low (1-4),2,13.0971,80.21949,170.2
Bengaluru,HSR Layout & Sarjapur,Premium,5,4704,6,1,25,Unfurnished,High (13+),1,12.90359,77.65108,415.91
Hyderabad,Gachibowli & Financial District,Premium,5,3953,6,1,2,Fully-Furnished,Mid (5-12),9,17.45498,78.3724,563.7
Bengaluru,Yelahanka & North Blr,Mid-Segment,3,1925,4,0,18,Unfurnished,Ground-Low (1-4),6,13.10521,77.58308,114.84
Bengaluru,HSR Layout & Sarjapur,Premium,3,1399,4,2,8,Unfurnished,Mid (5-12),9,12.90332,77.64743,172.82
Delhi NCR,Noida Sector 150/62,Mid-Segment,2,929,3,1,12,Semi-Furnished,Ground-Low (1-4),4,28.57535,77.3866,71.62
Pune,Wakad & Hinjewadi,Mid-Segment,5,4124,6,2,5,Unfurnished,High (13+),8,18.58321,73.74945,345.14
Pune,Kharadi & Viman Nagar,Premium,2,1035,2,0,0,Unfurnished,Ground-Low (1-4),3,18.54386,73.92368,96.81
Bengaluru,Indiranagar & Koramangala,Ultra Luxury,1,592,1,4,0,Unfurnished,Ground-Low (1-4),3,12.99088,77.64047,90.69
Pune,Hadapsar & Undri,Mid-Segment,2,1213,2,2,8,Semi-Furnished,Mid (5-12),6,18.48979,73.94311,83.58
Pune,Koregaon Park & Kalyani Nagar,Ultra Luxury,1,576,1,4,0,Semi-Furnished,High (13+),2,18.54388,73.89819,98.36
Bengaluru,Electronic City,Mid-Segment,2,952,2,2,25,Semi-Furnished,Mid (5-12),2,12.85456,77.66967,48.33
Bengaluru,Whitefield (IT Hub),Premium,2,942,3,2,5,Unfurnished,Ground-Low (1-4),9,12.98571,77.72733,87.27
Delhi NCR,Golf Course Rd (Gurugram),Ultra Luxury,2,1051,3,1,8,Unfurnished,Mid (5-12),4,28.45404,77.09593,253.94
Bengaluru,Indiranagar & Koramangala,Ultra Luxury,3,1438,3,2,5,Semi-Furnished,Mid (5-12),10,12.97614,77.63951,265.67
Chennai,Tambaram & Porur,Affordable,4,3138,4,2,2,Semi-Furnished,Mid (5-12),3,12.91793,80.14559,189.88
Pune,Kharadi & Viman Nagar,Premium,2,1097,2,2,0,Unfurnished,Ground-Low (1-4),9,18.5595,73.93453,123.03
Bengaluru,Yelahanka & North Blr,Mid-Segment,1,507,1,1,0,Semi-Furnished,Mid (5-12),9,13.09624,77.58419,44.76
Hyderabad,Miyapur & Kukatpally,Mid-Segment,2,940,3,4,12,Semi-Furnished,Mid (5-12),6,17.48661,78.39175,60.6
Pune,Koregaon Park & Kalyani Nagar,Ultra Luxury,5,3802,6,0,12,Unfurnished,Ground-Low (1-4),10,18.54688,73.90275,545.74
Mumbai,Bandra-Juhu Belt,Ultra Luxury,3,1654,3,2,8,Unfurnished,High (13+),3,19.15957,72.83866,561.53
Bengaluru,Indiranagar & Koramangala,Ultra Luxury,3,1815,3,3,8,Unfurnished,Ground-Low (1-4),5,12.98543,77.63879,277.61
Bengaluru,HSR Layout & Sarjapur,Premium,3,1570,4,2,5,Unfurnished,Mid (5-12),10,12.9102,77.65107,182.78
Chennai,Anna Nagar,Premium,4,2163,5,3,0,Semi-Furnished,High (13+),3,13.09299,80.2012,287.04
Chennai,Anna Nagar,Premium,3,1424,3,2,5,Semi-Furnished,High (13+),8,13.09882,80.22049,204.41
Mumbai,Navi Mumbai (Vashi/Kharghar),Mid-Segment,2,974,2,1,18,Semi-Furnished,Mid (5-12),10,19.11159,73.01834,110.69
Pune,Koregaon Park & Kalyani Nagar,Ultra Luxury,3,1401,4,2,12,Fully-Furnished,Mid (5-12),7,18.5341,73.89275,232.03
Pune,Koregaon Park & Kalyani Nagar,Ultra Luxury,3,1486,3,1,5,Semi-Furnished,Mid (5-12),5,18.54522,73.88797,247.07
Mumbai,Powai-Andheri West,Premium,1,515,1,3,5,Semi-Furnished,Ground-Low (1-4),6,19.19807,72.85462,118.23
Bengaluru,Electronic City,Mid-Segment,2,1034,3,4,0,Semi-Furnished,High (13+),7,12.85608,77.68383,89.83
Hyderabad,Gachibowli & Financial District,Premium,3,1628,4,1,2,Fully-Furnished,Ground-Low (1-4),10,17.44123,78.36698,214.86
Delhi NCR,Noida Sector 150/62,Mid-Segment,2,1117,2,2,0,Semi-Furnished,Ground-Low (1-4),8,28.57074,77.38269,106.69
Delhi NCR,Greater Noida West,Affordable,2,936,2,2,5,Semi-Furnished,Mid (5-12),3,28.54354,77.45049,55.79
Hyderabad,Tellapur & Nallagandla,Mid-Segment,3,1377,4,1,8,Fully-Furnished,High (13+),6,17.45788,78.32656,119.41
Mumbai,Bandra-Juhu Belt,Ultra Luxury,2,857,3,1,5,Semi-Furnished,Mid (5-12),10,19.14998,72.84004,336.21
Hyderabad,Tellapur & Nallagandla,Mid-Segment,2,1119,3,3,0,Semi-Furnished,Mid (5-12),1,17.47158,78.32734,90.26
Delhi NCR,Golf Course Rd (Gurugram),Ultra Luxury,2,1247,3,2,5,Semi-Furnished,Mid (5-12),6,28.44471,77.10196,329.11
Chennai,Tambaram & Porur,Affordable,1,484,1,2,2,Semi-Furnished,Ground-Low (1-4),8,12.92679,80.1536,31.5
Mumbai,South Mumbai (Colaba/Worli),Ultra Luxury,2,863,3,2,0,Unfurnished,Ground-Low (1-4),9,19.13535,72.83126,377.66
Bengaluru,Whitefield (IT Hub),Premium,2,897,3,1,2,Unfurnished,Ground-Low (1-4),5,12.98305,77.73059,85.93
Bengaluru,Yelahanka & North Blr,Mid-Segment,2,1077,2,2,5,Unfurnished,Ground-Low (1-4),6,13.10999,77.5824,73.35
Pune,Wakad & Hinjewadi,Mid-Segment,3,1850,4,0,0,Unfurnished,Mid (5-12),9,18.58834,73.75151,159.42
Pune,Koregaon Park & Kalyani Nagar,Ultra Luxury,2,853,2,2,12,Semi-Furnished,Ground-Low (1-4),8,18.54217,73.89175,127.02
Bengaluru,Yelahanka & North Blr,Mid-Segment,2,1109,2,3,5,Unfurnished,Mid (5-12),3,13.10511,77.59353,81.22
Hyderabad,Kondapur & HITECH City,Premium,1,631,1,0,0,Fully-Furnished,High (13+),7,17.4561,78.38809,87.15
Pune,Baner & Balewadi,Premium,3,1903,3,1,18,Semi-Furnished,Mid (5-12),10,18.57011,73.7778,177.18
Chennai,Adyar & Boat Club Area,Ultra Luxury,2,1217,3,1,18,Unfurnished,Ground-Low (1-4),10,13.00119,80.2459,160.45
Hyderabad,Tellapur & Nallagandla,Mid-Segment,3,1587,3,1,8,Fully-Furnished,Ground-Low (1-4),5,17.45898,78.32485,119.52
Bengaluru,Electronic City,Mid-Segment,2,961,2,1,12,Semi-Furnished,High (13+),6,12.85125,77.67656,66.83
Chennai,OMR IT Corridor (Perungudi),Mid-Segment,1,620,1,3,5,Unfurnished,Ground-Low (1-4),3,12.97187,80.27594,51.69
Hyderabad,Miyapur & Kukatpally,Mid-Segment,1,487,1,2,18,Unfurnished,Mid (5-12),4,17.49449,78.37955,26.84
Delhi NCR,Greater Noida West,Affordable,3,1542,4,4,0,Unfurnished,High (13+),2,28.52457,77.45143,93.52
Delhi NCR,Golf Course Rd (Gurugram),Ultra Luxury,3,1461,3,2,8,Semi-Furnished,Mid (5-12),9,28.46077,77.10651,419.25
Delhi NCR,Greater Noida West,Affordable,2,971,2,3,0,Semi-Furnished,Ground-Low (1-4),5,28.54141,77.45179,59.81
Bengaluru,Yelahanka & North Blr,Mid-Segment,2,853,2,1,8,Unfurnished,High (13+),7,13.09909,77.57772,69.41
Chennai,OMR IT Corridor (Perungudi),Mid-Segment,3,1620,4,0,8,Semi-Furnished,High (13+),2,12.96779,80.27376,140.2
Pune,Baner & Balewadi,Premium,2,1134,2,2,8,Unfurnished,Mid (5-12),1,18.55196,73.78578,114.39
Bengaluru,Yelahanka & North Blr,Mid-Segment,1,600,1,1,5,Fully-Furnished,Ground-Low (1-4),10,13.10512,77.58304,52.85
Delhi NCR,Noida Sector 150/62,Mid-Segment,3,1912,4,2,12,Unfurnished,Mid (5-12),9,28.57396,77.37614,150.87
Pune,Baner & Balewadi,Premium,5,4053,5,1,0,Semi-Furnished,Ground-Low (1-4),10,18.55046,73.79357,491.82
Delhi NCR,Cyber City & Sector 54,Premium,4,2325,4,3,18,Semi-Furnished,Ground-Low (1-4),10,28.47085,77.10914,319.8
Hyderabad,Tellapur & Nallagandla,Mid-Segment,4,2258,5,1,0,Fully-Furnished,Ground-Low (1-4),9,17.461,78.32806,213.65
Pune,Wakad & Hinjewadi,Mid-Segment,2,1239,2,1,5,Fully-Furnished,Mid (5-12),10,18.58933,73.75103,106.98
Mumbai,Bandra-Juhu Belt,Ultra Luxury,1,483,1,2,5,Semi-Furnished,Mid (5-12),8,19.16442,72.84416,170.81
Pune,Baner & Balewadi,Premium,2,1047,3,3,0,Unfurnished,Mid (5-12),8,18.56224,73.79217,124.01
Bengaluru,Whitefield (IT Hub),Premium,2,965,3,1,5,Semi-Furnished,Mid (5-12),2,12.98409,77.72604,98.01
Delhi NCR,Golf Course Rd (Gurugram),Ultra Luxury,4,2312,4,2,0,Unfurnished,Mid (5-12),3,28.45922,77.09293,631.86
Hyderabad,Gachibowli & Financial District,Premium,3,1584,3,1,8,Semi-Furnished,High (13+),9,17.45265,78.35834,198.56
Pune,Kharadi & Viman Nagar,Premium,2,1214,3,3,5,Unfurnished,Mid (5-12),8,18.54528,73.93057,126.85
Pune,Koregaon Park & Kalyani Nagar,Ultra Luxury,2,860,2,1,0,Unfurnished,Ground-Low (1-4),3,18.53067,73.90231,128.97
Mumbai,Thane West,Mid-Segment,3,1372,4,2,2,Unfurnished,Mid (5-12),3,19.27034,72.95112,194.12
Bengaluru,HSR Layout & Sarjapur,Premium,3,1592,3,3,12,Fully-Furnished,High (13+),2,12.90582,77.64502,213.15
Mumbai,South Mumbai (Colaba/Worli),Ultra Luxury,2,1048,3,0,5,Unfurnished,High (13+),10,19.13236,72.82252,464.32
Hyderabad,Tellapur & Nallagandla,Mid-Segment,3,1846,3,2,0,Unfurnished,Mid (5-12),6,17.46059,78.32608,182.05
Delhi NCR,Cyber City & Sector 54,Premium,3,1431,4,0,2,Fully-Furnished,Mid (5-12),9,28.47949,77.11333,285.8
Delhi NCR,Golf Course Rd (Gurugram),Ultra Luxury,2,877,3,1,5,Fully-Furnished,High (13+),1,28.44974,77.10213,254.36
Delhi NCR,Greater Noida West,Affordable,3,1756,4,2,12,Unfurnished,Mid (5-12),1,28.52426,77.44908,96.27
Hyderabad,Miyapur & Kukatpally,Mid-Segment,2,878,3,2,0,Semi-Furnished,Ground-Low (1-4),5,17.48844,78.38585,62.3
Pune,Koregaon Park & Kalyani Nagar,Ultra Luxury,2,1086,3,1,2,Semi-Furnished,Mid (5-12),4,18.53537,73.89465,188.12
Pune,Hadapsar & Undri,Mid-Segment,3,1503,4,1,18,Unfurnished,Mid (5-12),3,18.48817,73.92779,75.22
Mumbai,Thane West,Mid-Segment,2,1213,2,3,0,Semi-Furnished,Mid (5-12),5,19.27746,72.96096,215.01
Delhi NCR,Noida Sector 150/62,Mid-Segment,3,1898,4,2,8,Unfurnished,Mid (5-12),8,28.56912,77.38529,140.81
Chennai,Velachery,Mid-Segment,2,1089,3,0,12,Fully-Furnished,Mid (5-12),9,12.98095,80.23261,79.37
Mumbai,South Mumbai (Colaba/Worli),Ultra Luxury,2,1013,2,2,0,Unfurnished,Ground-Low (1-4),1,19.12938,72.82175,393.21
Chennai,Tambaram & Porur,Affordable,5,3330,6,1,0,Unfurnished,High (13+),3,12.92611,80.14131,201.96
Bengaluru,HSR Layout & Sarjapur,Premium,5,4523,6,1,8,Unfurnished,Ground-Low (1-4),8,12.90713,77.65068,547.06
Bengaluru,Whitefield (IT Hub),Premium,2,1100,3,2,8,Unfurnished,High (13+),1,12.98275,77.73237,95.24
Mumbai,Bandra-Juhu Belt,Ultra Luxury,3,1715,3,2,0,Semi-Furnished,Mid (5-12),4,19.16594,72.83427,615.78
Bengaluru,Electronic City,Mid-Segment,2,1047,2,3,0,Fully-Furnished,Ground-Low (1-4),6,12.84479,77.6724,87.34
Bengaluru,Electronic City,Mid-Segment,4,2548,4,1,2,Unfurnished,Mid (5-12),5,12.8439,77.66514,167.74
Pune,Hadapsar & Undri,Mid-Segment,3,1412,4,0,0,Fully-Furnished,Mid (5-12),5,18.48165,73.93261,110.8
Hyderabad,Kondapur & HITECH City,Premium,3,1735,3,2,0,Semi-Furnished,Mid (5-12),10,17.44784,78.37995,240.78
Bengaluru,Electronic City,Mid-Segment,3,1533,4,1,12,Semi-Furnished,Mid (5-12),6,12.85362,77.67427,101.92
Bengaluru,Electronic City,Mid-Segment,5,4699,5,1,18,Fully-Furnished,Mid (5-12),6,12.84887,77.67644,319.55
Bengaluru,Indiranagar & Koramangala,Ultra Luxury,2,868,3,3,8,Fully-Furnished,High (13+),2,12.98166,77.62568,189.99
Bengaluru,HSR Layout & Sarjapur,Premium,2,1122,3,2,12,Unfurnished,Ground-Low (1-4),7,12.91624,77.65292,118.57
Bengaluru,Yelahanka & North Blr,Mid-Segment,3,1851,3,1,2,Fully-Furnished,Ground-Low (1-4),2,13.09745,77.5845,143.35
Hyderabad,Gachibowli & Financial District,Premium,3,1822,4,2,2,Fully-Furnished,Ground-Low (1-4),4,17.45479,78.37052,226.54
Bengaluru,Yelahanka & North Blr,Mid-Segment,2,935,3,4,25,Unfurnished,Ground-Low (1-4),6,13.10294,77.58368,54.02
Delhi NCR,Noida Sector 150/62,Mid-Segment,2,992,2,2,2,Unfurnished,Mid (5-12),3,28.56478,77.37338,82.81
Hyderabad,Kondapur & HITECH City,Premium,2,996,3,3,5,Unfurnished,Ground-Low (1-4),2,17.45019,78.38417,96.12
Mumbai,Bandra-Juhu Belt,Ultra Luxury,1,523,1,3,12,Semi-Furnished,Mid (5-12),7,19.15976,72.84176,183.38
Delhi NCR,Golf Course Rd (Gurugram),Ultra Luxury,4,3068,5,1,8,Semi-Furnished,High (13+),2,28.44663,77.09488,804.72
Mumbai,Navi Mumbai (Vashi/Kharghar),Mid-Segment,2,1153,3,2,2,Semi-Furnished,Mid (5-12),8,19.10257,73.03435,147.61
Pune,Wakad & Hinjewadi,Mid-Segment,4,2560,4,2,8,Fully-Furnished,Mid (5-12),4,18.59723,73.76664,212.98
Mumbai,Bandra-Juhu Belt,Ultra Luxury,1,523,1,3,8,Fully-Furnished,Ground-Low (1-4),8,19.14796,72.82774,176.44
Chennai,Velachery,Mid-Segment,2,1165,2,2,5,Unfurnished,Mid (5-12),10,12.97586,80.23181,90.47
Hyderabad,Kondapur & HITECH City,Premium,3,1697,3,3,0,Semi-Furnished,Ground-Low (1-4),5,17.4521,78.39128,194.73
Mumbai,Thane West,Mid-Segment,3,1609,4,2,0,Semi-Furnished,Mid (5-12),4,19.27295,72.96288,264.97
Hyderabad,Tellapur & Nallagandla,Mid-Segment,3,1816,4,2,2,Unfurnished,Ground-Low (1-4),10,17.45749,78.33603,161.9
Bengaluru,Indiranagar & Koramangala,Ultra Luxury,3,1819,3,3,0,Unfurnished,Mid (5-12),8,12.98817,77.62585,376.95
Hyderabad,Miyapur & Kukatpally,Mid-Segment,2,879,2,1,2,Semi-Furnished,Mid (5-12),1,17.48669,78.39159,56.87
Mumbai,Navi Mumbai (Vashi/Kharghar),Mid-Segment,3,1579,3,3,5,Unfurnished,Ground-Low (1-4),3,19.09823,73.02748,175.72
Bengaluru,Yelahanka & North Blr,Mid-Segment,3,1483,4,1,0,Fully-Furnished,Ground-Low (1-4),3,13.09427,77.58617,133.35
Pune,Wakad & Hinjewadi,Mid-Segment,2,1086,2,2,5,Semi-Furnished,Mid (5-12),8,18.58719,73.75613,94.08
Pune,Koregaon Park & Kalyani Nagar,Ultra Luxury,2,1147,3,2,12,Semi-Furnished,High (13+),4,18.54361,73.88875,165.82
Pune,Kharadi & Viman Nagar,Premium,1,513,1,2,0,Semi-Furnished,Mid (5-12),10,18.54805,73.91932,58.5
Chennai,Velachery,Mid-Segment,2,936,2,3,2,Fully-Furnished,Ground-Low (1-4),10,12.98304,80.2312,80.33
Bengaluru,Electronic City,Mid-Segment,1,547,1,1,0,Unfurnished,Mid (5-12),3,12.85983,77.66713,38.64
Delhi NCR,Noida Sector 150/62,Mid-Segment,2,1099,2,0,0,Unfurnished,Ground-Low (1-4),10,28.56574,77.37805,94.63
Chennai,OMR IT Corridor (Perungudi),Mid-Segment,5,4400,5,0,8,Semi-Furnished,Mid (5-12),3,12.96347,80.27653,344.45
Chennai,Tambaram & Porur,Affordable,2,851,2,3,18,Semi-Furnished,Mid (5-12),4,12.92406,80.14324,38.93
Hyderabad,Jubilee Hills & Banjara Hills,Ultra Luxury,1,487,1,3,8,Unfurnished,Mid (5-12),3,17.44118,78.42093,84.92
Delhi NCR,Cyber City & Sector 54,Premium,1,467,1,2,0,Semi-Furnished,Mid (5-12),9,28.46789,77.11464,93.8
Delhi NCR,Cyber City & Sector 54,Premium,2,990,2,1,0,Fully-Furnished,Ground-Low (1-4),7,28.48165,77.11648,182.35
Bengaluru,Yelahanka & North Blr,Mid-Segment,2,872,3,1,0,Unfurnished,Ground-Low (1-4),10,13.10793,77.5892,70.76
Chennai,Tambaram & Porur,Affordable,3,1651,3,1,0,Semi-Furnished,Ground-Low (1-4),8,12.9224,80.14618,109.22
Pune,Hadapsar & Undri,Mid-Segment,4,2798,5,2,8,Fully-Furnished,High (13+),1,18.47968,73.94572,179.94
Pune,Baner & Balewadi,Premium,3,1558,4,2,5,Semi-Furnished,Mid (5-12),5,18.5602,73.79644,178.69
Delhi NCR,Golf Course Rd (Gurugram),Ultra Luxury,3,1425,4,3,0,Unfurnished,Ground-Low (1-4),9,28.45732,77.10357,411.92
Pune,Koregaon Park & Kalyani Nagar,Ultra Luxury,3,1783,3,4,12,Unfurnished,Mid (5-12),7,18.5442,73.89986,268.03
Delhi NCR,Greater Noida West,Affordable,2,1023,3,2,12,Semi-Furnished,Ground-Low (1-4),3,28.53863,77.46387,51.85
Chennai,Anna Nagar,Premium,1,508,1,3,2,Unfurnished,Ground-Low (1-4),10,13.09995,80.21974,68.32
Mumbai,Powai-Andheri West,Premium,2,1113,2,1,2,Fully-Furnished,Ground-Low (1-4),8,19.19064,72.85214,302.88
Delhi NCR,Cyber City & Sector 54,Premium,2,1009,3,4,0,Semi-Furnished,Mid (5-12),5,28.47019,77.10585,190.95
Bengaluru,HSR Layout & Sarjapur,Premium,2,1035,3,1,5,Unfurnished,Ground-Low (1-4),3,12.91385,77.64639,112.9
Pune,Baner & Balewadi,Premium,3,1873,3,2,5,Unfurnished,High (13+),1,18.5655,73.78265,194.19
Delhi NCR,Cyber City & Sector 54,Premium,3,1691,4,2,5,Semi-Furnished,Ground-Low (1-4),4,28.46489,77.10497,246.57
Bengaluru,Whitefield (IT Hub),Premium,3,1395,4,2,25,Semi-Furnished,High (13+),4,12.98545,77.74102,109.68
Chennai,Velachery,Mid-Segment,3,1870,4,1,5,Unfurnished,Ground-Low (1-4),2,12.97746,80.24061,130.11
Pune,Hadapsar & Undri,Mid-Segment,2,1001,2,1,8,Unfurnished,Ground-Low (1-4),9,18.48022,73.92863,65.88
Mumbai,Powai-Andheri West,Premium,3,1560,3,2,5,Semi-Furnished,Mid (5-12),8,19.1876,72.84901,393.52
Hyderabad,Gachibowli & Financial District,Premium,2,960,3,0,2,Unfurnished,High (13+),8,17.44682,78.35774,124.8
Bengaluru,Indiranagar & Koramangala,Ultra Luxury,2,1138,3,1,0,Semi-Furnished,Ground-Low (1-4),5,12.98894,77.62707,222.45
Delhi NCR,Cyber City & Sector 54,Premium,3,1636,3,1,5,Fully-Furnished,Ground-Low (1-4),4,28.47827,77.10238,286.45
Mumbai,Bandra-Juhu Belt,Ultra Luxury,4,2693,5,0,8,Semi-Furnished,Mid (5-12),6,19.15817,72.83504,884.15
Pune,Wakad & Hinjewadi,Mid-Segment,3,1726,3,1,2,Semi-Furnished,Ground-Low (1-4),3,18.59966,73.7529,141.63
Chennai,Anna Nagar,Premium,3,1354,4,4,0,Fully-Furnished,High (13+),2,13.10067,80.21562,190.21
Hyderabad,Kondapur & HITECH City,Premium,3,1779,4,2,8,Unfurnished,Ground-Low (1-4),5,17.46157,78.39155,192.84
Chennai,Velachery,Mid-Segment,2,983,2,2,5,Fully-Furnished,Ground-Low (1-4),7,12.97918,80.2303,85.75
Chennai,OMR IT Corridor (Perungudi),Mid-Segment,5,3304,5,2,0,Fully-Furnished,Mid (5-12),5,12.9655,80.27682,297.37
Bengaluru,Indiranagar & Koramangala,Ultra Luxury,2,852,2,1,0,Unfurnished,Mid (5-12),8,12.98748,77.62716,169.19
Mumbai,Powai-Andheri West,Premium,4,2487,4,2,0,Unfurnished,Mid (5-12),2,19.19319,72.85293,603.86
Chennai,Tambaram & Porur,Affordable,2,1247,2,4,2,Semi-Furnished,Mid (5-12),5,12.93126,80.15199,74.53
Bengaluru,Yelahanka & North Blr,Mid-Segment,3,1590,3,3,25,Semi-Furnished,Mid (5-12),1,13.09798,77.58576,86.72
Bengaluru,Electronic City,Mid-Segment,2,875,2,3,0,Semi-Furnished,Mid (5-12),5,12.84472,77.68131,68.12
Pune,Baner & Balewadi,Premium,4,2720,4,0,0,Unfurnished,Mid (5-12),1,18.56202,73.78919,292.26
Mumbai,Bandra-Juhu Belt,Ultra Luxury,2,954,2,2,0,Fully-Furnished,Mid (5-12),1,19.15776,72.83779,356.11
Bengaluru,Yelahanka & North Blr,Mid-Segment,2,1069,2,3,2,Semi-Furnished,Ground-Low (1-4),9,13.10857,77.59369,91.26
Mumbai,Bandra-Juhu Belt,Ultra Luxury,2,978,2,0,5,Unfurnished,Mid (5-12),1,19.15867,72.82821,296.29
Pune,Kharadi & Viman Nagar,Premium,3,1520,4,1,0,Semi-Furnished,Mid (5-12),5,18.55156,73.92625,159.03
Pune,Hadapsar & Undri,Mid-Segment,1,513,1,0,2,Unfurnished,Mid (5-12),2,18.47483,73.93112,33.31
Delhi NCR,Greater Noida West,Affordable,1,493,1,3,8,Semi-Furnished,High (13+),9,28.54214,77.45432,31.18
Pune,Wakad & Hinjewadi,Mid-Segment,1,621,1,1,0,Fully-Furnished,Ground-Low (1-4),5,18.58809,73.76291,57.25
Bengaluru,Whitefield (IT Hub),Premium,3,1913,3,3,2,Semi-Furnished,Ground-Low (1-4),10,12.98549,77.74031,202.8
Delhi NCR,Cyber City & Sector 54,Premium,2,1064,3,2,0,Semi-Furnished,High (13+),7,28.48065,77.10892,215.17
Chennai,Anna Nagar,Premium,2,1047,3,3,8,Semi-Furnished,Mid (5-12),3,13.09209,80.21245,132.71
Delhi NCR,Cyber City & Sector 54,Premium,3,1489,4,0,2,Semi-Furnished,Mid (5-12),2,28.47629,77.11452,286.8
Delhi NCR,Golf Course Rd (Gurugram),Ultra Luxury,4,3134,4,2,0,Semi-Furnished,Mid (5-12),2,28.44475,77.10504,887.88
Delhi NCR,Greater Noida West,Affordable,2,1040,3,0,2,Unfurnished,Ground-Low (1-4),4,28.52736,77.4574,57.64
Hyderabad,Gachibowli & Financial District,Premium,3,1509,3,1,2,Unfurnished,High (13+),7,17.44791,78.36665,195.46
Hyderabad,Kondapur & HITECH City,Premium,3,1579,4,1,5,Fully-Furnished,Mid (5-12),7,17.44841,78.38521,201.47
Mumbai,Bandra-Juhu Belt,Ultra Luxury,1,568,1,1,5,Semi-Furnished,High (13+),10,19.16557,72.83822,235.21
Bengaluru,Whitefield (IT Hub),Premium,3,1764,3,3,0,Semi-Furnished,Mid (5-12),5,12.98407,77.73632,189.91
Pune,Koregaon Park & Kalyani Nagar,Ultra Luxury,3,1772,4,4,8,Fully-Furnished,Mid (5-12),5,18.54904,73.89507,302.07
Chennai,Tambaram & Porur,Affordable,2,1168,3,1,2,Fully-Furnished,Mid (5-12),8,12.91621,80.15533,80.26
Hyderabad,Gachibowli & Financial District,Premium,5,3544,6,1,25,Unfurnished,High (13+),10,17.44686,78.36986,316.67
Delhi NCR,South Delhi (Vasant Vihar),Ultra Luxury,2,894,3,1,18,Semi-Furnished,Ground-Low (1-4),4,28.56092,77.16573,219.04
Bengaluru,Yelahanka & North Blr,Mid-Segment,2,960,3,0,8,Semi-Furnished,Mid (5-12),7,13.10222,77.57852,74.03
Mumbai,Powai-Andheri West,Premium,1,515,1,1,5,Semi-Furnished,Mid (5-12),1,19.19496,72.85292,116.29
Hyderabad,Jubilee Hills & Banjara Hills,Ultra Luxury,2,1169,2,2,5,Semi-Furnished,High (13+),1,17.42852,78.42077,200.58
Delhi NCR,Cyber City & Sector 54,Premium,2,1012,2,1,8,Fully-Furnished,Mid (5-12),2,28.47781,77.10264,166.78
Chennai,Anna Nagar,Premium,1,555,1,2,8,Unfurnished,Ground-Low (1-4),2,13.09086,80.20189,61.95
Hyderabad,Gachibowli & Financial District,Premium,2,1211,2,2,0,Unfurnished,Mid (5-12),7,17.44198,78.3589,143.0
Delhi NCR,Greater Noida West,Affordable,2,1105,3,2,0,Unfurnished,High (13+),5,28.53309,77.46358,72.22
Delhi NCR,South Delhi (Vasant Vihar),Ultra Luxury,1,580,1,1,2,Semi-Furnished,Ground-Low (1-4),2,28.56428,77.16766,179.14
Hyderabad,Miyapur & Kukatpally,Mid-Segment,3,1753,4,1,2,Unfurnished,Mid (5-12),8,17.49069,78.37985,129.18
Delhi NCR,Golf Course Rd (Gurugram),Ultra Luxury,1,635,1,0,2,Semi-Furnished,Mid (5-12),2,28.45591,77.10732,168.95
Pune,Hadapsar & Undri,Mid-Segment,4,2118,4,1,12,Unfurnished,Mid (5-12),2,18.48536,73.93423,116.66
Bengaluru,Yelahanka & North Blr,Mid-Segment,2,1046,3,1,0,Unfurnished,Mid (5-12),4,13.09703,77.58225,84.16
Bengaluru,HSR Layout & Sarjapur,Premium,1,509,1,1,5,Unfurnished,Ground-Low (1-4),6,12.91211,77.64466,59.27
Pune,Baner & Balewadi,Premium,3,1550,3,2,0,Fully-Furnished,High (13+),9,18.55806,73.79253,231.81
Bengaluru,HSR Layout & Sarjapur,Premium,2,1081,2,3,12,Fully-Furnished,Ground-Low (1-4),3,12.90843,77.65677,128.05
Bengaluru,Indiranagar & Koramangala,Ultra Luxury,2,1036,3,0,0,Semi-Furnished,Ground-Low (1-4),10,12.98425,77.63605,222.55
Delhi NCR,Cyber City & Sector 54,Premium,1,574,1,1,5,Fully-Furnished,High (13+),8,28.46918,77.11806,107.17
Delhi NCR,South Delhi (Vasant Vihar),Ultra Luxury,1,611,1,2,25,Unfurnished,Mid (5-12),6,28.57353,77.15981,134.54
Delhi NCR,Noida Sector 150/62,Mid-Segment,2,1218,2,1,8,Unfurnished,Ground-Low (1-4),8,28.57791,77.37796,100.46
Pune,Hadapsar & Undri,Mid-Segment,3,1558,4,2,8,Semi-Furnished,Mid (5-12),3,18.48245,73.94545,109.9
Delhi NCR,Cyber City & Sector 54,Premium,4,2413,5,0,2,Fully-Furnished,Ground-Low (1-4),8,28.4733,77.11251,443.71
Chennai,OMR IT Corridor (Perungudi),Mid-Segment,2,1031,3,2,2,Unfurnished,Mid (5-12),5,12.96828,80.27666,86.58
Bengaluru,Electronic City,Mid-Segment,3,1790,4,2,5,Semi-Furnished,High (13+),3,12.85225,77.68371,134.59
Hyderabad,Tellapur & Nallagandla,Mid-Segment,1,642,1,2,5,Unfurnished,Mid (5-12),2,17.46986,78.32377,46.7
Bengaluru,Yelahanka & North Blr,Mid-Segment,3,1383,4,3,8,Unfurnished,Mid (5-12),4,13.09968,77.58823,101.6
Hyderabad,Gachibowli & Financial District,Premium,2,937,3,1,8,Fully-Furnished,Mid (5-12),4,17.4451,78.37303,114.3
Delhi NCR,Greater Noida West,Affordable,2,1190,3,1,12,Fully-Furnished,Mid (5-12),1,28.53354,77.46165,66.9
Hyderabad,Tellapur & Nallagandla,Mid-Segment,3,1753,4,3,2,Fully-Furnished,Ground-Low (1-4),9,17.46542,78.31872,185.33
Delhi NCR,Cyber City & Sector 54,Premium,1,550,1,1,0,Unfurnished,Ground-Low (1-4),7,28.48254,77.11849,100.1
Mumbai,Thane West,Mid-Segment,4,3190,4,1,25,Unfurnished,Mid (5-12),2,19.28158,72.96033,317.87
Mumbai,Powai-Andheri West,Premium,3,1434,4,2,12,Unfurnished,Mid (5-12),2,19.19537,72.86024,263.08
Chennai,Adyar & Boat Club Area,Ultra Luxury,3,1906,4,3,0,Semi-Furnished,Mid (5-12),10,13.00972,80.24213,330.03
Mumbai,Bandra-Juhu Belt,Ultra Luxury,1,558,1,2,2,Semi-Furnished,Ground-Low (1-4),6,19.15037,72.82959,185.73
Mumbai,Bandra-Juhu Belt,Ultra Luxury,2,850,2,2,18,Fully-Furnished,High (13+),3,19.15778,72.84492,256.62
Mumbai,Bandra-Juhu Belt,Ultra Luxury,2,998,2,2,0,Unfurnished,Mid (5-12),9,19.15488,72.82861,365.06
Chennai,Velachery,Mid-Segment,1,576,1,1,2,Unfurnished,High (13+),9,12.98374,80.22529,48.3
Bengaluru,HSR Layout & Sarjapur,Premium,3,1515,3,1,8,Semi-Furnished,Ground-Low (1-4),1,12.90473,77.65491,157.13
Pune,Wakad & Hinjewadi,Mid-Segment,3,1938,3,2,5,Semi-Furnished,Mid (5-12),3,18.59996,73.75991,147.8
Chennai,Anna Nagar,Premium,1,480,1,2,18,Fully-Furnished,Ground-Low (1-4),1,13.08644,80.20963,52.39
Pune,Koregaon Park & Kalyani Nagar,Ultra Luxury,1,638,1,3,18,Unfurnished,Mid (5-12),4,18.53518,73.90317,78.62
Chennai,Adyar & Boat Club Area,Ultra Luxury,2,1176,2,3,25,Semi-Furnished,Ground-Low (1-4),8,13.00483,80.25903,143.92
Pune,Hadapsar & Undri,Mid-Segment,1,513,1,2,8,Semi-Furnished,Ground-Low (1-4),2,18.47758,73.93581,32.61
Hyderabad,Miyapur & Kukatpally,Mid-Segment,2,984,3,1,18,Semi-Furnished,High (13+),5,17.49106,78.38014,56.06
Chennai,OMR IT Corridor (Perungudi),Mid-Segment,2,1235,3,2,5,Fully-Furnished,Ground-Low (1-4),10,12.95274,80.28936,111.97
Chennai,Velachery,Mid-Segment,1,541,1,3,18,Semi-Furnished,Ground-Low (1-4),10,12.97416,80.23908,37.03
Hyderabad,Tellapur & Nallagandla,Mid-Segment,3,1885,4,3,5,Semi-Furnished,High (13+),5,17.46349,78.32757,162.03
Chennai,Velachery,Mid-Segment,3,1735,4,4,2,Semi-Furnished,High (13+),8,12.97712,80.23182,163.95
Delhi NCR,Noida Sector 150/62,Mid-Segment,1,534,1,1,0,Unfurnished,Mid (5-12),10,28.57956,77.38318,48.22
Delhi NCR,Cyber City & Sector 54,Premium,1,569,1,3,5,Unfurnished,High (13+),10,28.47595,77.11225,107.41
Bengaluru,Indiranagar & Koramangala,Ultra Luxury,1,523,1,2,2,Semi-Furnished,High (13+),6,12.99058,77.63868,104.95
Hyderabad,Gachibowli & Financial District,Premium,2,891,3,2,2,Fully-Furnished,Mid (5-12),6,17.44872,78.3695,122.29
Pune,Kharadi & Viman Nagar,Premium,2,910,3,0,0,Fully-Furnished,High (13+),4,18.54215,73.93035,108.72
Delhi NCR,Noida Sector 150/62,Mid-Segment,5,3417,5,3,0,Semi-Furnished,High (13+),7,28.57061,77.37755,357.83
Chennai,Anna Nagar,Premium,1,532,1,0,0,Semi-Furnished,Ground-Low (1-4),6,13.09867,80.20458,70.23
Pune,Wakad & Hinjewadi,Mid-Segment,1,645,1,1,5,Semi-Furnished,Ground-Low (1-4),6,18.58387,73.74893,54.07
Delhi NCR,South Delhi (Vasant Vihar),Ultra Luxury,2,1157,3,1,2,Fully-Furnished,Mid (5-12),5,28.56601,77.15393,387.31
Chennai,Velachery,Mid-Segment,4,2712,4,1,2,Semi-Furnished,High (13+),6,12.9896,80.22632,246.43
Mumbai,Thane West,Mid-Segment,2,897,3,0,0,Fully-Furnished,Ground-Low (1-4),5,19.27386,72.95375,152.98
Pune,Baner & Balewadi,Premium,2,988,2,3,2,Unfurnished,Mid (5-12),7,18.55854,73.78145,110.43
Pune,Wakad & Hinjewadi,Mid-Segment,2,1052,3,1,0,Semi-Furnished,Ground-Low (1-4),4,18.59003,73.7644,86.76
Hyderabad,Miyapur & Kukatpally,Mid-Segment,4,2841,4,4,0,Semi-Furnished,Ground-Low (1-4),3,17.49264,78.37943,207.31
Bengaluru,Yelahanka & North Blr,Mid-Segment,3,1558,3,2,8,Semi-Furnished,Mid (5-12),6,13.09916,77.58091,123.33
Mumbai,Navi Mumbai (Vashi/Kharghar),Mid-Segment,3,1897,4,3,5,Unfurnished,Mid (5-12),9,19.1042,73.03438,241.83
Chennai,Velachery,Mid-Segment,2,923,2,3,8,Semi-Furnished,High (13+),8,12.98839,80.23516,73.54
Pune,Kharadi & Viman Nagar,Premium,2,1228,2,1,0,Semi-Furnished,High (13+),8,18.54261,73.92374,157.52
Bengaluru,Whitefield (IT Hub),Premium,2,1203,2,2,8,Unfurnished,Mid (5-12),8,12.98337,77.72759,131.43
Mumbai,Thane West,Mid-Segment,4,2303,4,1,8,Semi-Furnished,Mid (5-12),9,19.2687,72.95186,390.11
Delhi NCR,Golf Course Rd (Gurugram),Ultra Luxury,2,987,3,2,5,Semi-Furnished,Ground-Low (1-4),3,28.44649,77.10546,242.63
Pune,Koregaon Park & Kalyani Nagar,Ultra Luxury,3,1449,3,2,25,Semi-Furnished,Ground-Low (1-4),9,18.53653,73.88971,181.46
Chennai,Velachery,Mid-Segment,2,1103,3,3,2,Semi-Furnished,Mid (5-12),5,12.97698,80.23504,93.18
Hyderabad,Miyapur & Kukatpally,Mid-Segment,3,1478,3,1,5,Unfurnished,Mid (5-12),3,17.48886,78.37974,98.79
Chennai,Adyar & Boat Club Area,Ultra Luxury,2,1133,2,4,8,Fully-Furnished,Ground-Low (1-4),10,12.99483,80.24428,199.09
Hyderabad,Gachibowli & Financial District,Premium,2,1245,2,1,5,Semi-Furnished,Ground-Low (1-4),4,17.44335,78.37322,134.21
Delhi NCR,Greater Noida West,Affordable,2,852,2,2,2,Semi-Furnished,Ground-Low (1-4),5,28.53322,77.45372,52.57
Bengaluru,Yelahanka & North Blr,Mid-Segment,2,1144,2,2,8,Semi-Furnished,Ground-Low (1-4),4,13.09263,77.59348,80.79
Mumbai,Navi Mumbai (Vashi/Kharghar),Mid-Segment,1,616,1,2,0,Unfurnished,Mid (5-12),7,19.10441,73.02336,74.1
Chennai,Adyar & Boat Club Area,Ultra Luxury,1,538,1,2,0,Semi-Furnished,High (13+),5,13.01019,80.25178,94.71
Bengaluru,HSR Layout & Sarjapur,Premium,3,1372,3,0,18,Unfurnished,Ground-Low (1-4),10,12.90395,77.66136,155.08
Mumbai,South Mumbai (Colaba/Worli),Ultra Luxury,5,4674,5,2,5,Semi-Furnished,Ground-Low (1-4),8,19.12029,72.82848,2021.08
Bengaluru,HSR Layout & Sarjapur,Premium,2,1202,3,1,0,Unfurnished,Ground-Low (1-4),8,12.90582,77.65931,167.35
Delhi NCR,South Delhi (Vasant Vihar),Ultra Luxury,2,1187,2,2,2,Semi-Furnished,Ground-Low (1-4),3,28.56471,77.1582,355.67
Pune,Baner & Balewadi,Premium,2,1182,3,2,0,Unfurnished,Mid (5-12),6,18.55936,73.78344,140.0
Hyderabad,Jubilee Hills & Banjara Hills,Ultra Luxury,3,1626,3,2,25,Fully-Furnished,Ground-Low (1-4),3,17.43804,78.42075,222.35
Delhi NCR,South Delhi (Vasant Vihar),Ultra Luxury,2,1223,2,3,0,Semi-Furnished,Mid (5-12),8,28.56164,77.16781,381.5
Hyderabad,Jubilee Hills & Banjara Hills,Ultra Luxury,2,897,3,3,2,Semi-Furnished,Ground-Low (1-4),8,17.44216,78.42759,177.08
Chennai,Adyar & Boat Club Area,Ultra Luxury,3,1650,3,0,2,Fully-Furnished,Mid (5-12),8,13.00789,80.24353,321.92
Hyderabad,Miyapur & Kukatpally,Mid-Segment,3,1863,4,2,2,Fully-Furnished,Ground-Low (1-4),5,17.48951,78.39609,122.62
Pune,Koregaon Park & Kalyani Nagar,Ultra Luxury,2,904,2,2,8,Unfurnished,High (13+),8,18.53235,73.89813,146.78
Bengaluru,Electronic City,Mid-Segment,5,4214,5,2,2,Semi-Furnished,High (13+),10,12.85189,77.67277,348.6
Delhi NCR,Golf Course Rd (Gurugram),Ultra Luxury,3,1378,3,4,5,Fully-Furnished,Ground-Low (1-4),8,28.45352,77.09866,399.97
Mumbai,Thane West,Mid-Segment,2,973,3,0,2,Fully-Furnished,Mid (5-12),4,19.27685,72.96729,162.89
Bengaluru,Electronic City,Mid-Segment,2,988,3,1,8,Semi-Furnished,Mid (5-12),1,12.86024,77.66676,64.16
Delhi NCR,Noida Sector 150/62,Mid-Segment,1,514,1,4,12,Semi-Furnished,Ground-Low (1-4),6,28.58163,77.37978,36.6
Hyderabad,Tellapur & Nallagandla,Mid-Segment,2,914,2,1,8,Semi-Furnished,Mid (5-12),5,17.46895,78.32692,67.24
Hyderabad,Gachibowli & Financial District,Premium,4,2565,4,3,2,Fully-Furnished,Ground-Low (1-4),5,17.43556,78.36615,331.38
Hyderabad,Tellapur & Nallagandla,Mid-Segment,3,1916,4,0,8,Semi-Furnished,Ground-Low (1-4),6,17.45572,78.32137,144.66
Pune,Kharadi & Viman Nagar,Premium,3,1834,4,0,18,Fully-Furnished,Ground-Low (1-4),6,18.55909,73.93181,152.38
Bengaluru,Indiranagar & Koramangala,Ultra Luxury,1,609,1,1,0,Unfurnished,Ground-Low (1-4),5,12.97327,77.64404,110.41
Delhi NCR,Golf Course Rd (Gurugram),Ultra Luxury,2,875,2,1,2,Semi-Furnished,Mid (5-12),1,28.45281,77.1048,225.91
Mumbai,Powai-Andheri West,Premium,2,886,2,2,0,Unfurnished,High (13+),10,19.20088,72.856,228.11
Chennai,Tambaram & Porur,Affordable,2,913,3,4,5,Semi-Furnished,Mid (5-12),4,12.93032,80.15367,51.41
Pune,Koregaon Park & Kalyani Nagar,Ultra Luxury,3,1479,3,4,0,Semi-Furnished,Mid (5-12),9,18.53573,73.88809,283.75
Chennai,Adyar & Boat Club Area,Ultra Luxury,1,469,1,0,2,Semi-Furnished,Ground-Low (1-4),4,12.99687,80.24454,79.94
Pune,Kharadi & Viman Nagar,Premium,3,1762,4,1,2,Unfurnished,Mid (5-12),10,18.54177,73.9254,195.4
Pune,Baner & Balewadi,Premium,4,3151,5,0,0,Unfurnished,High (13+),6,18.56275,73.79039,399.93
Bengaluru,Yelahanka & North Blr,Mid-Segment,2,974,3,1,5,Semi-Furnished,Ground-Low (1-4),7,13.11037,77.57621,73.83
Mumbai,Thane West,Mid-Segment,3,1454,4,4,2,Fully-Furnished,Mid (5-12),1,19.27981,72.94847,219.9
Hyderabad,Miyapur & Kukatpally,Mid-Segment,3,1676,4,2,2,Unfurnished,Mid (5-12),7,17.48899,78.39183,105.38
Chennai,Anna Nagar,Premium,2,1009,3,1,0,Semi-Furnished,Ground-Low (1-4),5,13.0922,80.20985,125.73
Chennai,Tambaram & Porur,Affordable,2,1163,2,0,0,Unfurnished,Ground-Low (1-4),2,12.91774,80.14442,61.58
Chennai,Tambaram & Porur,Affordable,2,1009,3,2,2,Unfurnished,High (13+),2,12.923,80.15282,55.35
Hyderabad,Kondapur & HITECH City,Premium,3,1441,4,0,12,Unfurnished,Ground-Low (1-4),7,17.45039,78.39436,129.71
Pune,Koregaon Park & Kalyani Nagar,Ultra Luxury,2,1084,3,3,0,Semi-Furnished,Ground-Low (1-4),10,18.54845,73.89445,207.12
Delhi NCR,Noida Sector 150/62,Mid-Segment,4,2610,5,2,18,Fully-Furnished,Mid (5-12),2,28.5732,77.37324,208.97
Pune,Baner & Balewadi,Premium,2,938,2,0,2,Semi-Furnished,Mid (5-12),7,18.55704,73.79437,105.84
Bengaluru,Electronic City,Mid-Segment,3,1933,3,0,8,Fully-Furnished,Mid (5-12),2,12.8525,77.68319,135.4
Bengaluru,Whitefield (IT Hub),Premium,2,1140,3,1,12,Semi-Furnished,Ground-Low (1-4),4,12.97676,77.73953,112.15
Delhi NCR,Greater Noida West,Affordable,2,1238,3,1,0,Unfurnished,High (13+),5,28.54046,77.45361,79.04
Hyderabad,Gachibowli & Financial District,Premium,2,1002,2,4,8,Unfurnished,Mid (5-12),5,17.44296,78.35859,108.83
Pune,Koregaon Park & Kalyani Nagar,Ultra Luxury,4,2632,5,2,0,Unfurnished,Mid (5-12),2,18.53364,73.89177,403.65
Hyderabad,Gachibowli & Financial District,Premium,3,1476,4,0,0,Semi-Furnished,Mid (5-12),2,17.44857,78.36692,164.57
Bengaluru,Yelahanka & North Blr,Mid-Segment,5,4777,6,1,5,Semi-Furnished,Mid (5-12),10,13.11159,77.57629,425.54
Hyderabad,Jubilee Hills & Banjara Hills,Ultra Luxury,2,952,3,3,0,Unfurnished,Mid (5-12),9,17.42708,78.42271,173.81
Bengaluru,Indiranagar & Koramangala,Ultra Luxury,2,949,3,2,8,Semi-Furnished,Ground-Low (1-4),1,12.98421,77.63495,148.93
Pune,Hadapsar & Undri,Mid-Segment,2,942,3,2,5,Unfurnished,Ground-Low (1-4),2,18.48634,73.94166,53.15
Delhi NCR,Greater Noida West,Affordable,2,1053,2,1,0,Fully-Furnished,Ground-Low (1-4),2,28.52472,77.45111,73.95
Pune,Hadapsar & Undri,Mid-Segment,3,1572,3,3,0,Fully-Furnished,High (13+),7,18.48138,73.93142,143.48
Delhi NCR,Golf Course Rd (Gurugram),Ultra Luxury,2,1091,2,1,0,Semi-Furnished,High (13+),3,28.45741,77.10512,305.42
Chennai,Tambaram & Porur,Affordable,2,1206,3,1,12,Semi-Furnished,Mid (5-12),8,12.93227,80.14832,63.05
Delhi NCR,Greater Noida West,Affordable,3,1635,4,2,0,Fully-Furnished,High (13+),8,28.53906,77.45515,121.46
Hyderabad,Miyapur & Kukatpally,Mid-Segment,2,1175,2,2,2,Unfurnished,High (13+),8,17.48657,78.38436,88.73
Bengaluru,HSR Layout & Sarjapur,Premium,4,2826,5,2,2,Fully-Furnished,High (13+),7,12.91038,77.64567,370.59
Hyderabad,Kondapur & HITECH City,Premium,1,613,1,2,5,Fully-Furnished,Ground-Low (1-4),3,17.45831,78.38704,62.33
Hyderabad,Miyapur & Kukatpally,Mid-Segment,3,1633,3,2,8,Fully-Furnished,Mid (5-12),10,17.49488,78.38156,122.14
Bengaluru,Electronic City,Mid-Segment,2,884,3,1,5,Semi-Furnished,Ground-Low (1-4),5,12.8527,77.6797,69.01
Hyderabad,Miyapur & Kukatpally,Mid-Segment,3,1581,4,2,18,Semi-Furnished,High (13+),4,17.49368,78.38274,98.24
Delhi NCR,Noida Sector 150/62,Mid-Segment,2,1153,3,2,8,Unfurnished,Ground-Low (1-4),9,28.57652,77.38081,95.48
Bengaluru,HSR Layout & Sarjapur,Premium,3,1386,4,1,0,Semi-Furnished,Mid (5-12),8,12.9029,77.6566,186.77
Hyderabad,Kondapur & HITECH City,Premium,2,934,3,0,5,Fully-Furnished,Ground-Low (1-4),4,17.45147,78.38148,109.62
Delhi NCR,Noida Sector 150/62,Mid-Segment,1,484,1,1,0,Semi-Furnished,Ground-Low (1-4),6,28.57412,77.3819,44.13
Mumbai,Bandra-Juhu Belt,Ultra Luxury,3,1762,3,1,12,Semi-Furnished,Mid (5-12),9,19.16401,72.84232,611.66
Mumbai,Bandra-Juhu Belt,Ultra Luxury,3,1449,3,3,0,Semi-Furnished,Ground-Low (1-4),4,19.15874,72.83685,565.3
Mumbai,Bandra-Juhu Belt,Ultra Luxury,1,562,1,2,2,Fully-Furnished,High (13+),3,19.15534,72.84226,221.74
Hyderabad,Kondapur & HITECH City,Premium,1,533,1,1,5,Semi-Furnished,High (13+),10,17.45638,78.38646,66.68
Pune,Koregaon Park & Kalyani Nagar,Ultra Luxury,2,907,2,0,5,Semi-Furnished,Mid (5-12),5,18.54947,73.90151,141.97
Mumbai,Powai-Andheri West,Premium,2,1043,2,3,2,Unfurnished,High (13+),6,19.2055,72.8544,249.71
Chennai,Adyar & Boat Club Area,Ultra Luxury,4,2491,4,0,12,Semi-Furnished,High (13+),6,13.01041,80.25336,411.91
Pune,Hadapsar & Undri,Mid-Segment,5,4091,5,2,2,Semi-Furnished,Mid (5-12),5,18.47754,73.94596,277.0
Hyderabad,Miyapur & Kukatpally,Mid-Segment,1,544,1,3,5,Unfurnished,Mid (5-12),1,17.4882,78.39314,31.27
Chennai,Velachery,Mid-Segment,3,1824,3,2,5,Unfurnished,High (13+),3,12.98429,80.22289,141.28
Chennai,Adyar & Boat Club Area,Ultra Luxury,2,1144,2,2,2,Semi-Furnished,High (13+),6,12.99275,80.26064,202.86
Mumbai,Thane West,Mid-Segment,3,1829,3,3,2,Unfurnished,High (13+),5,19.28284,72.96477,295.08
Mumbai,Thane West,Mid-Segment,3,1636,3,2,2,Unfurnished,High (13+),8,19.27948,72.96562,250.83
Bengaluru,Indiranagar & Koramangala,Ultra Luxury,5,3661,6,0,0,Unfurnished,Mid (5-12),7,12.97767,77.63351,690.5
Pune,Kharadi & Viman Nagar,Premium,3,1700,4,1,8,Unfurnished,Ground-Low (1-4),7,18.55678,73.91723,139.13
Pune,Baner & Balewadi,Premium,4,2198,4,2,0,Semi-Furnished,Ground-Low (1-4),6,18.56674,73.78495,260.07
Chennai,OMR IT Corridor (Perungudi),Mid-Segment,1,608,1,2,2,Fully-Furnished,High (13+),5,12.96966,80.27694,58.98
Pune,Wakad & Hinjewadi,Mid-Segment,2,1210,3,0,0,Semi-Furnished,Ground-Low (1-4),7,18.58493,73.74676,108.91
Delhi NCR,Noida Sector 150/62,Mid-Segment,3,1518,3,1,2,Unfurnished,High (13+),2,28.56655,77.37294,141.38
Bengaluru,Electronic City,Mid-Segment,4,3096,5,2,2,Semi-Furnished,Ground-Low (1-4),5,12.8585,77.67392,251.62
Pune,Hadapsar & Undri,Mid-Segment,3,1557,3,2,5,Semi-Furnished,High (13+),4,18.48574,73.94494,109.31
Delhi NCR,Greater Noida West,Affordable,2,982,2,3,18,Fully-Furnished,High (13+),5,28.52692,77.46233,58.73
Bengaluru,Electronic City,Mid-Segment,2,1095,2,1,0,Semi-Furnished,Ground-Low (1-4),1,12.84222,77.68445,77.88
Delhi NCR,Cyber City & Sector 54,Premium,2,1165,3,0,5,Unfurnished,Ground-Low (1-4),1,28.47271,77.10475,168.55
Chennai,Tambaram & Porur,Affordable,2,1134,2,1,8,Unfurnished,Ground-Low (1-4),6,12.93194,80.15562,61.37
Chennai,Tambaram & Porur,Affordable,1,602,1,2,8,Unfurnished,Ground-Low (1-4),1,12.92865,80.14412,29.43
Delhi NCR,Cyber City & Sector 54,Premium,2,875,2,2,0,Unfurnished,High (13+),6,28.47597,77.11275,159.98
Bengaluru,Indiranagar & Koramangala,Ultra Luxury,2,1187,2,1,0,Fully-Furnished,Ground-Low (1-4),1,12.99106,77.63916,225.55
Hyderabad,Tellapur & Nallagandla,Mid-Segment,3,1775,4,2,25,Unfurnished,Mid (5-12),6,17.45619,78.32758,107.96
Mumbai,Navi Mumbai (Vashi/Kharghar),Mid-Segment,2,1244,3,4,5,Semi-Furnished,High (13+),5,19.11314,73.0345,161.64
Pune,Wakad & Hinjewadi,Mid-Segment,3,1852,3,2,2,Semi-Furnished,High (13+),5,18.58196,73.75489,174.3
Pune,Baner & Balewadi,Premium,1,570,1,2,2,Fully-Furnished,High (13+),4,18.55567,73.77812,70.5
Bengaluru,Yelahanka & North Blr,Mid-Segment,3,1401,4,1,5,Semi-Furnished,High (13+),9,13.09831,77.5923,121.89
Delhi NCR,Noida Sector 150/62,Mid-Segment,2,1189,2,2,8,Semi-Furnished,Ground-Low (1-4),7,28.56789,77.372,104.86
Pune,Baner & Balewadi,Premium,4,2748,5,2,25,Unfurnished,Ground-Low (1-4),7,18.5545,73.78547,197.61
Pune,Baner & Balewadi,Premium,3,1744,4,2,0,Semi-Furnished,Ground-Low (1-4),4,18.5523,73.78942,196.6
Pune,Baner & Balewadi,Premium,2,955,3,3,5,Unfurnished,Ground-Low (1-4),3,18.55714,73.79598,95.81
Chennai,Anna Nagar,Premium,3,1539,4,0,12,Semi-Furnished,Ground-Low (1-4),6,13.08541,80.2136,170.92
Delhi NCR,Noida Sector 150/62,Mid-Segment,2,906,3,2,0,Fully-Furnished,Mid (5-12),8,28.57868,77.38359,102.62
Bengaluru,Indiranagar & Koramangala,Ultra Luxury,2,1017,2,0,0,Semi-Furnished,Mid (5-12),8,12.9758,77.64133,197.04
Bengaluru,Yelahanka & North Blr,Mid-Segment,3,1916,3,1,8,Fully-Furnished,Ground-Low (1-4),8,13.09619,77.59117,139.13
Pune,Baner & Balewadi,Premium,2,1110,3,2,0,Fully-Furnished,Ground-Low (1-4),9,18.56086,73.77687,145.59
Hyderabad,Tellapur & Nallagandla,Mid-Segment,2,1067,3,2,2,Semi-Furnished,Ground-Low (1-4),6,17.46286,78.32833,93.2
Hyderabad,Tellapur & Nallagandla,Mid-Segment,4,2618,5,2,12,Fully-Furnished,Ground-Low (1-4),1,17.45824,78.32348,197.93
Chennai,Adyar & Boat Club Area,Ultra Luxury,1,536,1,2,2,Fully-Furnished,Mid (5-12),7,13.01077,80.25107,104.26
Bengaluru,Electronic City,Mid-Segment,1,453,1,2,2,Semi-Furnished,Mid (5-12),7,12.84597,77.66622,34.58
Mumbai,Thane West,Mid-Segment,3,1674,4,0,12,Semi-Furnished,Ground-Low (1-4),9,19.28515,72.9592,213.41
Pune,Hadapsar & Undri,Mid-Segment,3,1783,4,2,0,Semi-Furnished,Mid (5-12),7,18.47909,73.93611,137.01
Pune,Hadapsar & Undri,Mid-Segment,1,477,1,2,8,Semi-Furnished,Mid (5-12),5,18.47805,73.94342,31.63
Mumbai,Bandra-Juhu Belt,Ultra Luxury,1,647,1,1,25,Unfurnished,Mid (5-12),10,19.15195,72.8408,173.38
Bengaluru,Electronic City,Mid-Segment,4,3039,5,2,18,Semi-Furnished,Mid (5-12),6,12.84184,77.67384,184.19
Bengaluru,HSR Layout & Sarjapur,Premium,3,1410,3,2,5,Semi-Furnished,Mid (5-12),5,12.91341,77.66098,171.4
Bengaluru,Electronic City,Mid-Segment,2,1004,2,1,12,Unfurnished,Mid (5-12),10,12.85863,77.6735,65.91
Hyderabad,Kondapur & HITECH City,Premium,2,964,2,2,12,Unfurnished,High (13+),8,17.45482,78.39331,101.24
Chennai,Velachery,Mid-Segment,3,1915,3,1,25,Fully-Furnished,Mid (5-12),8,12.97546,80.22115,129.52
Hyderabad,Gachibowli & Financial District,Premium,1,640,1,0,0,Semi-Furnished,Mid (5-12),3,17.43563,78.35886,82.19
Mumbai,South Mumbai (Colaba/Worli),Ultra Luxury,2,886,2,1,5,Fully-Furnished,High (13+),8,19.13498,72.83015,431.57
Chennai,Anna Nagar,Premium,3,1711,3,3,5,Semi-Furnished,Ground-Low (1-4),8,13.09075,80.21915,216.57
Bengaluru,Yelahanka & North Blr,Mid-Segment,2,912,2,0,5,Semi-Furnished,Mid (5-12),7,13.0921,77.58542,80.8
Pune,Koregaon Park & Kalyani Nagar,Ultra Luxury,3,1705,4,3,12,Semi-Furnished,Ground-Low (1-4),7,18.53712,73.89347,239.95
Hyderabad,Jubilee Hills & Banjara Hills,Ultra Luxury,4,2618,4,1,8,Unfurnished,Ground-Low (1-4),8,17.43022,78.43458,419.14
Hyderabad,Kondapur & HITECH City,Premium,3,1592,3,3,2,Semi-Furnished,Ground-Low (1-4),3,17.44742,78.37785,159.17
Hyderabad,Miyapur & Kukatpally,Mid-Segment,3,1874,4,2,8,Semi-Furnished,Ground-Low (1-4),10,17.48764,78.38538,121.21
Chennai,OMR IT Corridor (Perungudi),Mid-Segment,2,940,2,2,8,Semi-Furnished,High (13+),6,12.96542,80.27988,83.47
Hyderabad,Miyapur & Kukatpally,Mid-Segment,2,1098,2,2,8,Unfurnished,Ground-Low (1-4),8,17.49026,78.38482,67.37
Bengaluru,HSR Layout & Sarjapur,Premium,1,610,1,3,8,Unfurnished,Mid (5-12),8,12.91109,77.65,70.38
Hyderabad,Tellapur & Nallagandla,Mid-Segment,1,632,1,2,5,Unfurnished,High (13+),7,17.46734,78.32534,56.82
Pune,Koregaon Park & Kalyani Nagar,Ultra Luxury,1,547,1,0,5,Unfurnished,Mid (5-12),9,18.54988,73.90004,88.51
Pune,Hadapsar & Undri,Mid-Segment,2,1175,2,2,5,Semi-Furnished,High (13+),1,18.48113,73.93136,79.83
Bengaluru,Yelahanka & North Blr,Mid-Segment,4,2659,5,2,2,Semi-Furnished,Mid (5-12),3,13.09914,77.58758,208.47
Delhi NCR,Greater Noida West,Affordable,1,458,1,1,2,Fully-Furnished,Mid (5-12),1,28.5258,77.46603,27.8
Delhi NCR,South Delhi (Vasant Vihar),Ultra Luxury,3,1655,4,1,25,Semi-Furnished,Mid (5-12),3,28.57161,77.15727,386.44
Chennai,OMR IT Corridor (Perungudi),Mid-Segment,2,1091,2,4,2,Fully-Furnished,Mid (5-12),2,12.95775,80.27111,99.68
Delhi NCR,Cyber City & Sector 54,Premium,2,1240,3,3,2,Fully-Furnished,Mid (5-12),5,28.46839,77.09913,254.73
Chennai,Velachery,Mid-Segment,3,1511,4,4,2,Semi-Furnished,Mid (5-12),5,12.9794,80.23641,130.1
Pune,Kharadi & Viman Nagar,Premium,2,1177,2,0,0,Unfurnished,Mid (5-12),6,18.54851,73.91962,121.12
Chennai,OMR IT Corridor (Perungudi),Mid-Segment,3,1847,3,2,0,Semi-Furnished,Mid (5-12),8,12.97012,80.27746,177.81
Chennai,Velachery,Mid-Segment,2,1159,3,1,0,Semi-Furnished,Ground-Low (1-4),6,12.98339,80.2342,96.03
Mumbai,Powai-Andheri West,Premium,2,1090,2,0,18,Semi-Furnished,Ground-Low (1-4),7,19.20469,72.86758,220.08
Pune,Hadapsar & Undri,Mid-Segment,4,3074,4,2,2,Unfurnished,Ground-Low (1-4),4,18.48488,73.94005,200.21
Mumbai,Navi Mumbai (Vashi/Kharghar),Mid-Segment,3,1892,3,2,8,Semi-Furnished,Mid (5-12),7,19.1036,73.033,218.2
Mumbai,Thane West,Mid-Segment,4,2301,5,4,0,Semi-Furnished,Ground-Low (1-4),3,19.2747,72.95445,311.35
Chennai,Anna Nagar,Premium,3,1533,3,1,5,Semi-Furnished,High (13+),3,13.09521,80.2079,199.97
Hyderabad,Jubilee Hills & Banjara Hills,Ultra Luxury,2,1115,2,2,12,Fully-Furnished,Mid (5-12),5,17.44198,78.42887,197.45
Delhi NCR,Greater Noida West,Affordable,2,1093,2,3,0,Fully-Furnished,Mid (5-12),7,28.53781,77.46695,76.24
Bengaluru,HSR Layout & Sarjapur,Premium,3,1574,4,0,0,Semi-Furnished,Mid (5-12),8,12.90465,77.64739,214.62
Hyderabad,Jubilee Hills & Banjara Hills,Ultra Luxury,3,1817,3,2,0,Unfurnished,Ground-Low (1-4),9,17.42929,78.42345,337.33
Chennai,Tambaram & Porur,Affordable,2,1018,3,4,0,Fully-Furnished,High (13+),3,12.93188,80.15481,72.64
Delhi NCR,Cyber City & Sector 54,Premium,2,1025,2,3,25,Unfurnished,High (13+),6,28.46678,77.10476,124.78
Pune,Wakad & Hinjewadi,Mid-Segment,2,1196,3,0,0,Fully-Furnished,Mid (5-12),8,18.59746,73.74831,118.25
Hyderabad,Jubilee Hills & Banjara Hills,Ultra Luxury,1,560,1,2,5,Unfurnished,Mid (5-12),1,17.43441,78.43361,93.96
Bengaluru,Yelahanka & North Blr,Mid-Segment,3,1777,3,3,5,Fully-Furnished,Mid (5-12),9,13.10904,77.58391,162.91
Delhi NCR,Cyber City & Sector 54,Premium,1,462,1,1,18,Unfurnished,High (13+),10,28.4776,77.10847,72.5
Mumbai,Navi Mumbai (Vashi/Kharghar),Mid-Segment,3,1772,3,3,25,Fully-Furnished,High (13+),6,19.11009,73.02358,194.85
Bengaluru,Electronic City,Mid-Segment,2,1045,2,2,8,Semi-Furnished,Ground-Low (1-4),3,12.85001,77.6746,68.19
Pune,Wakad & Hinjewadi,Mid-Segment,3,1648,4,2,0,Fully-Furnished,Ground-Low (1-4),7,18.58445,73.75372,155.21
Chennai,Adyar & Boat Club Area,Ultra Luxury,3,1574,4,1,2,Fully-Furnished,Ground-Low (1-4),3,13.00541,80.24667,268.32
Pune,Baner & Balewadi,Premium,2,932,3,2,0,Semi-Furnished,Mid (5-12),3,18.55776,73.79347,110.54
Chennai,OMR IT Corridor (Perungudi),Mid-Segment,2,1014,2,0,18,Semi-Furnished,Ground-Low (1-4),4,12.95349,80.28409,67.61
Delhi NCR,South Delhi (Vasant Vihar),Ultra Luxury,2,1184,3,2,2,Unfurnished,Mid (5-12),5,28.56174,77.15529,358.67
Delhi NCR,Golf Course Rd (Gurugram),Ultra Luxury,3,1613,3,0,18,Semi-Furnished,Ground-Low (1-4),7,28.45252,77.10829,338.03
Bengaluru,HSR Layout & Sarjapur,Premium,2,989,3,0,25,Unfurnished,Mid (5-12),3,12.91856,77.65253,90.95
Bengaluru,Electronic City,Mid-Segment,1,491,1,2,8,Semi-Furnished,Mid (5-12),10,12.84343,77.66845,35.14
Delhi NCR,South Delhi (Vasant Vihar),Ultra Luxury,2,1221,3,2,0,Fully-Furnished,Mid (5-12),5,28.56397,77.15427,416.09
Chennai,Anna Nagar,Premium,4,2571,5,2,2,Unfurnished,Mid (5-12),1,13.10113,80.20208,274.02
Bengaluru,Whitefield (IT Hub),Premium,3,1848,4,2,2,Semi-Furnished,Mid (5-12),1,12.97557,77.73094,193.5
Mumbai,Navi Mumbai (Vashi/Kharghar),Mid-Segment,3,1466,3,2,0,Semi-Furnished,Mid (5-12),6,19.10081,73.01908,192.85
Mumbai,South Mumbai (Colaba/Worli),Ultra Luxury,2,1146,3,2,2,Semi-Furnished,High (13+),5,19.12553,72.83034,507.91
Delhi NCR,South Delhi (Vasant Vihar),Ultra Luxury,2,1239,3,2,5,Fully-Furnished,Ground-Low (1-4),10,28.56851,77.16585,424.22
Chennai,Velachery,Mid-Segment,5,4033,6,1,12,Semi-Furnished,Ground-Low (1-4),9,12.99234,80.22825,288.88
Bengaluru,HSR Layout & Sarjapur,Premium,4,2485,4,2,8,Unfurnished,High (13+),9,12.90435,77.65809,324.25
Pune,Wakad & Hinjewadi,Mid-Segment,2,969,3,1,12,Semi-Furnished,Mid (5-12),2,18.59756,73.74993,64.49
Delhi NCR,Cyber City & Sector 54,Premium,1,557,1,1,0,Semi-Furnished,Ground-Low (1-4),4,28.47549,77.1114,97.56
Delhi NCR,South Delhi (Vasant Vihar),Ultra Luxury,3,1446,4,1,0,Fully-Furnished,Ground-Low (1-4),3,28.55486,77.16848,526.04
Bengaluru,Whitefield (IT Hub),Premium,2,1036,3,2,25,Unfurnished,High (13+),1,12.97201,77.73,74.84
Pune,Wakad & Hinjewadi,Mid-Segment,2,995,2,2,5,Fully-Furnished,High (13+),3,18.59183,73.75226,87.14
Delhi NCR,Noida Sector 150/62,Mid-Segment,4,2359,5,3,5,Fully-Furnished,Ground-Low (1-4),8,28.58222,77.37984,255.84
Hyderabad,Miyapur & Kukatpally,Mid-Segment,1,626,1,1,0,Unfurnished,Ground-Low (1-4),3,17.48561,78.39221,41.86
Hyderabad,Miyapur & Kukatpally,Mid-Segment,2,1144,3,0,18,Unfurnished,High (13+),10,17.50487,78.38816,68.91
Hyderabad,Jubilee Hills & Banjara Hills,Ultra Luxury,2,1064,2,2,5,Semi-Furnished,High (13+),9,17.4364,78.4239,217.09
Delhi NCR,Golf Course Rd (Gurugram),Ultra Luxury,2,1233,2,2,0,Semi-Furnished,High (13+),10,28.45979,77.10503,404.06
Hyderabad,Jubilee Hills & Banjara Hills,Ultra Luxury,3,1574,3,3,2,Unfurnished,Ground-Low (1-4),1,17.43636,78.42698,245.97
Chennai,OMR IT Corridor (Perungudi),Mid-Segment,3,1622,4,2,5,Fully-Furnished,High (13+),5,12.96667,80.28998,159.23
Delhi NCR,Golf Course Rd (Gurugram),Ultra Luxury,2,1111,2,1,18,Unfurnished,Mid (5-12),4,28.44475,77.09556,251.21
Mumbai,South Mumbai (Colaba/Worli),Ultra Luxury,1,590,1,2,2,Semi-Furnished,High (13+),5,19.13036,72.82986,253.64
Hyderabad,Kondapur & HITECH City,Premium,5,3367,6,2,5,Semi-Furnished,Mid (5-12),9,17.45214,78.39063,385.14
Chennai,Velachery,Mid-Segment,1,458,1,1,8,Semi-Furnished,Ground-Low (1-4),3,12.98025,80.23053,33.13
Pune,Baner & Balewadi,Premium,2,1218,3,2,0,Semi-Furnished,Mid (5-12),7,18.56102,73.79622,141.39
Bengaluru,Yelahanka & North Blr,Mid-Segment,2,1127,2,3,0,Fully-Furnished,High (13+),6,13.11015,77.59444,103.42
Mumbai,Navi Mumbai (Vashi/Kharghar),Mid-Segment,3,1758,4,2,0,Fully-Furnished,Mid (5-12),2,19.11013,73.02185,254.33
Bengaluru,HSR Layout & Sarjapur,Premium,2,1167,2,1,0,Unfurnished,Ground-Low (1-4),5,12.90308,77.65433,154.63
Mumbai,South Mumbai (Colaba/Worli),Ultra Luxury,2,911,2,2,8,Unfurnished,Ground-Low (1-4),9,19.13003,72.82273,339.2
Chennai,Velachery,Mid-Segment,3,1906,4,1,12,Semi-Furnished,Ground-Low (1-4),8,12.97515,80.23017,145.31
Pune,Koregaon Park & Kalyani Nagar,Ultra Luxury,2,1110,2,2,2,Fully-Furnished,Mid (5-12),1,18.53417,73.88751,186.06
Mumbai,Thane West,Mid-Segment,2,900,2,2,5,Semi-Furnished,Mid (5-12),7,19.27504,72.95436,131.37
Delhi NCR,Cyber City & Sector 54,Premium,3,1853,3,0,8,Semi-Furnished,High (13+),10,28.47219,77.11026,366.63
Chennai,OMR IT Corridor (Perungudi),Mid-Segment,2,906,3,3,0,Unfurnished,Mid (5-12),2,12.96971,80.28337,78.67
Chennai,OMR IT Corridor (Perungudi),Mid-Segment,2,954,2,0,0,Unfurnished,Mid (5-12),3,12.97132,80.27687,75.26
Chennai,Adyar & Boat Club Area,Ultra Luxury,2,874,2,3,5,Semi-Furnished,Ground-Low (1-4),4,12.99927,80.25971,129.34
Mumbai,Navi Mumbai (Vashi/Kharghar),Mid-Segment,5,4357,6,3,2,Semi-Furnished,Ground-Low (1-4),7,19.10833,73.01787,514.23
Mumbai,South Mumbai (Colaba/Worli),Ultra Luxury,1,608,1,0,25,Unfurnished,Ground-Low (1-4),3,19.13513,72.83597,161.97
Chennai,Adyar & Boat Club Area,Ultra Luxury,3,1863,4,2,8,Unfurnished,Mid (5-12),5,13.00701,80.25371,287.96
Chennai,Adyar & Boat Club Area,Ultra Luxury,2,900,3,2,8,Semi-Furnished,Mid (5-12),5,13.00294,80.2557,132.84
Mumbai,Navi Mumbai (Vashi/Kharghar),Mid-Segment,2,1139,2,4,8,Semi-Furnished,Ground-Low (1-4),5,19.1009,73.02857,130.03
Chennai,Tambaram & Porur,Affordable,4,2495,4,1,0,Semi-Furnished,Ground-Low (1-4),3,12.93193,80.1438,142.18
Hyderabad,Gachibowli & Financial District,Premium,4,2471,5,2,5,Unfurnished,Ground-Low (1-4),6,17.45071,78.36245,267.58
Bengaluru,Whitefield (IT Hub),Premium,1,473,1,1,2,Fully-Furnished,High (13+),2,12.97869,77.73169,54.59
Chennai,Tambaram & Porur,Affordable,3,1763,4,0,2,Semi-Furnished,High (13+),3,12.92776,80.15269,101.78
Pune,Kharadi & Viman Nagar,Premium,4,3151,4,2,5,Fully-Furnished,Ground-Low (1-4),3,18.55326,73.92636,336.18
Delhi NCR,South Delhi (Vasant Vihar),Ultra Luxury,1,450,1,2,12,Unfurnished,Ground-Low (1-4),10,28.56369,77.15008,124.2
Bengaluru,Indiranagar & Koramangala,Ultra Luxury,4,2542,4,2,18,Semi-Furnished,Mid (5-12),5,12.9775,77.64445,421.77
Hyderabad,Jubilee Hills & Banjara Hills,Ultra Luxury,3,1484,4,3,2,Semi-Furnished,Mid (5-12),5,17.44149,78.41791,291.1
Hyderabad,Kondapur & HITECH City,Premium,4,2832,4,2,18,Semi-Furnished,High (13+),7,17.45957,78.37671,281.32
Hyderabad,Jubilee Hills & Banjara Hills,Ultra Luxury,4,2695,4,4,2,Semi-Furnished,Mid (5-12),4,17.432,78.41998,439.86
Hyderabad,Jubilee Hills & Banjara Hills,Ultra Luxury,3,1370,3,0,2,Unfurnished,Ground-Low (1-4),1,17.43742,78.42582,218.23
Delhi NCR,Cyber City & Sector 54,Premium,4,2277,5,2,8,Semi-Furnished,Ground-Low (1-4),9,28.47835,77.10756,400.82
Bengaluru,Whitefield (IT Hub),Premium,2,1236,2,3,5,Semi-Furnished,Mid (5-12),9,12.97567,77.7322,139.37
Pune,Hadapsar & Undri,Mid-Segment,2,876,2,1,25,Fully-Furnished,Mid (5-12),3,18.48889,73.93986,47.78
Delhi NCR,Noida Sector 150/62,Mid-Segment,3,1404,4,2,0,Semi-Furnished,Ground-Low (1-4),1,28.5696,77.36997,120.83
Delhi NCR,South Delhi (Vasant Vihar),Ultra Luxury,3,1363,4,4,12,Fully-Furnished,Mid (5-12),4,28.56998,77.1586,392.38
Pune,Baner & Balewadi,Premium,2,1159,3,1,0,Semi-Furnished,Ground-Low (1-4),9,18.56028,73.79518,142.26
Hyderabad,Miyapur & Kukatpally,Mid-Segment,3,1488,4,0,5,Semi-Furnished,Mid (5-12),6,17.50348,78.37836,114.83
Mumbai,South Mumbai (Colaba/Worli),Ultra Luxury,4,2150,4,4,0,Unfurnished,Mid (5-12),6,19.11998,72.83209,981.13
Mumbai,Bandra-Juhu Belt,Ultra Luxury,1,613,1,2,2,Unfurnished,High (13+),1,19.16415,72.83011,208.4
Hyderabad,Kondapur & HITECH City,Premium,2,862,2,2,8,Fully-Furnished,Ground-Low (1-4),4,17.45169,78.38702,101.38
Chennai,OMR IT Corridor (Perungudi),Mid-Segment,1,477,1,1,12,Fully-Furnished,Ground-Low (1-4),9,12.96153,80.2795,39.68
Bengaluru,HSR Layout & Sarjapur,Premium,3,1783,4,3,8,Semi-Furnished,Mid (5-12),6,12.92021,77.64726,214.43
Mumbai,Navi Mumbai (Vashi/Kharghar),Mid-Segment,3,1731,3,1,5,Semi-Furnished,Mid (5-12),1,19.10961,73.02,201.32
Mumbai,Navi Mumbai (Vashi/Kharghar),Mid-Segment,2,1148,2,3,0,Semi-Furnished,High (13+),10,19.10822,73.01926,174.45
Pune,Koregaon Park & Kalyani Nagar,Ultra Luxury,1,600,1,1,5,Semi-Furnished,Ground-Low (1-4),1,18.5399,73.90179,83.03
Delhi NCR,Noida Sector 150/62,Mid-Segment,3,1777,3,0,0,Unfurnished,Mid (5-12),7,28.58292,77.38248,151.03
Bengaluru,HSR Layout & Sarjapur,Premium,2,1007,3,0,8,Unfurnished,High (13+),8,12.91436,77.65941,123.67
Pune,Wakad & Hinjewadi,Mid-Segment,2,1091,2,3,0,Unfurnished,High (13+),7,18.59003,73.75879,93.63
Hyderabad,Tellapur & Nallagandla,Mid-Segment,3,1739,4,0,5,Semi-Furnished,Ground-Low (1-4),6,17.46477,78.33196,152.72
Mumbai,Navi Mumbai (Vashi/Kharghar),Mid-Segment,2,940,2,1,8,Semi-Furnished,High (13+),1,19.10379,73.03326,115.42
Pune,Baner & Balewadi,Premium,2,949,2,2,0,Semi-Furnished,Ground-Low (1-4),5,18.56875,73.78837,104.57
Pune,Hadapsar & Undri,Mid-Segment,3,1882,3,1,5,Semi-Furnished,Mid (5-12),8,18.48068,73.94048,149.48
Mumbai,Bandra-Juhu Belt,Ultra Luxury,2,1226,2,2,0,Semi-Furnished,Mid (5-12),1,19.14752,72.84408,451.66
Delhi NCR,Greater Noida West,Affordable,2,1132,2,0,8,Semi-Furnished,High (13+),6,28.53319,77.45456,67.22
Chennai,Velachery,Mid-Segment,3,1936,4,1,2,Semi-Furnished,Mid (5-12),9,12.97958,80.23338,168.68
Delhi NCR,Cyber City & Sector 54,Premium,4,2979,4,1,2,Semi-Furnished,Mid (5-12),6,28.47994,77.11299,578.82
Bengaluru,Electronic City,Mid-Segment,2,1171,3,2,0,Semi-Furnished,Mid (5-12),10,12.8496,77.66918,90.62
Hyderabad,Miyapur & Kukatpally,Mid-Segment,4,2548,4,2,8,Semi-Furnished,Mid (5-12),7,17.49111,78.38775,163.31
Delhi NCR,South Delhi (Vasant Vihar),Ultra Luxury,4,2874,5,2,0,Fully-Furnished,Mid (5-12),10,28.56012,77.15831,1240.84
Pune,Kharadi & Viman Nagar,Premium,3,1563,3,1,0,Fully-Furnished,Ground-Low (1-4),4,18.54091,73.92844,168.94
Hyderabad,Jubilee Hills & Banjara Hills,Ultra Luxury,2,926,3,0,18,Semi-Furnished,Mid (5-12),7,17.44095,78.42886,144.06
Pune,Wakad & Hinjewadi,Mid-Segment,2,998,3,3,5,Unfurnished,Ground-Low (1-4),7,18.58396,73.75199,85.12
Delhi NCR,Golf Course Rd (Gurugram),Ultra Luxury,3,1417,4,2,0,Unfurnished,Mid (5-12),3,28.46007,77.08924,375.2
Chennai,Tambaram & Porur,Affordable,2,1084,2,3,0,Unfurnished,Mid (5-12),2,12.93173,80.15625,60.72
Delhi NCR,Greater Noida West,Affordable,1,459,1,2,8,Semi-Furnished,Mid (5-12),8,28.53601,77.46796,27.21
Bengaluru,Whitefield (IT Hub),Premium,2,1195,3,1,8,Fully-Furnished,Mid (5-12),1,12.98317,77.73409,131.56
Bengaluru,HSR Layout & Sarjapur,Premium,3,1369,4,0,0,Unfurnished,Mid (5-12),2,12.91665,77.64843,182.41
Bengaluru,Electronic City,Mid-Segment,2,1019,2,3,8,Fully-Furnished,Mid (5-12),5,12.8459,77.68164,72.59
Mumbai,Bandra-Juhu Belt,Ultra Luxury,5,3476,5,2,8,Semi-Furnished,High (13+),9,19.14603,72.82948,1327.88
Bengaluru,Whitefield (IT Hub),Premium,3,1537,4,1,8,Semi-Furnished,Ground-Low (1-4),2,12.98446,77.72982,144.55
Pune,Hadapsar & Undri,Mid-Segment,2,999,2,3,2,Fully-Furnished,Mid (5-12),2,18.48903,73.92711,73.91
Mumbai,South Mumbai (Colaba/Worli),Ultra Luxury,1,474,1,3,0,Semi-Furnished,Mid (5-12),5,19.13042,72.82954,199.83
Hyderabad,Gachibowli & Financial District,Premium,2,994,3,1,0,Unfurnished,Ground-Low (1-4),10,17.4524,78.36712,133.46
Bengaluru,Electronic City,Mid-Segment,2,1174,3,2,2,Unfurnished,Mid (5-12),5,12.85852,77.67624,86.03
Bengaluru,HSR Layout & Sarjapur,Premium,1,511,1,2,2,Unfurnished,High (13+),9,12.91238,77.65909,72.04
Bengaluru,HSR Layout & Sarjapur,Premium,2,1129,2,1,12,Semi-Furnished,Ground-Low (1-4),3,12.91856,77.66319,118.35
Delhi NCR,Golf Course Rd (Gurugram),Ultra Luxury,2,896,3,2,0,Semi-Furnished,Ground-Low (1-4),10,28.45858,77.09504,250.63
Chennai,OMR IT Corridor (Perungudi),Mid-Segment,2,928,3,3,8,Unfurnished,High (13+),10,12.96459,80.28262,80.22
Chennai,Velachery,Mid-Segment,2,1042,2,0,5,Unfurnished,Mid (5-12),6,12.98796,80.23894,87.73
Pune,Hadapsar & Undri,Mid-Segment,2,1244,2,3,0,Fully-Furnished,Ground-Low (1-4),10,18.4882,73.93845,95.6
Hyderabad,Gachibowli & Financial District,Premium,3,1619,3,2,0,Semi-Furnished,Ground-Low (1-4),5,17.44903,78.37445,200.45
Hyderabad,Kondapur & HITECH City,Premium,2,957,2,2,8,Semi-Furnished,Mid (5-12),8,17.45027,78.38841,109.54
Mumbai,Bandra-Juhu Belt,Ultra Luxury,2,1201,2,2,0,Fully-Furnished,Ground-Low (1-4),10,19.15305,72.82981,530.51
Chennai,Adyar & Boat Club Area,Ultra Luxury,4,2460,4,1,18,Unfurnished,Mid (5-12),1,13.00863,80.24071,306.93
Chennai,Anna Nagar,Premium,2,959,3,0,0,Semi-Furnished,Mid (5-12),5,13.10061,80.21322,121.79
Mumbai,South Mumbai (Colaba/Worli),Ultra Luxury,1,483,1,2,5,Fully-Furnished,Ground-Low (1-4),8,19.13305,72.82159,209.33
Bengaluru,Indiranagar & Koramangala,Ultra Luxury,2,988,2,2,2,Fully-Furnished,Ground-Low (1-4),6,12.97674,77.64142,204.4
Chennai,Tambaram & Porur,Affordable,2,999,3,0,5,Fully-Furnished,Ground-Low (1-4),1,12.92559,80.14373,54.53
Bengaluru,HSR Layout & Sarjapur,Premium,4,2936,4,0,0,Unfurnished,Mid (5-12),5,12.90535,77.65155,384.67
Mumbai,South Mumbai (Colaba/Worli),Ultra Luxury,2,1100,2,2,8,Fully-Furnished,Ground-Low (1-4),4,19.11622,72.82171,413.7
Pune,Baner & Balewadi,Premium,2,1080,2,3,0,Unfurnished,Ground-Low (1-4),4,18.55817,73.77987,121.48
Delhi NCR,South Delhi (Vasant Vihar),Ultra Luxury,3,1579,3,2,18,Fully-Furnished,Mid (5-12),9,28.56354,77.16569,510.51
Bengaluru,Electronic City,Mid-Segment,1,509,1,4,8,Fully-Furnished,Mid (5-12),1,12.86147,77.67083,35.41
Pune,Baner & Balewadi,Premium,3,1494,3,3,8,Semi-Furnished,Mid (5-12),8,18.5624,73.78973,169.67
Chennai,OMR IT Corridor (Perungudi),Mid-Segment,1,637,1,0,5,Semi-Furnished,Mid (5-12),6,12.96186,80.28783,58.86
Chennai,OMR IT Corridor (Perungudi),Mid-Segment,2,1182,2,0,18,Fully-Furnished,High (13+),5,12.95631,80.28927,100.51
Hyderabad,Tellapur & Nallagandla,Mid-Segment,2,924,3,3,2,Fully-Furnished,Ground-Low (1-4),6,17.47221,78.31865,80.79
Pune,Koregaon Park & Kalyani Nagar,Ultra Luxury,3,1697,4,2,0,Semi-Furnished,Mid (5-12),4,18.53559,73.88817,281.58
Mumbai,Powai-Andheri West,Premium,2,1103,3,2,5,Semi-Furnished,Mid (5-12),1,19.19355,72.84993,242.13
Pune,Baner & Balewadi,Premium,1,471,1,2,5,Semi-Furnished,Mid (5-12),9,18.56353,73.77898,54.57
Chennai,Tambaram & Porur,Affordable,1,632,1,3,8,Semi-Furnished,Mid (5-12),10,12.92244,80.14086,38.9
Chennai,Anna Nagar,Premium,3,1499,3,3,5,Unfurnished,Ground-Low (1-4),7,13.08572,80.20335,192.93
Delhi NCR,Cyber City & Sector 54,Premium,2,1198,2,0,2,Unfurnished,Ground-Low (1-4),1,28.47948,77.1114,183.35
Mumbai,Powai-Andheri West,Premium,2,934,2,2,5,Fully-Furnished,Ground-Low (1-4),5,19.2011,72.86715,229.13
Chennai,OMR IT Corridor (Perungudi),Mid-Segment,2,1225,2,1,5,Fully-Furnished,Ground-Low (1-4),5,12.95985,80.27212,106.63
Pune,Koregaon Park & Kalyani Nagar,Ultra Luxury,3,1883,3,2,0,Semi-Furnished,Ground-Low (1-4),1,18.54831,73.9057,270.55
Bengaluru,HSR Layout & Sarjapur,Premium,2,1074,3,1,5,Unfurnished,Ground-Low (1-4),9,12.90261,77.65225,132.14
Hyderabad,Jubilee Hills & Banjara Hills,Ultra Luxury,2,885,3,1,0,Unfurnished,Mid (5-12),9,17.42709,78.43536,167.8
Hyderabad,Tellapur & Nallagandla,Mid-Segment,2,879,3,1,0,Fully-Furnished,Ground-Low (1-4),6,17.47046,78.3283,85.22
Bengaluru,HSR Layout & Sarjapur,Premium,3,1925,3,3,2,Semi-Furnished,High (13+),3,12.90256,77.65259,245.58
Bengaluru,Indiranagar & Koramangala,Ultra Luxury,1,613,1,2,8,Unfurnished,Ground-Low (1-4),1,12.98357,77.62462,88.63
Chennai,Anna Nagar,Premium,2,1104,2,1,8,Semi-Furnished,Ground-Low (1-4),3,13.09152,80.20669,124.96
Bengaluru,Electronic City,Mid-Segment,3,1603,3,3,5,Unfurnished,Mid (5-12),8,12.85608,77.68036,115.58
Pune,Kharadi & Viman Nagar,Premium,2,1099,2,2,12,Fully-Furnished,Ground-Low (1-4),5,18.55624,73.93,102.39
Bengaluru,Yelahanka & North Blr,Mid-Segment,2,999,2,1,8,Semi-Furnished,Ground-Low (1-4),10,13.09599,77.59006,71.66
Hyderabad,Tellapur & Nallagandla,Mid-Segment,2,866,2,3,2,Semi-Furnished,Ground-Low (1-4),5,17.4726,78.33541,75.75
Bengaluru,HSR Layout & Sarjapur,Premium,1,645,1,1,0,Semi-Furnished,Ground-Low (1-4),10,12.92006,77.66387,93.26
Delhi NCR,South Delhi (Vasant Vihar),Ultra Luxury,4,2914,5,1,2,Unfurnished,Ground-Low (1-4),2,28.57326,77.16843,816.94
Delhi NCR,South Delhi (Vasant Vihar),Ultra Luxury,3,1388,4,4,12,Unfurnished,Mid (5-12),10,28.57026,77.16103,376.43
Mumbai,Navi Mumbai (Vashi/Kharghar),Mid-Segment,2,1043,3,2,5,Fully-Furnished,High (13+),10,19.09866,73.02992,141.56
Bengaluru,Electronic City,Mid-Segment,3,1455,3,3,5,Unfurnished,High (13+),7,12.84752,77.66934,103.23
Bengaluru,Indiranagar & Koramangala,Ultra Luxury,1,581,1,3,0,Semi-Furnished,Mid (5-12),7,12.98971,77.63516,111.83
Chennai,OMR IT Corridor (Perungudi),Mid-Segment,2,959,3,2,12,Unfurnished,High (13+),2,12.95625,80.28592,78.07
Pune,Kharadi & Viman Nagar,Premium,3,1437,3,2,5,Fully-Furnished,Mid (5-12),4,18.55086,73.91813,157.14
Hyderabad,Tellapur & Nallagandla,Mid-Segment,4,2466,4,2,18,Unfurnished,Mid (5-12),7,17.47408,78.32695,171.75
Hyderabad,Jubilee Hills & Banjara Hills,Ultra Luxury,1,453,1,2,8,Fully-Furnished,Mid (5-12),7,17.43795,78.41764,81.04
Hyderabad,Kondapur & HITECH City,Premium,3,1429,3,4,5,Unfurnished,High (13+),10,17.46341,78.39527,164.03
Pune,Baner & Balewadi,Premium,2,1218,3,3,2,Unfurnished,Mid (5-12),2,18.56431,73.78455,130.25
Hyderabad,Jubilee Hills & Banjara Hills,Ultra Luxury,1,490,1,1,5,Semi-Furnished,Mid (5-12),5,17.43573,78.42991,90.46
Chennai,Tambaram & Porur,Affordable,4,2567,4,1,0,Semi-Furnished,Ground-Low (1-4),4,12.92882,80.14099,155.32
Pune,Hadapsar & Undri,Mid-Segment,2,894,3,2,5,Unfurnished,Mid (5-12),8,18.48299,73.94564,62.16
Mumbai,Navi Mumbai (Vashi/Kharghar),Mid-Segment,4,2940,4,0,2,Semi-Furnished,Ground-Low (1-4),7,19.10115,73.02032,388.97
Mumbai,Powai-Andheri West,Premium,3,1762,3,2,5,Fully-Furnished,High (13+),5,19.20559,72.86093,448.2
Delhi NCR,Noida Sector 150/62,Mid-Segment,1,611,1,2,5,Semi-Furnished,High (13+),2,28.57543,77.37662,60.65
Mumbai,Powai-Andheri West,Premium,3,1836,4,2,2,Unfurnished,Ground-Low (1-4),1,19.2057,72.86348,399.27
Mumbai,Bandra-Juhu Belt,Ultra Luxury,1,568,1,2,0,Fully-Furnished,Mid (5-12),8,19.1569,72.82979,251.95
Bengaluru,HSR Layout & Sarjapur,Premium,3,1531,4,3,0,Semi-Furnished,Mid (5-12),3,12.91519,77.66247,203.95
Mumbai,Navi Mumbai (Vashi/Kharghar),Mid-Segment,1,624,1,4,18,Semi-Furnished,Mid (5-12),10,19.10651,73.0327,66.38
Delhi NCR,Cyber City & Sector 54,Premium,3,1535,4,2,0,Semi-Furnished,Mid (5-12),7,28.4827,77.11027,292.78
Mumbai,Thane West,Mid-Segment,3,1652,3,0,12,Semi-Furnished,Mid (5-12),10,19.28276,72.96493,251.77
Chennai,Velachery,Mid-Segment,3,1488,4,0,8,Unfurnished,Mid (5-12),4,12.98653,80.23611,102.07
Mumbai,Bandra-Juhu Belt,Ultra Luxury,1,546,1,1,25,Fully-Furnished,Mid (5-12),1,19.15108,72.84591,155.25
Delhi NCR,Noida Sector 150/62,Mid-Segment,2,1172,3,1,0,Unfurnished,Mid (5-12),9,28.57216,77.37232,114.64
Mumbai,Powai-Andheri West,Premium,2,1002,2,2,0,Unfurnished,High (13+),10,19.20292,72.86455,292.88
Delhi NCR,South Delhi (Vasant Vihar),Ultra Luxury,2,1105,2,2,8,Semi-Furnished,High (13+),10,28.55627,77.14979,360.3
Hyderabad,Jubilee Hills & Banjara Hills,Ultra Luxury,3,1453,3,1,0,Semi-Furnished,Ground-Low (1-4),6,17.44305,78.43401,252.24
Mumbai,Thane West,Mid-Segment,2,1142,2,3,18,Fully-Furnished,Ground-Low (1-4),1,19.28229,72.96526,126.62
Hyderabad,Gachibowli & Financial District,Premium,2,1112,3,4,0,Semi-Furnished,High (13+),9,17.43559,78.36142,170.29
Mumbai,South Mumbai (Colaba/Worli),Ultra Luxury,3,1369,4,3,12,Fully-Furnished,Mid (5-12),1,19.12347,72.83388,514.12
Delhi NCR,Golf Course Rd (Gurugram),Ultra Luxury,2,1175,2,1,0,Semi-Furnished,Ground-Low (1-4),8,28.45143,77.09794,330.83
Chennai,Anna Nagar,Premium,3,1906,4,1,8,Semi-Furnished,Mid (5-12),3,13.09604,80.20117,245.03
Mumbai,South Mumbai (Colaba/Worli),Ultra Luxury,5,4255,6,2,5,Semi-Furnished,Ground-Low (1-4),5,19.12814,72.82063,1701.66
Bengaluru,Indiranagar & Koramangala,Ultra Luxury,3,1381,3,2,2,Fully-Furnished,Mid (5-12),10,12.98323,77.63714,289.01
Delhi NCR,South Delhi (Vasant Vihar),Ultra Luxury,2,973,2,2,5,Semi-Furnished,Mid (5-12),2,28.57255,77.15175,293.38
Delhi NCR,Noida Sector 150/62,Mid-Segment,2,967,3,0,0,Unfurnished,Ground-Low (1-4),3,28.57295,77.37026,78.83
Hyderabad,Miyapur & Kukatpally,Mid-Segment,2,878,2,2,0,Semi-Furnished,High (13+),1,17.49321,78.3873,60.85
Hyderabad,Gachibowli & Financial District,Premium,1,467,1,0,2,Semi-Furnished,Mid (5-12),7,17.43902,78.36254,61.74
Chennai,OMR IT Corridor (Perungudi),Mid-Segment,3,1386,4,2,5,Unfurnished,Mid (5-12),8,12.95696,80.28021,129.5
Pune,Wakad & Hinjewadi,Mid-Segment,1,628,1,1,2,Unfurnished,Mid (5-12),3,18.58075,73.75096,47.5
Hyderabad,Gachibowli & Financial District,Premium,1,515,1,1,5,Fully-Furnished,Ground-Low (1-4),10,17.4516,78.36174,67.43
Hyderabad,Jubilee Hills & Banjara Hills,Ultra Luxury,2,1247,2,1,12,Semi-Furnished,Mid (5-12),3,17.43916,78.42529,189.51
Hyderabad,Tellapur & Nallagandla,Mid-Segment,2,896,2,2,2,Semi-Furnished,High (13+),7,17.45935,78.32243,78.83
Delhi NCR,Cyber City & Sector 54,Premium,2,1059,3,1,18,Semi-Furnished,Mid (5-12),5,28.48171,77.11219,153.7
Pune,Baner & Balewadi,Premium,2,1180,3,3,2,Fully-Furnished,Mid (5-12),6,18.55619,73.78872,148.26
Delhi NCR,South Delhi (Vasant Vihar),Ultra Luxury,1,605,1,1,18,Fully-Furnished,High (13+),5,28.56073,77.15238,168.8
Hyderabad,Tellapur & Nallagandla,Mid-Segment,2,1027,3,1,2,Fully-Furnished,Mid (5-12),1,17.47481,78.32227,83.92
Pune,Kharadi & Viman Nagar,Premium,2,924,2,2,0,Unfurnished,Ground-Low (1-4),9,18.54155,73.92075,98.62
Chennai,OMR IT Corridor (Perungudi),Mid-Segment,1,557,1,2,25,Unfurnished,High (13+),4,12.97185,80.28315,37.9
Hyderabad,Tellapur & Nallagandla,Mid-Segment,1,505,1,1,0,Unfurnished,Ground-Low (1-4),1,17.45833,78.31708,39.37
Chennai,Adyar & Boat Club Area,Ultra Luxury,2,1043,3,1,0,Semi-Furnished,Ground-Low (1-4),4,13.01057,80.24204,180.79
Mumbai,Bandra-Juhu Belt,Ultra Luxury,3,1839,3,2,5,Fully-Furnished,High (13+),3,19.15987,72.84603,694.1
Delhi NCR,Greater Noida West,Affordable,3,1744,4,3,8,Semi-Furnished,Ground-Low (1-4),2,28.53232,77.465,97.71
Bengaluru,Yelahanka & North Blr,Mid-Segment,1,532,1,3,2,Semi-Furnished,Ground-Low (1-4),9,13.09984,77.57517,45.47
Mumbai,Thane West,Mid-Segment,3,1437,3,2,12,Semi-Furnished,High (13+),9,19.27373,72.95482,222.16
Hyderabad,Kondapur & HITECH City,Premium,2,861,3,2,2,Semi-Furnished,Ground-Low (1-4),8,17.46201,78.39235,105.26
Bengaluru,Whitefield (IT Hub),Premium,2,914,3,2,2,Unfurnished,Ground-Low (1-4),3,12.97837,77.72475,87.36
Chennai,OMR IT Corridor (Perungudi),Mid-Segment,2,1137,2,2,0,Unfurnished,Ground-Low (1-4),6,12.96049,80.27403,97.87
Delhi NCR,Golf Course Rd (Gurugram),Ultra Luxury,3,1917,4,2,5,Semi-Furnished,Ground-Low (1-4),9,28.4477,77.09191,525.37
Chennai,OMR IT Corridor (Perungudi),Mid-Segment,3,1703,3,1,2,Semi-Furnished,Ground-Low (1-4),1,12.9701,80.28566,142.93
Delhi NCR,Golf Course Rd (Gurugram),Ultra Luxury,3,1690,4,1,0,Unfurnished,High (13+),7,28.44739,77.10678,478.46
Delhi NCR,South Delhi (Vasant Vihar),Ultra Luxury,1,633,1,2,12,Fully-Furnished,Mid (5-12),7,28.57364,77.16294,203.74
Bengaluru,Whitefield (IT Hub),Premium,2,1007,2,3,18,Fully-Furnished,High (13+),10,12.98451,77.74001,102.19
Pune,Hadapsar & Undri,Mid-Segment,1,549,1,1,5,Unfurnished,Ground-Low (1-4),6,18.47401,73.9362,33.2
Hyderabad,Jubilee Hills & Banjara Hills,Ultra Luxury,4,2619,4,3,2,Unfurnished,Ground-Low (1-4),4,17.44184,78.41854,426.34
Bengaluru,Indiranagar & Koramangala,Ultra Luxury,1,529,1,1,2,Unfurnished,Mid (5-12),4,12.97665,77.63169,93.78
Chennai,Adyar & Boat Club Area,Ultra Luxury,2,1122,3,1,2,Semi-Furnished,Ground-Low (1-4),7,13.0069,80.24547,185.35
Hyderabad,Gachibowli & Financial District,Premium,2,983,2,2,5,Semi-Furnished,High (13+),8,17.45175,78.35783,121.9
Chennai,Tambaram & Porur,Affordable,1,562,1,2,5,Semi-Furnished,Ground-Low (1-4),10,12.92605,80.15169,30.41
Bengaluru,Whitefield (IT Hub),Premium,2,927,2,1,0,Fully-Furnished,Ground-Low (1-4),1,12.97721,77.72473,103.74
Hyderabad,Miyapur & Kukatpally,Mid-Segment,1,453,1,2,2,Fully-Furnished,High (13+),5,17.49523,78.39203,32.9
Hyderabad,Tellapur & Nallagandla,Mid-Segment,5,3940,6,1,5,Unfurnished,Mid (5-12),4,17.45891,78.32156,305.08
Hyderabad,Jubilee Hills & Banjara Hills,Ultra Luxury,2,1178,3,2,8,Semi-Furnished,Mid (5-12),1,17.43397,78.43464,182.58
Pune,Baner & Balewadi,Premium,3,1478,4,0,0,Semi-Furnished,Mid (5-12),5,18.55178,73.79063,173.29
Chennai,Adyar & Boat Club Area,Ultra Luxury,1,637,1,2,25,Unfurnished,Mid (5-12),8,13.01214,80.25763,87.47
Delhi NCR,Cyber City & Sector 54,Premium,3,1820,3,0,18,Semi-Furnished,High (13+),2,28.46602,77.11888,240.05
Mumbai,Navi Mumbai (Vashi/Kharghar),Mid-Segment,2,1119,2,2,12,Semi-Furnished,High (13+),10,19.10298,73.03288,133.74
Hyderabad,Tellapur & Nallagandla,Mid-Segment,2,1068,2,2,5,Semi-Furnished,Ground-Low (1-4),9,17.45609,78.31883,84.01
Mumbai,Powai-Andheri West,Premium,2,880,3,2,8,Semi-Furnished,Ground-Low (1-4),4,19.19693,72.86246,165.72
Chennai,Velachery,Mid-Segment,2,1167,3,2,2,Unfurnished,High (13+),8,12.99007,80.2375,92.9
Mumbai,South Mumbai (Colaba/Worli),Ultra Luxury,2,1001,3,2,8,Unfurnished,Ground-Low (1-4),6,19.12478,72.8296,370.82
Pune,Wakad & Hinjewadi,Mid-Segment,2,929,3,2,2,Semi-Furnished,High (13+),1,18.59224,73.74916,77.24
Chennai,Velachery,Mid-Segment,3,1514,4,1,5,Semi-Furnished,Mid (5-12),8,12.99058,80.2209,108.0
Pune,Hadapsar & Undri,Mid-Segment,3,1579,4,1,18,Semi-Furnished,Mid (5-12),6,18.47654,73.932,93.53
Pune,Wakad & Hinjewadi,Mid-Segment,3,1823,3,0,8,Unfurnished,Ground-Low (1-4),5,18.5985,73.75575,124.11
Pune,Koregaon Park & Kalyani Nagar,Ultra Luxury,2,1005,3,3,2,Unfurnished,Ground-Low (1-4),6,18.5406,73.89146,154.4
Chennai,Tambaram & Porur,Affordable,2,888,3,2,0,Unfurnished,Ground-Low (1-4),2,12.9182,80.15091,45.34
Bengaluru,Electronic City,Mid-Segment,1,551,1,1,8,Semi-Furnished,Mid (5-12),5,12.84493,77.674,39.24
Pune,Wakad & Hinjewadi,Mid-Segment,2,1233,3,0,8,Unfurnished,Mid (5-12),10,18.5982,73.75158,95.88
Bengaluru,Yelahanka & North Blr,Mid-Segment,3,1674,3,0,0,Semi-Furnished,Mid (5-12),7,13.09437,77.57464,147.85
Hyderabad,Gachibowli & Financial District,Premium,1,647,1,3,2,Semi-Furnished,Ground-Low (1-4),6,17.44807,78.36864,78.87
Mumbai,South Mumbai (Colaba/Worli),Ultra Luxury,2,1016,3,2,5,Semi-Furnished,Ground-Low (1-4),3,19.13163,72.82513,427.73
Chennai,Anna Nagar,Premium,2,1137,3,4,8,Unfurnished,Ground-Low (1-4),8,13.09846,80.21756,142.62
Bengaluru,Whitefield (IT Hub),Premium,3,1750,4,2,5,Unfurnished,High (13+),7,12.98714,77.74258,179.53
Mumbai,Bandra-Juhu Belt,Ultra Luxury,1,476,1,2,5,Semi-Furnished,Mid (5-12),4,19.15755,72.84503,168.56
Bengaluru,Whitefield (IT Hub),Premium,4,2184,5,1,18,Semi-Furnished,Mid (5-12),5,12.98819,77.74318,194.19
Bengaluru,Yelahanka & North Blr,Mid-Segment,3,1542,3,3,25,Semi-Furnished,Ground-Low (1-4),10,13.09988,77.59418,97.18
Hyderabad,Miyapur & Kukatpally,Mid-Segment,2,914,2,1,18,Unfurnished,High (13+),5,17.48614,78.38424,47.15
Mumbai,Navi Mumbai (Vashi/Kharghar),Mid-Segment,3,1729,3,4,8,Semi-Furnished,Mid (5-12),10,19.11535,73.02933,227.65
Delhi NCR,Greater Noida West,Affordable,3,1823,3,2,0,Semi-Furnished,Ground-Low (1-4),2,28.54131,77.45193,107.7
Pune,Kharadi & Viman Nagar,Premium,3,1914,3,1,2,Unfurnished,Mid (5-12),5,18.54388,73.92762,193.93
Pune,Baner & Balewadi,Premium,2,1205,3,1,2,Unfurnished,Mid (5-12),1,18.56947,73.78259,126.84
Delhi NCR,Golf Course Rd (Gurugram),Ultra Luxury,3,1528,4,1,2,Unfurnished,Ground-Low (1-4),2,28.45416,77.10415,374.9
Mumbai,Bandra-Juhu Belt,Ultra Luxury,3,1682,4,1,2,Unfurnished,Mid (5-12),5,19.16021,72.83995,553.43
Delhi NCR,Greater Noida West,Affordable,1,576,1,2,8,Semi-Furnished,Ground-Low (1-4),8,28.52741,77.46609,32.72
Chennai,Velachery,Mid-Segment,2,1136,3,3,12,Fully-Furnished,Ground-Low (1-4),3,12.98275,80.23815,82.34
Hyderabad,Kondapur & HITECH City,Premium,2,870,3,2,2,Unfurnished,Ground-Low (1-4),5,17.44751,78.39389,90.68
Mumbai,Navi Mumbai (Vashi/Kharghar),Mid-Segment,1,604,1,2,5,Fully-Furnished,Ground-Low (1-4),8,19.11017,73.03292,73.71
Chennai,Anna Nagar,Premium,3,1645,3,0,2,Semi-Furnished,Ground-Low (1-4),2,13.09167,80.22064,194.2
Pune,Koregaon Park & Kalyani Nagar,Ultra Luxury,3,1860,4,4,18,Fully-Furnished,Ground-Low (1-4),9,18.54888,73.90279,265.71
Pune,Hadapsar & Undri,Mid-Segment,3,1514,3,2,12,Semi-Furnished,Mid (5-12),2,18.48136,73.94558,85.0
Pune,Hadapsar & Undri,Mid-Segment,4,2125,5,2,8,Unfurnished,Ground-Low (1-4),9,18.47364,73.93977,141.94
Delhi NCR,Golf Course Rd (Gurugram),Ultra Luxury,2,1034,3,0,2,Unfurnished,Mid (5-12),7,28.46207,77.0937,292.59
Delhi NCR,Noida Sector 150/62,Mid-Segment,3,1437,3,2,5,Unfurnished,High (13+),1,28.57377,77.38221,112.77
Hyderabad,Gachibowli & Financial District,Premium,3,1672,4,2,8,Fully-Furnished,High (13+),2,17.45242,78.37451,193.34
Mumbai,Bandra-Juhu Belt,Ultra Luxury,3,1882,3,3,12,Unfurnished,Ground-Low (1-4),6,19.16484,72.84028,580.86
Delhi NCR,Greater Noida West,Affordable,3,1934,4,2,2,Fully-Furnished,Ground-Low (1-4),5,28.53991,77.46642,124.58
Delhi NCR,Golf Course Rd (Gurugram),Ultra Luxury,4,2527,5,1,5,Semi-Furnished,Ground-Low (1-4),2,28.44735,77.10665,634.35
Hyderabad,Tellapur & Nallagandla,Mid-Segment,2,1108,2,1,2,Unfurnished,High (13+),1,17.46907,78.33512,91.99
Hyderabad,Miyapur & Kukatpally,Mid-Segment,3,1438,4,2,2,Unfurnished,Mid (5-12),2,17.49229,78.38849,96.92
Chennai,Velachery,Mid-Segment,2,1077,2,1,5,Semi-Furnished,Mid (5-12),2,12.97736,80.23517,79.84
Delhi NCR,South Delhi (Vasant Vihar),Ultra Luxury,2,1180,3,2,8,Fully-Furnished,Ground-Low (1-4),1,28.56185,77.16884,358.26
Mumbai,Thane West,Mid-Segment,2,1054,2,2,5,Unfurnished,Ground-Low (1-4),9,19.26972,72.96184,149.27
Mumbai,Navi Mumbai (Vashi/Kharghar),Mid-Segment,3,1596,3,3,18,Fully-Furnished,Mid (5-12),7,19.10061,73.02299,172.87
Chennai,Adyar & Boat Club Area,Ultra Luxury,2,1172,2,2,0,Fully-Furnished,Mid (5-12),10,13.00283,80.24682,247.45
Chennai,Adyar & Boat Club Area,Ultra Luxury,2,1216,2,1,0,Unfurnished,Mid (5-12),5,12.99619,80.256,213.58
Mumbai,South Mumbai (Colaba/Worli),Ultra Luxury,4,2828,5,2,2,Fully-Furnished,Mid (5-12),10,19.11856,72.82558,1456.28
Hyderabad,Miyapur & Kukatpally,Mid-Segment,3,1517,4,2,5,Semi-Furnished,Mid (5-12),1,17.50119,78.39097,95.15
Hyderabad,Tellapur & Nallagandla,Mid-Segment,4,2280,4,2,0,Fully-Furnished,High (13+),9,17.46287,78.31942,247.83
Delhi NCR,Noida Sector 150/62,Mid-Segment,2,875,2,0,5,Semi-Furnished,Ground-Low (1-4),8,28.5793,77.37261,81.38
Chennai,Adyar & Boat Club Area,Ultra Luxury,2,1230,3,0,2,Fully-Furnished,Mid (5-12),6,13.00231,80.25275,220.53
Pune,Wakad & Hinjewadi,Mid-Segment,2,994,2,2,0,Fully-Furnished,Ground-Low (1-4),5,18.58745,73.75118,92.8
Delhi NCR,Cyber City & Sector 54,Premium,2,881,3,2,2,Semi-Furnished,Ground-Low (1-4),2,28.46822,77.11372,146.21
Pune,Baner & Balewadi,Premium,1,625,1,1,0,Semi-Furnished,Mid (5-12),1,18.56962,73.78694,64.3
Mumbai,South Mumbai (Colaba/Worli),Ultra Luxury,1,497,1,3,0,Semi-Furnished,Ground-Low (1-4),4,19.13063,72.82097,203.72
Bengaluru,Indiranagar & Koramangala,Ultra Luxury,2,1022,2,2,0,Unfurnished,Mid (5-12),8,12.98485,77.63106,212.52
Pune,Hadapsar & Undri,Mid-Segment,2,1013,2,1,8,Unfurnished,Mid (5-12),7,18.48627,73.94052,64.8
Bengaluru,HSR Layout & Sarjapur,Premium,2,959,3,0,0,Fully-Furnished,High (13+),8,12.90219,77.65484,153.58
Delhi NCR,Noida Sector 150/62,Mid-Segment,1,585,1,3,5,Semi-Furnished,Ground-Low (1-4),8,28.57628,77.37564,52.66
Pune,Baner & Balewadi,Premium,2,1018,2,2,5,Fully-Furnished,Mid (5-12),7,18.56369,73.78575,132.64
Mumbai,Powai-Andheri West,Premium,2,894,2,3,2,Semi-Furnished,Mid (5-12),5,19.20095,72.8607,219.27
Bengaluru,Yelahanka & North Blr,Mid-Segment,2,922,3,4,2,Unfurnished,Ground-Low (1-4),6,13.09365,77.58509,71.62
Mumbai,Powai-Andheri West,Premium,3,1380,3,3,0,Unfurnished,High (13+),7,19.19172,72.85696,364.86
Hyderabad,Kondapur & HITECH City,Premium,3,1571,4,1,8,Semi-Furnished,Mid (5-12),5,17.46288,78.3833,143.88
Bengaluru,Whitefield (IT Hub),Premium,1,600,1,3,0,Fully-Furnished,Ground-Low (1-4),9,12.97717,77.73476,66.51
Pune,Kharadi & Viman Nagar,Premium,4,2982,5,0,0,Unfurnished,Mid (5-12),8,18.54856,73.93313,342.02
Bengaluru,HSR Layout & Sarjapur,Premium,4,2425,5,1,0,Fully-Furnished,Ground-Low (1-4),1,12.91137,77.65696,319.61
Bengaluru,Yelahanka & North Blr,Mid-Segment,5,4047,6,1,18,Unfurnished,Ground-Low (1-4),8,13.09687,77.58906,230.5
Mumbai,Navi Mumbai (Vashi/Kharghar),Mid-Segment,2,926,2,2,8,Fully-Furnished,Mid (5-12),1,19.09903,73.01895,112.07
Chennai,Anna Nagar,Premium,2,1089,3,2,8,Fully-Furnished,Mid (5-12),3,13.09369,80.20835,135.94
Hyderabad,Miyapur & Kukatpally,Mid-Segment,2,932,2,1,5,Semi-Furnished,Mid (5-12),8,17.4992,78.3942,66.53
Hyderabad,Jubilee Hills & Banjara Hills,Ultra Luxury,3,1713,3,2,0,Semi-Furnished,Ground-Low (1-4),8,17.43082,78.43204,308.94
Pune,Hadapsar & Undri,Mid-Segment,2,1023,3,2,2,Unfurnished,Ground-Low (1-4),8,18.48991,73.93403,66.47
Hyderabad,Tellapur & Nallagandla,Mid-Segment,1,587,1,3,8,Unfurnished,Ground-Low (1-4),5,17.45938,78.33448,44.04
Chennai,Adyar & Boat Club Area,Ultra Luxury,2,929,2,1,12,Semi-Furnished,Mid (5-12),6,12.99574,80.26049,130.33
Pune,Hadapsar & Undri,Mid-Segment,2,1230,3,2,0,Unfurnished,Mid (5-12),7,18.47247,73.93918,88.68
Pune,Hadapsar & Undri,Mid-Segment,3,1514,3,2,0,Unfurnished,Ground-Low (1-4),7,18.48376,73.94161,101.77
Hyderabad,Tellapur & Nallagandla,Mid-Segment,1,562,1,1,2,Semi-Furnished,Mid (5-12),7,17.46145,78.31969,50.91
Delhi NCR,Noida Sector 150/62,Mid-Segment,4,2857,5,4,2,Unfurnished,High (13+),2,28.57906,77.37842,253.69
Chennai,Tambaram & Porur,Affordable,1,485,1,1,5,Unfurnished,Mid (5-12),1,12.91662,80.15387,26.3
Pune,Hadapsar & Undri,Mid-Segment,2,1070,3,1,5,Semi-Furnished,High (13+),2,18.48669,73.92729,69.92
Mumbai,Bandra-Juhu Belt,Ultra Luxury,1,523,1,3,2,Fully-Furnished,High (13+),6,19.16589,72.84472,231.31
Chennai,Tambaram & Porur,Affordable,2,874,2,2,8,Unfurnished,Mid (5-12),4,12.91291,80.14362,47.95
Delhi NCR,Cyber City & Sector 54,Premium,2,947,3,1,0,Unfurnished,Ground-Low (1-4),4,28.47963,77.11495,137.92
Pune,Baner & Balewadi,Premium,2,885,2,2,0,Unfurnished,Ground-Low (1-4),7,18.55436,73.79241,102.01
Hyderabad,Gachibowli & Financial District,Premium,4,2430,4,1,12,Unfurnished,Ground-Low (1-4),7,17.44626,78.36951,248.25
Chennai,Adyar & Boat Club Area,Ultra Luxury,3,1792,4,1,2,Unfurnished,High (13+),10,13.01127,80.2564,341.56
Pune,Baner & Balewadi,Premium,1,477,1,2,5,Semi-Furnished,Ground-Low (1-4),5,18.56731,73.78646,51.75
Bengaluru,HSR Layout & Sarjapur,Premium,1,490,1,2,0,Semi-Furnished,Ground-Low (1-4),1,12.92109,77.66326,63.97
Pune,Hadapsar & Undri,Mid-Segment,2,1124,2,1,8,Unfurnished,Ground-Low (1-4),1,18.47509,73.9271,61.08
Bengaluru,Whitefield (IT Hub),Premium,3,1785,3,2,12,Semi-Furnished,Mid (5-12),8,12.98283,77.74013,202.98
Bengaluru,Electronic City,Mid-Segment,2,932,3,3,5,Unfurnished,Mid (5-12),8,12.84326,77.67448,63.63
Mumbai,South Mumbai (Colaba/Worli),Ultra Luxury,2,1110,2,0,5,Semi-Furnished,Mid (5-12),5,19.12632,72.83642,467.95
Mumbai,Powai-Andheri West,Premium,1,507,1,3,8,Semi-Furnished,Mid (5-12),10,19.1922,72.85902,120.55
Delhi NCR,Noida Sector 150/62,Mid-Segment,4,2320,4,1,5,Semi-Furnished,Mid (5-12),3,28.56648,77.38414,215.77
Delhi NCR,Greater Noida West,Affordable,2,904,2,2,5,Semi-Furnished,Ground-Low (1-4),10,28.54002,77.46197,57.09
Mumbai,South Mumbai (Colaba/Worli),Ultra Luxury,2,1226,2,3,2,Fully-Furnished,Mid (5-12),3,19.13173,72.81949,569.35
Hyderabad,Miyapur & Kukatpally,Mid-Segment,2,959,2,2,0,Semi-Furnished,Mid (5-12),8,17.4906,78.39258,73.23
Hyderabad,Kondapur & HITECH City,Premium,4,2799,5,2,5,Fully-Furnished,Mid (5-12),3,17.45584,78.3885,334.18
Bengaluru,Electronic City,Mid-Segment,1,583,1,1,25,Fully-Furnished,High (13+),7,12.84907,77.67243,38.94
Delhi NCR,Cyber City & Sector 54,Premium,2,1243,2,3,5,Semi-Furnished,Ground-Low (1-4),8,28.47126,77.10224,203.69
Delhi NCR,Noida Sector 150/62,Mid-Segment,2,1162,3,2,2,Unfurnished,Ground-Low (1-4),3,28.57688,77.38891,99.47
Chennai,Anna Nagar,Premium,3,1534,4,1,2,Unfurnished,Mid (5-12),8,13.09944,80.21896,237.93
Delhi NCR,Cyber City & Sector 54,Premium,2,1121,3,3,2,Fully-Furnished,Ground-Low (1-4),8,28.46947,77.10479,224.89
Delhi NCR,South Delhi (Vasant Vihar),Ultra Luxury,2,977,3,2,2,Semi-Furnished,Mid (5-12),3,28.5725,77.14911,325.81
Mumbai,Navi Mumbai (Vashi/Kharghar),Mid-Segment,2,1066,2,1,2,Semi-Furnished,Ground-Low (1-4),10,19.0961,73.03728,136.86
Hyderabad,Jubilee Hills & Banjara Hills,Ultra Luxury,2,1038,2,2,0,Semi-Furnished,Ground-Low (1-4),8,17.4268,78.42081,182.04
Mumbai,Navi Mumbai (Vashi/Kharghar),Mid-Segment,4,3040,5,4,8,Fully-Furnished,High (13+),2,19.10202,73.02224,397.88
Pune,Hadapsar & Undri,Mid-Segment,3,1463,4,3,8,Unfurnished,High (13+),1,18.48801,73.92924,98.05
Bengaluru,Yelahanka & North Blr,Mid-Segment,3,1787,4,2,0,Semi-Furnished,High (13+),10,13.11107,77.59329,162.67
Pune,Wakad & Hinjewadi,Mid-Segment,2,1114,2,0,5,Fully-Furnished,Mid (5-12),5,18.59969,73.74946,98.45
Chennai,Velachery,Mid-Segment,2,1037,3,0,5,Unfurnished,High (13+),4,12.99122,80.22243,82.19
Bengaluru,Whitefield (IT Hub),Premium,1,523,1,4,0,Unfurnished,Mid (5-12),1,12.99049,77.7332,49.35
Chennai,Velachery,Mid-Segment,3,1640,4,2,12,Fully-Furnished,High (13+),6,12.97758,80.22129,139.86
Hyderabad,Tellapur & Nallagandla,Mid-Segment,2,959,2,2,5,Unfurnished,Ground-Low (1-4),10,17.46406,78.33293,81.94
Chennai,OMR IT Corridor (Perungudi),Mid-Segment,4,2208,5,1,0,Fully-Furnished,Ground-Low (1-4),9,12.96466,80.27288,234.34
Mumbai,Powai-Andheri West,Premium,4,2940,5,2,0,Unfurnished,High (13+),5,19.18929,72.86193,653.29
Pune,Kharadi & Viman Nagar,Premium,3,1543,4,1,5,Fully-Furnished,High (13+),10,18.55057,73.92891,191.01
Mumbai,Thane West,Mid-Segment,2,993,3,2,5,Unfurnished,Ground-Low (1-4),7,19.27151,72.94987,138.48
Chennai,Adyar & Boat Club Area,Ultra Luxury,4,2591,5,2,0,Fully-Furnished,Mid (5-12),2,13.00064,80.25273,477.88
Chennai,Anna Nagar,Premium,3,1879,4,1,2,Semi-Furnished,High (13+),5,13.09676,80.2202,266.27
Pune,Wakad & Hinjewadi,Mid-Segment,2,877,3,2,2,Semi-Furnished,Ground-Low (1-4),8,18.59472,73.76613,73.87
Delhi NCR,South Delhi (Vasant Vihar),Ultra Luxury,3,1647,3,1,0,Semi-Furnished,High (13+),8,28.56815,77.16792,604.57
Mumbai,South Mumbai (Colaba/Worli),Ultra Luxury,4,2275,5,3,2,Semi-Furnished,Mid (5-12),3,19.12218,72.82241,1000.36
Pune,Hadapsar & Undri,Mid-Segment,2,924,2,1,5,Semi-Furnished,High (13+),7,18.47923,73.9293,72.7
Delhi NCR,South Delhi (Vasant Vihar),Ultra Luxury,2,1185,2,2,0,Unfurnished,Mid (5-12),2,28.55972,77.15556,350.73
Pune,Kharadi & Viman Nagar,Premium,4,3021,5,2,2,Unfurnished,Ground-Low (1-4),4,18.55994,73.92331,291.73
Mumbai,Thane West,Mid-Segment,3,1870,4,2,0,Unfurnished,Mid (5-12),9,19.26852,72.95587,297.67
Pune,Koregaon Park & Kalyani Nagar,Ultra Luxury,4,3078,4,2,5,Fully-Furnished,Mid (5-12),8,18.54829,73.88755,538.16
Bengaluru,Whitefield (IT Hub),Premium,2,1198,2,1,2,Fully-Furnished,High (13+),8,12.97356,77.74102,157.79
Chennai,Adyar & Boat Club Area,Ultra Luxury,1,499,1,2,2,Unfurnished,Ground-Low (1-4),8,12.99649,80.25258,81.54
Bengaluru,Electronic City,Mid-Segment,2,1034,3,4,8,Unfurnished,Ground-Low (1-4),1,12.8448,77.68361,56.67
Hyderabad,Tellapur & Nallagandla,Mid-Segment,1,546,1,1,2,Semi-Furnished,Ground-Low (1-4),9,17.45922,78.32914,48.95
Chennai,Anna Nagar,Premium,2,979,2,1,8,Fully-Furnished,High (13+),8,13.08368,80.2175,143.22
Bengaluru,Whitefield (IT Hub),Premium,3,1528,4,1,12,Fully-Furnished,Mid (5-12),5,12.97385,77.72501,149.93
Pune,Hadapsar & Undri,Mid-Segment,1,613,1,0,5,Semi-Furnished,Mid (5-12),10,18.48454,73.92914,46.54
Mumbai,Bandra-Juhu Belt,Ultra Luxury,1,592,1,1,2,Unfurnished,Ground-Low (1-4),3,19.1515,72.83129,195.75
Bengaluru,Indiranagar & Koramangala,Ultra Luxury,1,509,1,3,5,Unfurnished,Ground-Low (1-4),10,12.98072,77.64443,94.34
Bengaluru,Indiranagar & Koramangala,Ultra Luxury,1,621,1,2,2,Semi-Furnished,High (13+),8,12.98511,77.64177,133.87
Delhi NCR,Noida Sector 150/62,Mid-Segment,3,1451,3,1,12,Unfurnished,Mid (5-12),2,28.57517,77.37203,116.04
Hyderabad,Kondapur & HITECH City,Premium,3,1882,3,3,2,Semi-Furnished,High (13+),1,17.45014,78.38535,225.0
Delhi NCR,Noida Sector 150/62,Mid-Segment,1,540,1,2,25,Semi-Furnished,Mid (5-12),1,28.57209,77.38043,29.54
Bengaluru,Yelahanka & North Blr,Mid-Segment,1,467,1,3,5,Unfurnished,Mid (5-12),3,13.10239,77.5828,32.59
Chennai,Velachery,Mid-Segment,1,555,1,2,5,Semi-Furnished,Mid (5-12),5,12.98284,80.22126,48.36
Bengaluru,HSR Layout & Sarjapur,Premium,2,1169,3,2,12,Semi-Furnished,High (13+),5,12.9171,77.6553,146.79
Pune,Koregaon Park & Kalyani Nagar,Ultra Luxury,1,483,1,1,8,Unfurnished,Mid (5-12),6,18.53809,73.89271,71.5
Chennai,OMR IT Corridor (Perungudi),Mid-Segment,2,1021,3,1,2,Unfurnished,Mid (5-12),8,12.96626,80.28202,98.7
Pune,Wakad & Hinjewadi,Mid-Segment,2,901,2,3,8,Unfurnished,Ground-Low (1-4),4,18.58922,73.75333,63.25
Chennai,OMR IT Corridor (Perungudi),Mid-Segment,4,2883,4,0,12,Semi-Furnished,Mid (5-12),2,12.97042,80.27431,218.4
Delhi NCR,Greater Noida West,Affordable,3,1390,3,2,18,Semi-Furnished,Ground-Low (1-4),4,28.53127,77.45112,72.12
Hyderabad,Miyapur & Kukatpally,Mid-Segment,2,1205,3,1,2,Unfurnished,Ground-Low (1-4),2,17.49129,78.37681,71.76
Pune,Kharadi & Viman Nagar,Premium,2,870,2,0,2,Fully-Furnished,Ground-Low (1-4),9,18.55428,73.93379,102.33
Delhi NCR,South Delhi (Vasant Vihar),Ultra Luxury,3,1447,3,2,0,Unfurnished,Mid (5-12),3,28.57349,77.16831,422.55
Delhi NCR,South Delhi (Vasant Vihar),Ultra Luxury,2,983,2,1,8,Semi-Furnished,Ground-Low (1-4),2,28.55986,77.15165,292.6
Hyderabad,Kondapur & HITECH City,Premium,2,1033,3,2,12,Unfurnished,High (13+),5,17.45162,78.388,100.51
Chennai,Adyar & Boat Club Area,Ultra Luxury,1,476,1,3,12,Semi-Furnished,Mid (5-12),2,12.99319,80.24936,66.87
Chennai,Adyar & Boat Club Area,Ultra Luxury,2,922,3,2,5,Fully-Furnished,Mid (5-12),8,13.00555,80.2497,177.47
Chennai,Anna Nagar,Premium,2,1036,3,2,12,Unfurnished,Ground-Low (1-4),2,13.08605,80.20581,103.15
Chennai,OMR IT Corridor (Perungudi),Mid-Segment,3,1888,3,2,5,Semi-Furnished,Mid (5-12),3,12.96918,80.2795,162.97
Chennai,Tambaram & Porur,Affordable,2,1044,3,1,0,Semi-Furnished,Ground-Low (1-4),4,12.91521,80.15144,60.88
Chennai,Tambaram & Porur,Affordable,3,1862,3,3,0,Fully-Furnished,Mid (5-12),6,12.91744,80.15062,126.99
Mumbai,Thane West,Mid-Segment,2,994,3,1,5,Semi-Furnished,Mid (5-12),5,19.27618,72.94954,157.06
Chennai,Anna Nagar,Premium,2,1234,2,2,0,Unfurnished,Ground-Low (1-4),5,13.08826,80.20932,149.75
Chennai,Anna Nagar,Premium,2,1150,2,0,2,Semi-Furnished,Ground-Low (1-4),1,13.08373,80.20604,144.74
Mumbai,Bandra-Juhu Belt,Ultra Luxury,3,1473,4,1,5,Fully-Furnished,Ground-Low (1-4),2,19.15859,72.83474,495.23
Mumbai,South Mumbai (Colaba/Worli),Ultra Luxury,2,1188,2,1,5,Fully-Furnished,High (13+),8,19.12093,72.82308,583.22
Hyderabad,Gachibowli & Financial District,Premium,4,2480,4,1,0,Semi-Furnished,High (13+),1,17.44717,78.37318,316.98
Hyderabad,Miyapur & Kukatpally,Mid-Segment,4,2684,5,1,2,Semi-Furnished,High (13+),3,17.49028,78.38549,204.28
Pune,Wakad & Hinjewadi,Mid-Segment,1,645,1,4,2,Unfurnished,Mid (5-12),3,18.5933,73.75589,50.14
Bengaluru,Electronic City,Mid-Segment,2,1123,2,2,0,Unfurnished,Ground-Low (1-4),2,12.85297,77.6686,75.88
Chennai,Adyar & Boat Club Area,Ultra Luxury,2,1246,3,3,18,Semi-Furnished,High (13+),2,13.00321,80.26045,175.28
Chennai,Velachery,Mid-Segment,2,959,3,2,8,Semi-Furnished,Mid (5-12),7,12.97536,80.22253,75.74
Delhi NCR,Noida Sector 150/62,Mid-Segment,1,528,1,3,0,Semi-Furnished,Ground-Low (1-4),10,28.58151,77.38038,51.33
Mumbai,South Mumbai (Colaba/Worli),Ultra Luxury,2,1146,3,3,12,Semi-Furnished,Ground-Low (1-4),9,19.12505,72.82758,458.39
Hyderabad,Gachibowli & Financial District,Premium,3,1834,3,2,18,Fully-Furnished,High (13+),1,17.44029,78.36691,196.36
Chennai,Adyar & Boat Club Area,Ultra Luxury,4,2551,4,0,0,Semi-Furnished,High (13+),10,13.00669,80.25587,478.7
Chennai,Anna Nagar,Premium,5,4658,5,1,12,Unfurnished,Mid (5-12),3,13.09295,80.20605,480.27
Delhi NCR,Greater Noida West,Affordable,3,1879,3,3,18,Semi-Furnished,High (13+),1,28.53166,77.46628,107.19
Mumbai,Navi Mumbai (Vashi/Kharghar),Mid-Segment,2,925,2,1,8,Semi-Furnished,Ground-Low (1-4),9,19.10024,73.03423,115.03
Hyderabad,Kondapur & HITECH City,Premium,2,991,2,4,0,Unfurnished,High (13+),8,17.46336,78.38329,115.92
Pune,Hadapsar & Undri,Mid-Segment,2,998,2,2,18,Semi-Furnished,Ground-Low (1-4),8,18.48976,73.94587,54.67
Bengaluru,Yelahanka & North Blr,Mid-Segment,1,458,1,3,8,Unfurnished,Mid (5-12),10,13.10986,77.57945,38.3
Delhi NCR,Greater Noida West,Affordable,2,869,3,1,5,Semi-Furnished,High (13+),6,28.53797,77.45888,56.12
Chennai,Velachery,Mid-Segment,2,852,2,1,5,Semi-Furnished,High (13+),10,12.99096,80.22374,79.67
Pune,Kharadi & Viman Nagar,Premium,2,1164,2,0,5,Semi-Furnished,High (13+),1,18.55423,73.93074,119.54
Hyderabad,Miyapur & Kukatpally,Mid-Segment,2,989,3,0,8,Unfurnished,Ground-Low (1-4),4,17.50277,78.38759,58.75
Bengaluru,Yelahanka & North Blr,Mid-Segment,1,614,1,2,0,Semi-Furnished,Ground-Low (1-4),10,13.09481,77.57556,55.45
Delhi NCR,Noida Sector 150/62,Mid-Segment,4,2484,4,3,12,Fully-Furnished,Mid (5-12),9,28.56487,77.37489,242.02
Bengaluru,Whitefield (IT Hub),Premium,3,1638,4,2,0,Semi-Furnished,Ground-Low (1-4),3,12.97823,77.73331,175.69
Pune,Baner & Balewadi,Premium,3,1931,3,2,12,Unfurnished,High (13+),1,18.56583,73.7834,179.58
Hyderabad,Tellapur & Nallagandla,Mid-Segment,2,1172,2,3,12,Semi-Furnished,Mid (5-12),8,17.46047,78.32859,93.73
Hyderabad,Tellapur & Nallagandla,Mid-Segment,4,2478,4,1,2,Semi-Furnished,High (13+),7,17.459,78.33398,215.67
Delhi NCR,Golf Course Rd (Gurugram),Ultra Luxury,2,1012,3,0,5,Semi-Furnished,Ground-Low (1-4),9,28.46119,77.10152,292.63
Delhi NCR,Golf Course Rd (Gurugram),Ultra Luxury,2,871,3,1,12,Semi-Furnished,Ground-Low (1-4),7,28.44694,77.10445,196.59
Chennai,OMR IT Corridor (Perungudi),Mid-Segment,2,1041,2,1,2,Semi-Furnished,Mid (5-12),7,12.96223,80.28961,95.37
Hyderabad,Kondapur & HITECH City,Premium,3,1694,3,2,2,Semi-Furnished,High (13+),3,17.45247,78.38868,197.37
Delhi NCR,Greater Noida West,Affordable,2,941,2,1,5,Semi-Furnished,High (13+),8,28.53488,77.46373,57.37
Bengaluru,Yelahanka & North Blr,Mid-Segment,2,1191,3,4,2,Semi-Furnished,Ground-Low (1-4),7,13.09912,77.5792,94.79
Chennai,OMR IT Corridor (Perungudi),Mid-Segment,3,1368,3,0,5,Semi-Furnished,Ground-Low (1-4),8,12.96047,80.27333,113.7
Bengaluru,Indiranagar & Koramangala,Ultra Luxury,1,488,1,1,8,Semi-Furnished,Ground-Low (1-4),1,12.99006,77.62464,76.11
Bengaluru,Whitefield (IT Hub),Premium,4,2573,4,1,5,Semi-Furnished,High (13+),3,12.98244,77.74063,264.43
Mumbai,Thane West,Mid-Segment,3,1685,3,2,0,Unfurnished,High (13+),7,19.2789,72.94951,232.51
Delhi NCR,Cyber City & Sector 54,Premium,3,1746,3,1,8,Unfurnished,Ground-Low (1-4),6,28.479,77.11408,281.14
Bengaluru,Yelahanka & North Blr,Mid-Segment,3,1397,4,0,2,Semi-Furnished,Ground-Low (1-4),4,13.09689,77.57734,120.82
Bengaluru,Whitefield (IT Hub),Premium,2,1167,3,2,0,Fully-Furnished,High (13+),10,12.97943,77.73688,146.35
Pune,Koregaon Park & Kalyani Nagar,Ultra Luxury,1,544,1,2,18,Unfurnished,Ground-Low (1-4),2,18.54843,73.89665,63.73
Mumbai,Bandra-Juhu Belt,Ultra Luxury,3,1530,3,3,8,Unfurnished,Ground-Low (1-4),4,19.16389,72.83129,449.84
Mumbai,Powai-Andheri West,Premium,3,1535,4,0,2,Unfurnished,Mid (5-12),7,19.18665,72.85883,348.1
Hyderabad,Kondapur & HITECH City,Premium,2,998,2,2,0,Semi-Furnished,Ground-Low (1-4),2,17.45664,78.38314,106.05
Pune,Hadapsar & Undri,Mid-Segment,3,1849,4,3,8,Fully-Furnished,Ground-Low (1-4),1,18.48946,73.92907,112.78
Hyderabad,Gachibowli & Financial District,Premium,2,969,3,1,8,Semi-Furnished,Ground-Low (1-4),6,17.44505,78.36596,117.84
Hyderabad,Jubilee Hills & Banjara Hills,Ultra Luxury,1,611,1,2,0,Semi-Furnished,Ground-Low (1-4),2,17.43841,78.42982,105.5
Hyderabad,Miyapur & Kukatpally,Mid-Segment,3,1845,4,2,2,Unfurnished,Ground-Low (1-4),4,17.48914,78.393,110.9
Delhi NCR,Cyber City & Sector 54,Premium,4,3199,5,1,5,Unfurnished,Ground-Low (1-4),7,28.47061,77.11313,513.58
Chennai,Velachery,Mid-Segment,3,1653,4,1,5,Fully-Furnished,High (13+),9,12.99166,80.22234,158.84
Hyderabad,Tellapur & Nallagandla,Mid-Segment,2,1141,2,2,0,Semi-Furnished,Ground-Low (1-4),3,17.47311,78.32051,94.72
Delhi NCR,Greater Noida West,Affordable,1,624,1,1,5,Semi-Furnished,Mid (5-12),7,28.54044,77.45748,41.48
Delhi NCR,Noida Sector 150/62,Mid-Segment,4,3074,5,1,18,Fully-Furnished,Ground-Low (1-4),2,28.56614,77.37671,236.82
Hyderabad,Tellapur & Nallagandla,Mid-Segment,2,1114,3,1,0,Semi-Furnished,Ground-Low (1-4),2,17.46802,78.33654,88.28
Hyderabad,Kondapur & HITECH City,Premium,1,525,1,3,12,Semi-Furnished,Ground-Low (1-4),10,17.45476,78.3778,52.79
Delhi NCR,Noida Sector 150/62,Mid-Segment,4,2950,5,1,0,Semi-Furnished,High (13+),10,28.56787,77.37996,333.54
Mumbai,Powai-Andheri West,Premium,4,2903,5,1,8,Unfurnished,Mid (5-12),3,19.19181,72.86044,582.08
Pune,Baner & Balewadi,Premium,2,1178,2,3,5,Semi-Furnished,Mid (5-12),2,18.55764,73.77698,125.34
Bengaluru,HSR Layout & Sarjapur,Premium,1,492,1,3,5,Unfurnished,Mid (5-12),6,12.91226,77.65874,54.4
Chennai,Velachery,Mid-Segment,2,894,2,3,2,Semi-Furnished,Ground-Low (1-4),1,12.99246,80.22976,67.18
Pune,Kharadi & Viman Nagar,Premium,3,1748,4,0,5,Unfurnished,Mid (5-12),7,18.55227,73.92654,167.31
Mumbai,South Mumbai (Colaba/Worli),Ultra Luxury,1,626,1,2,5,Semi-Furnished,Ground-Low (1-4),7,19.1191,72.83767,265.69
Chennai,Tambaram & Porur,Affordable,2,1062,2,1,0,Fully-Furnished,Mid (5-12),9,12.92196,80.14302,80.49
Hyderabad,Kondapur & HITECH City,Premium,2,1192,3,2,5,Semi-Furnished,High (13+),6,17.45121,78.39656,138.85
Bengaluru,Indiranagar & Koramangala,Ultra Luxury,2,891,3,1,2,Semi-Furnished,Mid (5-12),9,12.98573,77.64342,172.49
Delhi NCR,Cyber City & Sector 54,Premium,3,1923,4,3,5,Fully-Furnished,High (13+),6,28.47019,77.11658,381.72
Chennai,Adyar & Boat Club Area,Ultra Luxury,4,3198,5,0,0,Semi-Furnished,Mid (5-12),6,12.99571,80.24864,546.81
Delhi NCR,South Delhi (Vasant Vihar),Ultra Luxury,2,1077,3,1,5,Fully-Furnished,Mid (5-12),7,28.57263,77.16375,339.82
Chennai,Velachery,Mid-Segment,3,1660,3,2,5,Unfurnished,Ground-Low (1-4),4,12.9773,80.23169,117.89
Hyderabad,Gachibowli & Financial District,Premium,3,1578,4,2,2,Fully-Furnished,Ground-Low (1-4),9,17.45201,78.37119,231.46
Hyderabad,Jubilee Hills & Banjara Hills,Ultra Luxury,2,1037,2,2,0,Fully-Furnished,Mid (5-12),5,17.4438,78.4254,198.58
Bengaluru,Yelahanka & North Blr,Mid-Segment,3,1626,4,1,5,Fully-Furnished,Mid (5-12),4,13.11012,77.57886,144.14
Delhi NCR,Noida Sector 150/62,Mid-Segment,1,603,1,1,0,Semi-Furnished,Mid (5-12),6,28.57355,77.38129,57.04
Pune,Baner & Balewadi,Premium,2,959,3,2,5,Semi-Furnished,Ground-Low (1-4),1,18.55763,73.79431,96.08
Delhi NCR,Greater Noida West,Affordable,3,1613,3,0,2,Unfurnished,Mid (5-12),2,28.53159,77.45343,87.37
Pune,Koregaon Park & Kalyani Nagar,Ultra Luxury,2,929,3,2,5,Unfurnished,Mid (5-12),6,18.54062,73.90644,149.02
Mumbai,Bandra-Juhu Belt,Ultra Luxury,4,2321,5,3,12,Semi-Furnished,Mid (5-12),6,19.1477,72.83499,754.59
Bengaluru,Whitefield (IT Hub),Premium,2,1005,3,2,0,Fully-Furnished,Ground-Low (1-4),4,12.99045,77.733,107.92
Bengaluru,Yelahanka & North Blr,Mid-Segment,2,923,2,2,5,Semi-Furnished,Mid (5-12),8,13.09663,77.57705,74.42
Delhi NCR,Golf Course Rd (Gurugram),Ultra Luxury,3,1797,3,2,8,Fully-Furnished,Ground-Low (1-4),8,28.46012,77.09971,500.42
Bengaluru,Whitefield (IT Hub),Premium,1,630,1,1,2,Semi-Furnished,Ground-Low (1-4),8,12.9787,77.72961,71.22
Pune,Wakad & Hinjewadi,Mid-Segment,2,1249,2,3,25,Semi-Furnished,Mid (5-12),9,18.59288,73.74942,84.82
Delhi NCR,Greater Noida West,Affordable,2,1038,2,4,8,Fully-Furnished,High (13+),10,28.52479,77.46039,71.4
Chennai,Anna Nagar,Premium,1,632,1,1,12,Semi-Furnished,Mid (5-12),8,13.10019,80.21379,72.52
Chennai,OMR IT Corridor (Perungudi),Mid-Segment,4,2922,5,0,12,Fully-Furnished,High (13+),4,12.96347,80.2884,273.34
Pune,Hadapsar & Undri,Mid-Segment,1,584,1,1,5,Unfurnished,Mid (5-12),1,18.47542,73.943,35.58
Hyderabad,Tellapur & Nallagandla,Mid-Segment,3,1513,3,2,12,Semi-Furnished,Mid (5-12),8,17.46655,78.33536,118.66
Delhi NCR,South Delhi (Vasant Vihar),Ultra Luxury,2,1079,3,3,5,Unfurnished,Mid (5-12),2,28.56157,77.16005,304.1
Chennai,Adyar & Boat Club Area,Ultra Luxury,3,1417,4,1,5,Semi-Furnished,Ground-Low (1-4),7,12.99438,80.25074,235.64
Hyderabad,Tellapur & Nallagandla,Mid-Segment,1,527,1,0,0,Fully-Furnished,Mid (5-12),9,17.46013,78.32305,51.42
Hyderabad,Tellapur & Nallagandla,Mid-Segment,2,921,2,2,2,Unfurnished,Ground-Low (1-4),6,17.46764,78.31807,75.72
Pune,Baner & Balewadi,Premium,3,1907,4,2,0,Unfurnished,Mid (5-12),7,18.5588,73.79193,225.77
Delhi NCR,South Delhi (Vasant Vihar),Ultra Luxury,1,601,1,2,5,Fully-Furnished,Ground-Low (1-4),9,28.5666,77.15621,195.66
Chennai,Adyar & Boat Club Area,Ultra Luxury,1,639,1,0,12,Fully-Furnished,Mid (5-12),1,12.99881,80.25603,102.65
Pune,Hadapsar & Undri,Mid-Segment,3,1934,4,2,2,Semi-Furnished,Mid (5-12),6,18.47529,73.9351,134.64
Mumbai,Bandra-Juhu Belt,Ultra Luxury,4,2923,4,2,5,Semi-Furnished,Mid (5-12),4,19.15515,72.82803,1048.79
Mumbai,Bandra-Juhu Belt,Ultra Luxury,3,1681,4,0,0,Unfurnished,Ground-Low (1-4),4,19.14962,72.83432,560.51
Pune,Wakad & Hinjewadi,Mid-Segment,1,568,1,1,2,Unfurnished,Mid (5-12),6,18.59438,73.7638,49.95
Bengaluru,Electronic City,Mid-Segment,2,1069,2,1,5,Semi-Furnished,Mid (5-12),6,12.84747,77.67871,78.51
Chennai,OMR IT Corridor (Perungudi),Mid-Segment,1,459,1,1,12,Unfurnished,Ground-Low (1-4),9,12.9618,80.28112,36.76
Pune,Koregaon Park & Kalyani Nagar,Ultra Luxury,2,925,3,2,2,Fully-Furnished,High (13+),4,18.54481,73.88765,172.32
Hyderabad,Kondapur & HITECH City,Premium,4,2143,5,3,2,Unfurnished,Ground-Low (1-4),7,17.46011,78.3779,217.61
Delhi NCR,Noida Sector 150/62,Mid-Segment,2,886,2,1,0,Fully-Furnished,Mid (5-12),9,28.57505,77.38645,100.28
Bengaluru,Whitefield (IT Hub),Premium,1,504,1,2,8,Semi-Furnished,Ground-Low (1-4),5,12.99151,77.74188,41.96
Pune,Hadapsar & Undri,Mid-Segment,2,888,2,2,0,Unfurnished,Mid (5-12),1,18.48346,73.9457,56.31
Delhi NCR,Noida Sector 150/62,Mid-Segment,2,1174,3,1,0,Unfurnished,Mid (5-12),5,28.56571,77.37624,100.46
Hyderabad,Miyapur & Kukatpally,Mid-Segment,3,1794,3,3,5,Semi-Furnished,Ground-Low (1-4),8,17.49823,78.39582,127.39
Bengaluru,Indiranagar & Koramangala,Ultra Luxury,3,1903,4,1,8,Semi-Furnished,High (13+),1,12.97502,77.62874,338.18
Bengaluru,Indiranagar & Koramangala,Ultra Luxury,1,638,1,1,12,Unfurnished,Ground-Low (1-4),9,12.98624,77.64416,105.2
Bengaluru,Indiranagar & Koramangala,Ultra Luxury,3,1732,4,0,0,Semi-Furnished,Ground-Low (1-4),3,12.97301,77.64086,349.12
Mumbai,South Mumbai (Colaba/Worli),Ultra Luxury,3,1686,4,2,0,Fully-Furnished,Mid (5-12),4,19.12458,72.8216,808.52
Hyderabad,Tellapur & Nallagandla,Mid-Segment,2,1138,2,3,2,Semi-Furnished,Mid (5-12),10,17.47282,78.32851,112.44
Bengaluru,Whitefield (IT Hub),Premium,2,1022,3,2,18,Fully-Furnished,High (13+),1,12.97516,77.73853,94.59
Pune,Kharadi & Viman Nagar,Premium,1,465,1,1,5,Fully-Furnished,Ground-Low (1-4),7,18.55605,73.92859,51.96
Mumbai,Bandra-Juhu Belt,Ultra Luxury,1,531,1,1,12,Fully-Furnished,High (13+),2,19.15653,72.82924,178.79
Hyderabad,Miyapur & Kukatpally,Mid-Segment,2,875,2,2,5,Unfurnished,Ground-Low (1-4),8,17.4902,78.38775,54.58
Hyderabad,Miyapur & Kukatpally,Mid-Segment,2,1191,2,3,8,Unfurnished,Ground-Low (1-4),5,17.49634,78.37828,69.59
Pune,Baner & Balewadi,Premium,3,1451,4,2,0,Fully-Furnished,Mid (5-12),10,18.55813,73.78519,211.35
Delhi NCR,South Delhi (Vasant Vihar),Ultra Luxury,3,1462,3,2,5,Semi-Furnished,Mid (5-12),8,28.55702,77.16365,469.62
Pune,Baner & Balewadi,Premium,3,1711,3,2,8,Semi-Furnished,High (13+),8,18.56742,73.78659,183.37
Bengaluru,Indiranagar & Koramangala,Ultra Luxury,1,583,1,1,12,Fully-Furnished,Ground-Low (1-4),9,12.98427,77.63748,109.22
Mumbai,Thane West,Mid-Segment,1,513,1,1,5,Semi-Furnished,Mid (5-12),7,19.28517,72.96498,83.28
Hyderabad,Kondapur & HITECH City,Premium,3,1882,3,2,2,Semi-Furnished,Ground-Low (1-4),3,17.45085,78.38361,194.18
Delhi NCR,Golf Course Rd (Gurugram),Ultra Luxury,2,1023,3,1,5,Semi-Furnished,Mid (5-12),6,28.45572,77.10803,285.14
Pune,Kharadi & Viman Nagar,Premium,1,554,1,4,5,Fully-Furnished,Mid (5-12),4,18.55368,73.93249,57.74
Mumbai,Powai-Andheri West,Premium,4,3121,4,3,0,Semi-Furnished,Mid (5-12),2,19.20434,72.84789,645.36
Bengaluru,Yelahanka & North Blr,Mid-Segment,2,982,2,2,0,Unfurnished,Ground-Low (1-4),5,13.10696,77.59075,74.26
Mumbai,Navi Mumbai (Vashi/Kharghar),Mid-Segment,4,3164,5,1,2,Unfurnished,Ground-Low (1-4),4,19.11062,73.02742,362.38
Mumbai,Powai-Andheri West,Premium,3,1845,3,1,2,Unfurnished,Ground-Low (1-4),5,19.19998,72.86188,399.13
Delhi NCR,South Delhi (Vasant Vihar),Ultra Luxury,2,1211,2,2,18,Semi-Furnished,Mid (5-12),10,28.55949,77.16619,309.76
Chennai,Anna Nagar,Premium,4,2229,5,3,8,Semi-Furnished,High (13+),2,13.08728,80.21032,264.28
Hyderabad,Jubilee Hills & Banjara Hills,Ultra Luxury,4,2135,4,2,2,Unfurnished,Mid (5-12),7,17.44379,78.43274,393.33
Mumbai,South Mumbai (Colaba/Worli),Ultra Luxury,3,1853,4,3,8,Semi-Furnished,Ground-Low (1-4),2,19.12494,72.82092,709.88
Mumbai,Bandra-Juhu Belt,Ultra Luxury,2,952,2,2,12,Semi-Furnished,High (13+),8,19.15314,72.84079,357.27
Chennai,Anna Nagar,Premium,3,1480,4,2,0,Unfurnished,Ground-Low (1-4),3,13.09127,80.20683,182.11
Chennai,Anna Nagar,Premium,2,1163,2,2,5,Unfurnished,High (13+),2,13.08639,80.21478,142.78
Pune,Wakad & Hinjewadi,Mid-Segment,4,2422,4,1,8,Semi-Furnished,Mid (5-12),10,18.58958,73.75306,214.47
Pune,Baner & Balewadi,Premium,3,1453,3,1,0,Semi-Furnished,Ground-Low (1-4),2,18.55498,73.79447,177.68
Chennai,Adyar & Boat Club Area,Ultra Luxury,2,1210,2,1,5,Semi-Furnished,Ground-Low (1-4),4,12.99641,80.2506,196.27
Bengaluru,Yelahanka & North Blr,Mid-Segment,3,1832,3,4,5,Unfurnished,High (13+),1,13.09463,77.58415,138.03
Chennai,Velachery,Mid-Segment,3,1651,4,2,5,Unfurnished,Mid (5-12),5,12.98727,80.23961,127.52
Chennai,OMR IT Corridor (Perungudi),Mid-Segment,3,1849,3,2,2,Unfurnished,Mid (5-12),6,12.95903,80.27122,171.07
Delhi NCR,Golf Course Rd (Gurugram),Ultra Luxury,4,3120,5,2,8,Unfurnished,High (13+),1,28.45062,77.09338,751.85
Chennai,Anna Nagar,Premium,3,1704,4,2,0,Unfurnished,Mid (5-12),9,13.09646,80.20516,208.84
Bengaluru,Whitefield (IT Hub),Premium,3,1872,4,1,12,Fully-Furnished,Ground-Low (1-4),10,12.97566,77.73584,195.64
Delhi NCR,Noida Sector 150/62,Mid-Segment,2,1202,2,1,5,Unfurnished,Mid (5-12),5,28.58345,77.37508,112.67
Hyderabad,Tellapur & Nallagandla,Mid-Segment,2,1176,2,1,2,Unfurnished,Ground-Low (1-4),8,17.4652,78.3174,90.89
Bengaluru,Electronic City,Mid-Segment,3,1548,3,1,5,Semi-Furnished,Ground-Low (1-4),9,12.85406,77.67991,115.02
Bengaluru,HSR Layout & Sarjapur,Premium,2,990,2,2,2,Semi-Furnished,High (13+),4,12.91154,77.64979,130.12
Hyderabad,Miyapur & Kukatpally,Mid-Segment,2,1042,2,1,0,Semi-Furnished,Ground-Low (1-4),5,17.49244,78.37896,72.95
Pune,Wakad & Hinjewadi,Mid-Segment,2,877,2,0,18,Unfurnished,Ground-Low (1-4),5,18.58721,73.75397,56.12
Chennai,Anna Nagar,Premium,3,1851,3,2,5,Semi-Furnished,High (13+),7,13.08814,80.21457,248.56
Bengaluru,Electronic City,Mid-Segment,3,1877,3,2,0,Fully-Furnished,High (13+),2,12.85263,77.67776,172.18
Pune,Wakad & Hinjewadi,Mid-Segment,4,2428,5,0,12,Fully-Furnished,Ground-Low (1-4),2,18.59772,73.75238,186.71
Hyderabad,Tellapur & Nallagandla,Mid-Segment,2,944,2,2,2,Fully-Furnished,Mid (5-12),4,17.47129,78.33572,84.71
Chennai,Anna Nagar,Premium,2,865,3,1,5,Semi-Furnished,Ground-Low (1-4),6,13.0891,80.21217,110.68
Hyderabad,Gachibowli & Financial District,Premium,3,1605,4,1,5,Semi-Furnished,High (13+),3,17.43754,78.37487,202.6
Hyderabad,Gachibowli & Financial District,Premium,2,964,2,1,18,Fully-Furnished,Ground-Low (1-4),8,17.44568,78.37243,111.0
Hyderabad,Miyapur & Kukatpally,Mid-Segment,3,1814,3,1,18,Fully-Furnished,Ground-Low (1-4),4,17.4912,78.38022,99.86
Hyderabad,Tellapur & Nallagandla,Mid-Segment,1,480,1,1,5,Semi-Furnished,Ground-Low (1-4),2,17.465,78.33421,37.44
Delhi NCR,Greater Noida West,Affordable,2,1045,3,2,0,Semi-Furnished,Mid (5-12),5,28.54309,77.45352,64.46
Pune,Hadapsar & Undri,Mid-Segment,3,1924,3,3,18,Semi-Furnished,Ground-Low (1-4),1,18.4738,73.93072,103.25
Mumbai,South Mumbai (Colaba/Worli),Ultra Luxury,2,1214,3,1,2,Unfurnished,Ground-Low (1-4),1,19.11887,72.82833,493.98
Pune,Baner & Balewadi,Premium,2,1065,3,3,18,Unfurnished,Ground-Low (1-4),10,18.56683,73.79136,95.85
Delhi NCR,Cyber City & Sector 54,Premium,2,1097,3,2,5,Semi-Furnished,Ground-Low (1-4),10,28.46651,77.11278,213.17
Pune,Baner & Balewadi,Premium,2,1213,3,3,0,Unfurnished,Ground-Low (1-4),7,18.56511,73.79447,137.13
Bengaluru,Indiranagar & Koramangala,Ultra Luxury,2,1032,2,2,12,Semi-Furnished,High (13+),4,12.97436,77.64214,178.89
Hyderabad,Miyapur & Kukatpally,Mid-Segment,4,2848,5,2,18,Semi-Furnished,Ground-Low (1-4),1,17.5008,78.39295,148.54
Chennai,Anna Nagar,Premium,2,1070,3,1,5,Fully-Furnished,High (13+),4,13.10187,80.2075,141.81
Pune,Hadapsar & Undri,Mid-Segment,3,1432,4,2,5,Fully-Furnished,Ground-Low (1-4),5,18.48204,73.94614,108.0
Chennai,Tambaram & Porur,Affordable,2,1214,2,2,0,Unfurnished,Mid (5-12),1,12.91866,80.14861,70.26
Pune,Baner & Balewadi,Premium,1,644,1,2,8,Semi-Furnished,Ground-Low (1-4),2,18.56661,73.78157,57.59
Pune,Baner & Balewadi,Premium,5,4581,5,2,5,Semi-Furnished,High (13+),2,18.56181,73.79151,564.56
Hyderabad,Jubilee Hills & Banjara Hills,Ultra Luxury,3,1725,3,1,8,Unfurnished,High (13+),5,17.44008,78.42949,271.76
Mumbai,Powai-Andheri West,Premium,3,1823,4,2,12,Fully-Furnished,Ground-Low (1-4),8,19.19169,72.85188,405.54
Pune,Baner & Balewadi,Premium,3,1548,4,1,12,Unfurnished,Ground-Low (1-4),7,18.56606,73.77832,164.69
Mumbai,Thane West,Mid-Segment,1,623,1,3,8,Semi-Furnished,Ground-Low (1-4),7,19.27525,72.95573,94.44
Mumbai,Powai-Andheri West,Premium,2,1072,2,2,25,Semi-Furnished,Mid (5-12),10,19.1995,72.85184,190.02
Hyderabad,Miyapur & Kukatpally,Mid-Segment,4,2398,4,2,5,Semi-Furnished,Ground-Low (1-4),7,17.49157,78.38685,145.27
Pune,Kharadi & Viman Nagar,Premium,3,1814,4,4,12,Fully-Furnished,Mid (5-12),10,18.54667,73.92718,216.58
Pune,Koregaon Park & Kalyani Nagar,Ultra Luxury,3,1943,3,2,8,Semi-Furnished,Mid (5-12),9,18.53741,73.90202,293.15
Pune,Kharadi & Viman Nagar,Premium,1,516,1,1,12,Fully-Furnished,Ground-Low (1-4),2,18.54546,73.91792,50.37
Delhi NCR,Cyber City & Sector 54,Premium,2,1218,3,1,5,Semi-Furnished,Ground-Low (1-4),3,28.48006,77.11449,200.77
Pune,Koregaon Park & Kalyani Nagar,Ultra Luxury,3,1613,3,2,0,Unfurnished,Mid (5-12),3,18.54775,73.90091,245.26
Chennai,Velachery,Mid-Segment,2,890,3,2,0,Fully-Furnished,High (13+),1,12.98326,80.22858,77.46
Hyderabad,Gachibowli & Financial District,Premium,2,875,2,3,0,Unfurnished,Ground-Low (1-4),2,17.45086,78.36265,95.72
Chennai,OMR IT Corridor (Perungudi),Mid-Segment,1,635,1,1,5,Semi-Furnished,Ground-Low (1-4),9,12.95952,80.28831,53.33
Delhi NCR,Cyber City & Sector 54,Premium,1,493,1,3,8,Semi-Furnished,Ground-Low (1-4),7,28.4646,77.11359,84.59
Mumbai,South Mumbai (Colaba/Worli),Ultra Luxury,2,856,3,2,5,Semi-Furnished,Ground-Low (1-4),2,19.12822,72.83341,332.16
Hyderabad,Jubilee Hills & Banjara Hills,Ultra Luxury,1,630,1,1,0,Semi-Furnished,Ground-Low (1-4),2,17.43607,78.43427,98.5
Delhi NCR,Noida Sector 150/62,Mid-Segment,3,1936,4,2,18,Unfurnished,Mid (5-12),1,28.569,77.37663,138.64
Chennai,Anna Nagar,Premium,2,974,3,0,0,Fully-Furnished,Mid (5-12),4,13.08844,80.20613,143.59
Hyderabad,Tellapur & Nallagandla,Mid-Segment,2,1053,3,0,0,Unfurnished,Mid (5-12),4,17.47447,78.33447,88.7
Pune,Hadapsar & Undri,Mid-Segment,2,1049,2,2,2,Semi-Furnished,Mid (5-12),8,18.4801,73.94551,75.05
Mumbai,Thane West,Mid-Segment,2,1068,3,4,0,Unfurnished,Mid (5-12),4,19.27769,72.95133,166.64
Hyderabad,Kondapur & HITECH City,Premium,4,2445,5,3,2,Semi-Furnished,Ground-Low (1-4),1,17.44644,78.39351,242.81
Hyderabad,Miyapur & Kukatpally,Mid-Segment,1,477,1,3,5,Fully-Furnished,High (13+),9,17.49968,78.39291,44.53
Hyderabad,Miyapur & Kukatpally,Mid-Segment,2,1063,2,3,0,Semi-Furnished,High (13+),2,17.49953,78.38726,75.68
Delhi NCR,Noida Sector 150/62,Mid-Segment,3,1914,3,1,0,Semi-Furnished,Ground-Low (1-4),9,28.57775,77.36978,191.66
Hyderabad,Miyapur & Kukatpally,Mid-Segment,3,1915,4,3,5,Fully-Furnished,Mid (5-12),7,17.48989,78.38958,138.0
Chennai,Tambaram & Porur,Affordable,3,1880,4,1,0,Semi-Furnished,Mid (5-12),4,12.91291,80.15424,118.62
Pune,Kharadi & Viman Nagar,Premium,2,871,3,2,12,Unfurnished,Mid (5-12),4,18.54268,73.93324,72.26
Hyderabad,Miyapur & Kukatpally,Mid-Segment,3,1838,3,1,0,Semi-Furnished,Ground-Low (1-4),6,17.48714,78.39201,127.89
Delhi NCR,Golf Course Rd (Gurugram),Ultra Luxury,2,1038,2,2,18,Unfurnished,Ground-Low (1-4),10,28.44559,77.10153,216.04
Chennai,Tambaram & Porur,Affordable,3,1890,4,2,5,Semi-Furnished,Ground-Low (1-4),4,12.91571,80.14914,110.52
Pune,Koregaon Park & Kalyani Nagar,Ultra Luxury,3,1357,4,2,18,Semi-Furnished,Mid (5-12),9,18.54011,73.9035,198.19
Pune,Koregaon Park & Kalyani Nagar,Ultra Luxury,2,1055,3,4,12,Semi-Furnished,Mid (5-12),8,18.53961,73.89219,162.58
Chennai,Velachery,Mid-Segment,3,1725,4,1,5,Unfurnished,Ground-Low (1-4),8,12.98346,80.22193,121.96
Pune,Kharadi & Viman Nagar,Premium,1,504,1,2,8,Semi-Furnished,Ground-Low (1-4),7,18.55642,73.92869,47.18
Pune,Koregaon Park & Kalyani Nagar,Ultra Luxury,2,1228,3,2,8,Fully-Furnished,Mid (5-12),2,18.54693,73.88738,195.32
Bengaluru,Indiranagar & Koramangala,Ultra Luxury,3,1652,4,2,8,Fully-Furnished,High (13+),6,12.98623,77.63828,354.33
Hyderabad,Gachibowli & Financial District,Premium,4,2231,5,2,12,Semi-Furnished,Ground-Low (1-4),4,17.4479,78.37202,244.06
Mumbai,Powai-Andheri West,Premium,3,1799,4,3,8,Semi-Furnished,Ground-Low (1-4),8,19.19224,72.85841,403.8
Pune,Hadapsar & Undri,Mid-Segment,5,4502,5,4,5,Semi-Furnished,High (13+),9,18.47891,73.93842,354.5
Mumbai,Thane West,Mid-Segment,2,950,3,4,2,Semi-Furnished,Mid (5-12),9,19.28378,72.95442,155.62
Chennai,OMR IT Corridor (Perungudi),Mid-Segment,2,1157,3,2,2,Fully-Furnished,Ground-Low (1-4),2,12.9634,80.27164,101.02
Bengaluru,HSR Layout & Sarjapur,Premium,2,1106,2,0,2,Semi-Furnished,Mid (5-12),3,12.90962,77.64783,140.25
Pune,Hadapsar & Undri,Mid-Segment,4,2940,5,2,5,Unfurnished,Mid (5-12),1,18.48472,73.92709,189.24
Mumbai,South Mumbai (Colaba/Worli),Ultra Luxury,3,1578,4,2,5,Unfurnished,Ground-Low (1-4),1,19.13475,72.81925,616.77
Pune,Hadapsar & Undri,Mid-Segment,2,1209,3,3,5,Semi-Furnished,High (13+),2,18.4735,73.9391,86.33
Pune,Kharadi & Viman Nagar,Premium,1,640,1,1,0,Semi-Furnished,Ground-Low (1-4),1,18.54733,73.93262,69.07
Bengaluru,Yelahanka & North Blr,Mid-Segment,2,883,2,0,0,Semi-Furnished,Mid (5-12),1,13.09804,77.58871,80.81
Bengaluru,Yelahanka & North Blr,Mid-Segment,2,972,3,1,5,Fully-Furnished,Mid (5-12),10,13.09234,77.58705,87.62
Chennai,Adyar & Boat Club Area,Ultra Luxury,2,1015,2,2,2,Fully-Furnished,Ground-Low (1-4),5,13.00051,80.25923,189.06
Hyderabad,Miyapur & Kukatpally,Mid-Segment,3,1912,4,0,5,Fully-Furnished,Mid (5-12),8,17.50076,78.39097,145.8
Chennai,Adyar & Boat Club Area,Ultra Luxury,1,604,1,2,18,Fully-Furnished,High (13+),9,13.00529,80.24221,100.87
Bengaluru,HSR Layout & Sarjapur,Premium,1,638,1,2,5,Unfurnished,Mid (5-12),1,12.90254,77.65169,79.08
Hyderabad,Miyapur & Kukatpally,Mid-Segment,3,1918,3,1,0,Fully-Furnished,Ground-Low (1-4),2,17.50197,78.39599,129.19
Bengaluru,Whitefield (IT Hub),Premium,2,985,3,1,18,Fully-Furnished,Ground-Low (1-4),1,12.98497,77.73215,87.75
Delhi NCR,Noida Sector 150/62,Mid-Segment,2,1046,3,2,2,Semi-Furnished,Mid (5-12),3,28.58236,77.38572,90.76
Hyderabad,Tellapur & Nallagandla,Mid-Segment,3,1830,4,1,0,Semi-Furnished,Mid (5-12),10,17.4692,78.33455,163.21
Pune,Kharadi & Viman Nagar,Premium,2,1134,3,0,5,Semi-Furnished,Mid (5-12),5,18.54829,73.92432,120.89
Chennai,Adyar & Boat Club Area,Ultra Luxury,3,1709,3,1,2,Fully-Furnished,Ground-Low (1-4),4,13.00558,80.24476,318.71
Mumbai,Bandra-Juhu Belt,Ultra Luxury,3,1862,3,1,5,Fully-Furnished,Ground-Low (1-4),10,19.16199,72.83548,699.7
Chennai,Adyar & Boat Club Area,Ultra Luxury,3,1752,4,0,0,Unfurnished,Ground-Low (1-4),4,12.99392,80.2537,257.55
Mumbai,Navi Mumbai (Vashi/Kharghar),Mid-Segment,3,1590,3,1,5,Unfurnished,High (13+),3,19.09804,73.03313,175.33
Hyderabad,Jubilee Hills & Banjara Hills,Ultra Luxury,3,1485,3,1,12,Fully-Furnished,High (13+),2,17.43811,78.42002,253.39
Chennai,Tambaram & Porur,Affordable,1,548,1,3,5,Semi-Furnished,Mid (5-12),5,12.93253,80.14408,32.45
Pune,Koregaon Park & Kalyani Nagar,Ultra Luxury,2,987,3,2,8,Unfurnished,High (13+),4,18.5367,73.89516,145.51
Delhi NCR,Noida Sector 150/62,Mid-Segment,4,2456,4,2,18,Fully-Furnished,Mid (5-12),7,28.57845,77.37659,212.88
Bengaluru,Electronic City,Mid-Segment,2,1051,2,3,8,Semi-Furnished,Mid (5-12),4,12.85807,77.68283,71.84
Hyderabad,Jubilee Hills & Banjara Hills,Ultra Luxury,2,991,2,1,0,Fully-Furnished,Mid (5-12),4,17.44009,78.4245,206.06
Bengaluru,Electronic City,Mid-Segment,2,1243,3,1,5,Unfurnished,Ground-Low (1-4),7,12.85425,77.66646,87.26
Hyderabad,Tellapur & Nallagandla,Mid-Segment,3,1913,4,2,18,Unfurnished,Ground-Low (1-4),9,17.45801,78.33013,128.12
Chennai,Adyar & Boat Club Area,Ultra Luxury,2,933,3,1,12,Unfurnished,High (13+),3,12.99902,80.26067,124.05
Chennai,OMR IT Corridor (Perungudi),Mid-Segment,2,1085,2,2,12,Unfurnished,High (13+),8,12.95705,80.28412,95.73
Hyderabad,Gachibowli & Financial District,Premium,2,1074,3,2,0,Unfurnished,Ground-Low (1-4),8,17.43896,78.37218,140.01
Bengaluru,HSR Layout & Sarjapur,Premium,2,1107,3,1,8,Unfurnished,Mid (5-12),9,12.91465,77.65352,141.06
Pune,Hadapsar & Undri,Mid-Segment,2,974,2,1,5,Semi-Furnished,Ground-Low (1-4),5,18.48731,73.93701,63.14
Mumbai,South Mumbai (Colaba/Worli),Ultra Luxury,5,3923,5,0,5,Semi-Furnished,Mid (5-12),2,19.13269,72.8231,1518.39
Chennai,Anna Nagar,Premium,3,1645,4,2,2,Fully-Furnished,Mid (5-12),4,13.0936,80.20625,216.87
Chennai,Tambaram & Porur,Affordable,2,1119,2,0,5,Fully-Furnished,Mid (5-12),4,12.91875,80.15147,66.35
Bengaluru,Yelahanka & North Blr,Mid-Segment,2,1024,3,2,12,Unfurnished,Mid (5-12),3,13.09325,77.57691,70.02
Mumbai,Thane West,Mid-Segment,2,1235,2,3,5,Fully-Furnished,Ground-Low (1-4),5,19.28545,72.95478,187.23
Pune,Hadapsar & Undri,Mid-Segment,2,965,3,3,0,Semi-Furnished,Mid (5-12),9,18.48709,73.9322,76.3
Pune,Baner & Balewadi,Premium,3,1500,4,4,2,Semi-Furnished,Mid (5-12),7,18.55994,73.78162,178.14
Bengaluru,Whitefield (IT Hub),Premium,1,643,1,2,5,Unfurnished,Mid (5-12),6,12.98193,77.73883,69.14
Hyderabad,Gachibowli & Financial District,Premium,2,1054,3,3,2,Unfurnished,High (13+),10,17.45285,78.37087,129.16
Bengaluru,Whitefield (IT Hub),Premium,5,3357,5,2,0,Fully-Furnished,Ground-Low (1-4),10,12.97699,77.74067,411.86
Pune,Koregaon Park & Kalyani Nagar,Ultra Luxury,2,954,3,0,8,Unfurnished,Mid (5-12),3,18.54786,73.904,126.08
Bengaluru,HSR Layout & Sarjapur,Premium,3,1921,4,1,5,Fully-Furnished,High (13+),2,12.90686,77.65027,249.39
Chennai,Tambaram & Porur,Affordable,2,1042,2,0,8,Unfurnished,Mid (5-12),4,12.92519,80.15795,56.26
Delhi NCR,Golf Course Rd (Gurugram),Ultra Luxury,3,1620,3,1,12,Semi-Furnished,Ground-Low (1-4),2,28.45764,77.09113,352.63
Bengaluru,Indiranagar & Koramangala,Ultra Luxury,3,1715,3,1,18,Fully-Furnished,Ground-Low (1-4),1,12.98162,77.64159,272.32
Pune,Wakad & Hinjewadi,Mid-Segment,2,996,2,2,0,Fully-Furnished,Ground-Low (1-4),10,18.59883,73.75318,93.98
Hyderabad,Jubilee Hills & Banjara Hills,Ultra Luxury,2,1073,3,2,5,Semi-Furnished,Ground-Low (1-4),6,17.4335,78.41723,180.58
Chennai,Adyar & Boat Club Area,Ultra Luxury,2,1069,2,0,0,Semi-Furnished,High (13+),9,12.99884,80.24586,206.15
Hyderabad,Jubilee Hills & Banjara Hills,Ultra Luxury,2,1171,2,2,2,Unfurnished,Mid (5-12),9,17.43441,78.42803,220.17
Mumbai,Thane West,Mid-Segment,2,1073,2,1,5,Unfurnished,Mid (5-12),8,19.28183,72.96671,155.28
Pune,Koregaon Park & Kalyani Nagar,Ultra Luxury,3,1856,4,2,2,Unfurnished,Mid (5-12),1,18.53178,73.89667,298.42
Hyderabad,Kondapur & HITECH City,Premium,1,548,1,1,8,Semi-Furnished,Mid (5-12),10,17.46126,78.3954,58.44
Delhi NCR,Noida Sector 150/62,Mid-Segment,2,1097,3,1,2,Semi-Furnished,Mid (5-12),5,28.57857,77.38222,104.64
Pune,Baner & Balewadi,Premium,3,1594,4,2,2,Semi-Furnished,Ground-Low (1-4),4,18.56405,73.7782,203.55
Delhi NCR,Noida Sector 150/62,Mid-Segment,3,1886,4,0,2,Semi-Furnished,Ground-Low (1-4),10,28.56587,77.37792,174.87
Delhi NCR,Greater Noida West,Affordable,2,1004,3,2,0,Semi-Furnished,Mid (5-12),8,28.53414,77.45142,66.94
Delhi NCR,Golf Course Rd (Gurugram),Ultra Luxury,2,1052,2,1,12,Fully-Furnished,Ground-Low (1-4),8,28.45345,77.09256,285.2
Delhi NCR,South Delhi (Vasant Vihar),Ultra Luxury,2,1057,3,3,2,Semi-Furnished,Mid (5-12),7,28.56137,77.15065,376.77
Hyderabad,Kondapur & HITECH City,Premium,4,2848,4,2,18,Semi-Furnished,Ground-Low (1-4),10,17.44755,78.38414,271.19
Mumbai,Navi Mumbai (Vashi/Kharghar),Mid-Segment,1,560,1,2,0,Semi-Furnished,Mid (5-12),9,19.09651,73.0279,79.73
Chennai,OMR IT Corridor (Perungudi),Mid-Segment,2,1018,3,2,8,Semi-Furnished,Ground-Low (1-4),4,12.95528,80.28976,82.43
Delhi NCR,Noida Sector 150/62,Mid-Segment,3,1806,3,1,12,Semi-Furnished,Ground-Low (1-4),10,28.56481,77.37293,152.81
Pune,Kharadi & Viman Nagar,Premium,2,875,3,2,2,Semi-Furnished,Ground-Low (1-4),7,18.54712,73.91758,92.82
Hyderabad,Gachibowli & Financial District,Premium,2,1015,3,2,8,Unfurnished,Ground-Low (1-4),8,17.44925,78.36208,110.77
Bengaluru,Whitefield (IT Hub),Premium,2,1112,2,1,2,Unfurnished,Mid (5-12),5,12.98469,77.72904,115.08
Delhi NCR,South Delhi (Vasant Vihar),Ultra Luxury,1,540,1,1,5,Unfurnished,High (13+),3,28.56886,77.15974,169.19
Hyderabad,Jubilee Hills & Banjara Hills,Ultra Luxury,2,1194,3,0,12,Semi-Furnished,Ground-Low (1-4),4,17.44347,78.43355,174.32
Delhi NCR,Cyber City & Sector 54,Premium,2,980,3,1,2,Unfurnished,Mid (5-12),1,28.4801,77.11157,160.81
Hyderabad,Gachibowli & Financial District,Premium,2,1123,3,1,5,Semi-Furnished,High (13+),1,17.4538,78.37391,129.96
Mumbai,Navi Mumbai (Vashi/Kharghar),Mid-Segment,1,455,1,2,12,Unfurnished,Mid (5-12),6,19.09641,73.01939,45.35
Pune,Baner & Balewadi,Premium,3,1679,4,2,5,Fully-Furnished,Mid (5-12),5,18.5691,73.79343,220.04
Pune,Wakad & Hinjewadi,Mid-Segment,4,2524,5,0,5,Semi-Furnished,Ground-Low (1-4),2,18.58428,73.75646,189.31
Delhi NCR,Noida Sector 150/62,Mid-Segment,2,1164,3,3,0,Semi-Furnished,Ground-Low (1-4),2,28.56632,77.372,108.02
Chennai,OMR IT Corridor (Perungudi),Mid-Segment,3,1522,3,2,0,Unfurnished,Mid (5-12),3,12.95289,80.27409,124.02
Delhi NCR,Noida Sector 150/62,Mid-Segment,3,1866,4,0,5,Semi-Furnished,Ground-Low (1-4),5,28.56951,77.37772,161.7
Delhi NCR,Noida Sector 150/62,Mid-Segment,3,1567,3,1,0,Semi-Furnished,Ground-Low (1-4),10,28.5735,77.36949,156.46
Hyderabad,Miyapur & Kukatpally,Mid-Segment,2,983,3,2,12,Unfurnished,Mid (5-12),3,17.49853,78.39172,58.08
Pune,Hadapsar & Undri,Mid-Segment,2,1019,3,1,5,Semi-Furnished,Ground-Low (1-4),4,18.47098,73.94556,68.49
Pune,Baner & Balewadi,Premium,2,908,3,1,12,Semi-Furnished,Ground-Low (1-4),9,18.56435,73.78711,94.08
Hyderabad,Gachibowli & Financial District,Premium,1,485,1,1,0,Semi-Furnished,High (13+),8,17.44073,78.36609,68.33
Mumbai,Powai-Andheri West,Premium,2,987,2,3,12,Unfurnished,Ground-Low (1-4),4,19.18691,72.85001,187.48
Delhi NCR,South Delhi (Vasant Vihar),Ultra Luxury,4,3179,5,0,0,Fully-Furnished,Mid (5-12),9,28.56409,77.15536,1211.69
Chennai,OMR IT Corridor (Perungudi),Mid-Segment,3,1668,3,1,5,Unfurnished,Ground-Low (1-4),1,12.95522,80.28906,122.96
Pune,Hadapsar & Undri,Mid-Segment,3,1833,4,1,2,Unfurnished,Ground-Low (1-4),8,18.47916,73.93462,121.2
Chennai,Tambaram & Porur,Affordable,3,1879,3,3,8,Semi-Furnished,Mid (5-12),3,12.91844,80.15951,102.93
Bengaluru,Indiranagar & Koramangala,Ultra Luxury,4,2946,4,1,5,Semi-Furnished,High (13+),4,12.97478,77.62849,585.54
Mumbai,Navi Mumbai (Vashi/Kharghar),Mid-Segment,3,1840,4,1,12,Unfurnished,High (13+),9,19.09912,73.03207,209.21
Mumbai,Navi Mumbai (Vashi/Kharghar),Mid-Segment,3,1426,3,3,2,Semi-Furnished,Ground-Low (1-4),7,19.10089,73.02125,174.03
Bengaluru,Whitefield (IT Hub),Premium,1,625,1,2,0,Semi-Furnished,High (13+),2,12.97338,77.73765,79.24
Pune,Hadapsar & Undri,Mid-Segment,4,2121,4,1,5,Unfurnished,Mid (5-12),8,18.48399,73.92708,140.22
Mumbai,Bandra-Juhu Belt,Ultra Luxury,2,1066,2,2,8,Semi-Furnished,Mid (5-12),7,19.16172,72.83265,375.42
Mumbai,Thane West,Mid-Segment,4,2356,5,2,2,Semi-Furnished,Mid (5-12),4,19.27917,72.94921,373.49
Chennai,Anna Nagar,Premium,3,1761,3,1,5,Fully-Furnished,Ground-Low (1-4),7,13.09397,80.21425,216.86
Pune,Kharadi & Viman Nagar,Premium,2,1088,3,1,5,Unfurnished,Mid (5-12),5,18.55489,73.93511,104.77
Pune,Kharadi & Viman Nagar,Premium,1,649,1,4,0,Unfurnished,Ground-Low (1-4),9,18.54631,73.92104,66.97
Delhi NCR,Greater Noida West,Affordable,3,1889,3,1,8,Unfurnished,Ground-Low (1-4),8,28.52727,77.45671,102.03
Pune,Wakad & Hinjewadi,Mid-Segment,3,1728,4,2,5,Semi-Furnished,High (13+),1,18.58142,73.75505,127.04
Delhi NCR,Cyber City & Sector 54,Premium,4,2782,4,3,2,Fully-Furnished,Mid (5-12),10,28.47514,77.11796,595.89
Bengaluru,Whitefield (IT Hub),Premium,3,1493,4,2,8,Semi-Furnished,Mid (5-12),7,12.98732,77.73472,152.06
Mumbai,South Mumbai (Colaba/Worli),Ultra Luxury,3,1507,3,2,2,Semi-Furnished,High (13+),2,19.12158,72.82786,684.44
Chennai,Velachery,Mid-Segment,3,1418,3,1,0,Semi-Furnished,Mid (5-12),3,12.98022,80.23445,122.63
Bengaluru,Whitefield (IT Hub),Premium,1,549,1,0,18,Semi-Furnished,Mid (5-12),5,12.98797,77.72612,46.1
Chennai,Anna Nagar,Premium,3,1401,3,2,2,Fully-Furnished,Ground-Low (1-4),1,13.09163,80.21428,180.12
Bengaluru,Whitefield (IT Hub),Premium,2,1147,3,1,18,Unfurnished,Ground-Low (1-4),1,12.98116,77.73749,79.74
Mumbai,South Mumbai (Colaba/Worli),Ultra Luxury,2,1222,2,2,18,Unfurnished,Mid (5-12),3,19.13584,72.82883,413.39
Mumbai,Powai-Andheri West,Premium,3,1590,4,1,8,Semi-Furnished,Mid (5-12),10,19.20323,72.8518,385.57
Delhi NCR,South Delhi (Vasant Vihar),Ultra Luxury,4,2971,4,2,2,Unfurnished,Ground-Low (1-4),4,28.55641,77.16753,927.68
Hyderabad,Miyapur & Kukatpally,Mid-Segment,1,470,1,1,0,Semi-Furnished,Mid (5-12),3,17.50317,78.37969,32.46
Pune,Wakad & Hinjewadi,Mid-Segment,2,1045,2,3,8,Unfurnished,Ground-Low (1-4),9,18.58372,73.75725,75.81
Hyderabad,Tellapur & Nallagandla,Mid-Segment,3,1506,4,3,8,Semi-Furnished,Mid (5-12),8,17.47216,78.3223,120.87
Delhi NCR,South Delhi (Vasant Vihar),Ultra Luxury,2,906,3,2,2,Unfurnished,Mid (5-12),8,28.56461,77.15018,319.65
Delhi NCR,South Delhi (Vasant Vihar),Ultra Luxury,1,582,1,3,5,Semi-Furnished,High (13+),9,28.57114,77.15644,197.82
Hyderabad,Gachibowli & Financial District,Premium,2,1011,3,0,5,Unfurnished,Ground-Low (1-4),7,17.45147,78.36886,118.23
Bengaluru,Electronic City,Mid-Segment,2,1038,3,2,2,Fully-Furnished,Ground-Low (1-4),9,12.85859,77.66949,79.72
Delhi NCR,Noida Sector 150/62,Mid-Segment,1,468,1,1,0,Fully-Furnished,Mid (5-12),9,28.57109,77.38224,52.66
Bengaluru,HSR Layout & Sarjapur,Premium,2,1154,2,2,5,Unfurnished,Mid (5-12),9,12.91764,77.65008,144.01
Pune,Baner & Balewadi,Premium,2,1099,3,2,2,Semi-Furnished,Mid (5-12),1,18.56033,73.78256,123.5
Hyderabad,Kondapur & HITECH City,Premium,3,1552,4,1,5,Semi-Furnished,High (13+),4,17.45655,78.37927,168.48
Mumbai,South Mumbai (Colaba/Worli),Ultra Luxury,3,1886,4,1,0,Fully-Furnished,Mid (5-12),8,19.12418,72.83385,927.15
Mumbai,South Mumbai (Colaba/Worli),Ultra Luxury,2,1010,2,1,25,Fully-Furnished,Ground-Low (1-4),3,19.12447,72.82376,338.2
Pune,Baner & Balewadi,Premium,3,1787,3,2,2,Semi-Furnished,Mid (5-12),9,18.57004,73.7942,218.75
Mumbai,Navi Mumbai (Vashi/Kharghar),Mid-Segment,4,2427,5,2,0,Fully-Furnished,Mid (5-12),3,19.10763,73.02854,334.49
Chennai,Tambaram & Porur,Affordable,2,855,2,4,0,Semi-Furnished,Mid (5-12),10,12.92504,80.15253,58.93
Mumbai,South Mumbai (Colaba/Worli),Ultra Luxury,3,1419,3,2,0,Fully-Furnished,Ground-Low (1-4),6,19.1277,72.83322,690.66
Delhi NCR,Cyber City & Sector 54,Premium,2,965,2,2,2,Fully-Furnished,Ground-Low (1-4),6,28.47942,77.10706,157.57
Pune,Wakad & Hinjewadi,Mid-Segment,2,1223,2,1,5,Semi-Furnished,Mid (5-12),5,18.5978,73.76544,99.62
Bengaluru,HSR Layout & Sarjapur,Premium,5,4402,6,2,5,Semi-Furnished,Ground-Low (1-4),7,12.91711,77.64471,562.08
Delhi NCR,South Delhi (Vasant Vihar),Ultra Luxury,4,2957,4,2,8,Semi-Furnished,Ground-Low (1-4),8,28.56365,77.16377,839.79
Mumbai,Bandra-Juhu Belt,Ultra Luxury,2,1205,2,1,8,Semi-Furnished,High (13+),5,19.16416,72.83376,441.0
Hyderabad,Kondapur & HITECH City,Premium,2,912,2,1,12,Unfurnished,High (13+),7,17.4554,78.38691,84.18
Mumbai,Powai-Andheri West,Premium,1,622,1,1,18,Fully-Furnished,Mid (5-12),7,19.1944,72.8586,122.0
Pune,Koregaon Park & Kalyani Nagar,Ultra Luxury,5,4576,5,0,2,Unfurnished,Mid (5-12),3,18.54506,73.90335,687.02
Chennai,Tambaram & Porur,Affordable,2,1239,2,2,12,Semi-Furnished,High (13+),1,12.9193,80.14992,65.56
Pune,Baner & Balewadi,Premium,1,641,1,3,5,Unfurnished,High (13+),4,18.56443,73.7904,70.9
Chennai,OMR IT Corridor (Perungudi),Mid-Segment,2,934,2,1,18,Fully-Furnished,Ground-Low (1-4),10,12.96482,80.28472,76.4
Delhi NCR,Noida Sector 150/62,Mid-Segment,4,3025,4,1,8,Unfurnished,Mid (5-12),4,28.56393,77.3738,237.4
Bengaluru,Electronic City,Mid-Segment,2,1020,3,2,2,Unfurnished,Ground-Low (1-4),7,12.8436,77.66544,73.8
Chennai,OMR IT Corridor (Perungudi),Mid-Segment,3,1368,3,1,2,Unfurnished,High (13+),8,12.96751,80.28359,119.48
Bengaluru,Whitefield (IT Hub),Premium,2,1119,3,2,8,Fully-Furnished,Mid (5-12),4,12.98794,77.72843,125.56
Bengaluru,Electronic City,Mid-Segment,3,1671,3,2,5,Unfurnished,Mid (5-12),4,12.85806,77.66681,113.06
Chennai,Adyar & Boat Club Area,Ultra Luxury,2,1185,2,1,5,Unfurnished,Mid (5-12),5,13.01247,80.25564,186.97
Chennai,Anna Nagar,Premium,3,1564,3,2,12,Unfurnished,High (13+),5,13.09149,80.22012,182.61
Hyderabad,Jubilee Hills & Banjara Hills,Ultra Luxury,1,641,1,4,5,Unfurnished,Mid (5-12),4,17.43343,78.43424,99.47
Chennai,Velachery,Mid-Segment,1,507,1,1,12,Semi-Furnished,Ground-Low (1-4),8,12.97275,80.22134,36.97
Chennai,Tambaram & Porur,Affordable,1,529,1,1,5,Semi-Furnished,Ground-Low (1-4),2,12.92647,80.1426,27.25
Delhi NCR,Noida Sector 150/62,Mid-Segment,3,1519,4,2,0,Semi-Furnished,Ground-Low (1-4),3,28.56614,77.3733,139.5
Mumbai,Powai-Andheri West,Premium,1,623,1,0,18,Unfurnished,Ground-Low (1-4),5,19.19941,72.86011,110.9
Delhi NCR,Golf Course Rd (Gurugram),Ultra Luxury,3,1404,3,4,2,Unfurnished,High (13+),7,28.46027,77.08972,384.75
Hyderabad,Gachibowli & Financial District,Premium,1,569,1,2,18,Semi-Furnished,High (13+),1,17.44376,78.36979,56.44
Chennai,Adyar & Boat Club Area,Ultra Luxury,2,863,2,2,0,Unfurnished,Mid (5-12),1,13.00379,80.25002,145.67
Chennai,Tambaram & Porur,Affordable,2,1127,2,1,8,Semi-Furnished,Ground-Low (1-4),7,12.93262,80.1605,55.7
Chennai,Adyar & Boat Club Area,Ultra Luxury,2,1149,2,3,8,Unfurnished,Mid (5-12),4,13.0067,80.24451,171.34
Chennai,OMR IT Corridor (Perungudi),Mid-Segment,3,1598,3,1,5,Unfurnished,High (13+),3,12.96721,80.29016,112.03
Delhi NCR,Cyber City & Sector 54,Premium,2,1120,2,1,12,Unfurnished,Ground-Low (1-4),10,28.48194,77.10295,164.13
Hyderabad,Gachibowli & Financial District,Premium,4,2975,5,3,0,Semi-Furnished,Mid (5-12),8,17.44778,78.37293,405.24
Delhi NCR,Golf Course Rd (Gurugram),Ultra Luxury,3,1526,3,0,12,Unfurnished,Ground-Low (1-4),4,28.44554,77.09291,338.36
Bengaluru,Indiranagar & Koramangala,Ultra Luxury,4,2104,4,3,0,Semi-Furnished,Mid (5-12),5,12.98159,77.63188,421.62
Hyderabad,Jubilee Hills & Banjara Hills,Ultra Luxury,2,1106,3,1,0,Semi-Furnished,High (13+),1,17.43027,78.42116,216.13
Chennai,Tambaram & Porur,Affordable,2,997,3,3,5,Fully-Furnished,Ground-Low (1-4),10,12.92975,80.14565,66.13
Mumbai,Navi Mumbai (Vashi/Kharghar),Mid-Segment,2,944,2,3,8,Unfurnished,Ground-Low (1-4),3,19.11478,73.02377,97.06
Hyderabad,Kondapur & HITECH City,Premium,3,1803,3,1,25,Semi-Furnished,Mid (5-12),9,17.462,78.37882,158.2
Mumbai,Powai-Andheri West,Premium,3,1414,4,2,5,Unfurnished,Ground-Low (1-4),6,19.19259,72.86465,300.8
Pune,Kharadi & Viman Nagar,Premium,3,1917,3,2,0,Unfurnished,High (13+),5,18.55114,73.93637,211.34
Hyderabad,Jubilee Hills & Banjara Hills,Ultra Luxury,2,1177,3,1,0,Semi-Furnished,Mid (5-12),6,17.44441,78.42767,236.49
Hyderabad,Miyapur & Kukatpally,Mid-Segment,4,2617,4,3,0,Semi-Furnished,Ground-Low (1-4),1,17.4861,78.38831,185.86
Hyderabad,Jubilee Hills & Banjara Hills,Ultra Luxury,1,595,1,3,8,Unfurnished,High (13+),8,17.44393,78.42853,99.93
Hyderabad,Jubilee Hills & Banjara Hills,Ultra Luxury,2,1140,2,0,12,Unfurnished,High (13+),7,17.42757,78.42183,185.3
Delhi NCR,Cyber City & Sector 54,Premium,3,1681,3,2,0,Unfurnished,Ground-Low (1-4),6,28.47473,77.10219,247.95
Chennai,Velachery,Mid-Segment,2,1010,2,2,8,Semi-Furnished,Ground-Low (1-4),3,12.9832,80.23254,70.87
Chennai,Anna Nagar,Premium,2,1120,3,2,0,Semi-Furnished,Mid (5-12),6,13.10027,80.21795,141.6
Chennai,OMR IT Corridor (Perungudi),Mid-Segment,3,1841,3,1,12,Semi-Furnished,High (13+),1,12.95365,80.2809,140.75
Pune,Kharadi & Viman Nagar,Premium,3,1520,4,2,2,Semi-Furnished,Ground-Low (1-4),10,18.55199,73.92832,174.43
Bengaluru,Yelahanka & North Blr,Mid-Segment,3,1544,3,2,0,Semi-Furnished,Mid (5-12),2,13.11101,77.59234,129.79
Mumbai,Thane West,Mid-Segment,2,1043,2,3,8,Fully-Furnished,High (13+),10,19.2745,72.95976,191.0
Bengaluru,Yelahanka & North Blr,Mid-Segment,2,1109,2,0,8,Unfurnished,Mid (5-12),8,13.09207,77.58419,83.68
Delhi NCR,Noida Sector 150/62,Mid-Segment,1,620,1,3,2,Unfurnished,High (13+),7,28.57268,77.38558,59.91
Delhi NCR,Greater Noida West,Affordable,1,610,1,0,2,Semi-Furnished,Ground-Low (1-4),7,28.53007,77.45124,35.43
Delhi NCR,Greater Noida West,Affordable,3,1746,3,3,5,Unfurnished,Ground-Low (1-4),7,28.52462,77.45127,96.8
Chennai,Adyar & Boat Club Area,Ultra Luxury,3,1592,4,2,5,Semi-Furnished,Ground-Low (1-4),10,13.00098,80.25575,277.73
Delhi NCR,Golf Course Rd (Gurugram),Ultra Luxury,3,1542,4,1,5,Semi-Furnished,Mid (5-12),9,28.44626,77.1027,430.36
Pune,Baner & Balewadi,Premium,1,599,1,3,8,Semi-Furnished,Ground-Low (1-4),10,18.56265,73.78316,65.35
Hyderabad,Kondapur & HITECH City,Premium,2,1136,3,3,18,Unfurnished,Mid (5-12),4,17.46227,78.38595,95.25
Mumbai,Navi Mumbai (Vashi/Kharghar),Mid-Segment,3,1383,4,1,0,Fully-Furnished,High (13+),4,19.10308,73.021,193.14
Bengaluru,Yelahanka & North Blr,Mid-Segment,3,1567,4,3,2,Unfurnished,Mid (5-12),3,13.10356,77.58688,108.65
Bengaluru,Whitefield (IT Hub),Premium,2,1035,2,1,5,Fully-Furnished,Ground-Low (1-4),6,12.98556,77.73638,119.92
Hyderabad,Jubilee Hills & Banjara Hills,Ultra Luxury,3,1661,4,2,5,Semi-Furnished,Mid (5-12),6,17.42556,78.41673,288.0
Hyderabad,Gachibowli & Financial District,Premium,1,617,1,2,18,Unfurnished,Mid (5-12),4,17.4496,78.36725,58.59
Mumbai,Powai-Andheri West,Premium,3,1520,3,1,8,Unfurnished,Mid (5-12),9,19.1865,72.86057,342.24
Bengaluru,Electronic City,Mid-Segment,2,1080,3,0,0,Semi-Furnished,Ground-Low (1-4),6,12.86003,77.67232,82.47
Delhi NCR,Noida Sector 150/62,Mid-Segment,3,1929,4,2,0,Semi-Furnished,Mid (5-12),7,28.57724,77.36963,187.64
Delhi NCR,South Delhi (Vasant Vihar),Ultra Luxury,3,1713,4,2,18,Semi-Furnished,Ground-Low (1-4),10,28.56565,77.1597,452.26
Chennai,Tambaram & Porur,Affordable,4,3097,5,4,5,Semi-Furnished,Mid (5-12),8,12.91699,80.14353,190.24
Bengaluru,Yelahanka & North Blr,Mid-Segment,2,1108,2,2,8,Semi-Furnished,Mid (5-12),8,13.09502,77.57629,93.42
Delhi NCR,South Delhi (Vasant Vihar),Ultra Luxury,1,618,1,1,12,Unfurnished,Ground-Low (1-4),8,28.56342,77.15623,168.78
Mumbai,Bandra-Juhu Belt,Ultra Luxury,3,1565,4,0,8,Semi-Furnished,Mid (5-12),3,19.15568,72.83752,509.95
Hyderabad,Miyapur & Kukatpally,Mid-Segment,3,1409,4,1,8,Unfurnished,Ground-Low (1-4),5,17.48962,78.39667,82.25
Hyderabad,Tellapur & Nallagandla,Mid-Segment,3,1919,4,1,2,Unfurnished,Mid (5-12),8,17.45849,78.3297,166.59
Chennai,Adyar & Boat Club Area,Ultra Luxury,3,1913,4,2,0,Unfurnished,Ground-Low (1-4),5,12.99277,80.24999,313.35
Hyderabad,Miyapur & Kukatpally,Mid-Segment,3,1766,4,0,8,Unfurnished,High (13+),7,17.49758,78.39098,120.7
Delhi NCR,Golf Course Rd (Gurugram),Ultra Luxury,2,1243,3,2,12,Unfurnished,Ground-Low (1-4),9,28.4463,77.10831,297.24
Hyderabad,Kondapur & HITECH City,Premium,2,1069,3,1,5,Unfurnished,Ground-Low (1-4),7,17.44902,78.3918,109.56
Hyderabad,Jubilee Hills & Banjara Hills,Ultra Luxury,2,1108,2,3,8,Semi-Furnished,High (13+),3,17.43854,78.41671,191.89
Hyderabad,Miyapur & Kukatpally,Mid-Segment,2,949,2,1,2,Unfurnished,High (13+),1,17.49537,78.37879,61.37
Hyderabad,Tellapur & Nallagandla,Mid-Segment,1,501,1,4,0,Unfurnished,Ground-Low (1-4),2,17.47144,78.33467,35.72
Bengaluru,Indiranagar & Koramangala,Ultra Luxury,2,893,2,1,2,Unfurnished,Mid (5-12),7,12.98548,77.64251,172.89
Pune,Kharadi & Viman Nagar,Premium,3,1694,4,2,5,Unfurnished,High (13+),2,18.55768,73.92386,186.14
Pune,Hadapsar & Undri,Mid-Segment,2,1174,3,1,8,Unfurnished,Mid (5-12),4,18.47597,73.94293,69.05
Delhi NCR,Greater Noida West,Affordable,3,1904,3,2,8,Semi-Furnished,Mid (5-12),7,28.53784,77.45442,119.09
Chennai,OMR IT Corridor (Perungudi),Mid-Segment,2,995,3,1,8,Semi-Furnished,High (13+),5,12.972,80.27436,89.78
Delhi NCR,Cyber City & Sector 54,Premium,3,1874,3,2,0,Fully-Furnished,Ground-Low (1-4),1,28.48316,77.1045,320.08
Chennai,Velachery,Mid-Segment,1,641,1,2,12,Unfurnished,Ground-Low (1-4),2,12.98972,80.23391,38.91
Hyderabad,Jubilee Hills & Banjara Hills,Ultra Luxury,4,3074,4,1,8,Semi-Furnished,Ground-Low (1-4),10,17.43519,78.42835,558.05
Bengaluru,Electronic City,Mid-Segment,5,4405,6,3,8,Semi-Furnished,Ground-Low (1-4),6,12.84743,77.66926,298.39
Chennai,Tambaram & Porur,Affordable,1,551,1,0,5,Semi-Furnished,Ground-Low (1-4),2,12.92022,80.14545,27.16
Chennai,Velachery,Mid-Segment,2,1102,3,2,0,Semi-Furnished,High (13+),4,12.97903,80.23563,94.06
Delhi NCR,Greater Noida West,Affordable,1,562,1,1,0,Unfurnished,Mid (5-12),6,28.53304,77.45064,33.51
Pune,Koregaon Park & Kalyani Nagar,Ultra Luxury,4,2128,4,1,5,Semi-Furnished,Ground-Low (1-4),8,18.5468,73.89711,338.82
Chennai,Velachery,Mid-Segment,2,1167,3,4,5,Semi-Furnished,Ground-Low (1-4),3,12.98077,80.22799,79.16
Bengaluru,Whitefield (IT Hub),Premium,2,1171,2,1,5,Semi-Furnished,Ground-Low (1-4),9,12.97978,77.73011,125.76
Hyderabad,Tellapur & Nallagandla,Mid-Segment,2,1165,2,1,8,Fully-Furnished,Ground-Low (1-4),3,17.46764,78.32062,92.52
Pune,Hadapsar & Undri,Mid-Segment,1,588,1,3,0,Semi-Furnished,High (13+),4,18.48525,73.94105,46.11
Mumbai,Navi Mumbai (Vashi/Kharghar),Mid-Segment,3,1370,3,0,5,Semi-Furnished,Mid (5-12),4,19.11575,73.03524,171.25
Pune,Wakad & Hinjewadi,Mid-Segment,2,850,2,3,12,Unfurnished,Mid (5-12),3,18.59719,73.75926,58.23
Bengaluru,Whitefield (IT Hub),Premium,3,1786,3,1,8,Unfurnished,Ground-Low (1-4),6,12.97632,77.73255,173.66
Mumbai,Bandra-Juhu Belt,Ultra Luxury,1,517,1,3,2,Semi-Furnished,Mid (5-12),5,19.14809,72.8458,181.07
Hyderabad,Gachibowli & Financial District,Premium,3,1887,3,1,18,Unfurnished,Mid (5-12),5,17.43595,78.35671,170.81
Pune,Koregaon Park & Kalyani Nagar,Ultra Luxury,4,2628,4,3,0,Fully-Furnished,Ground-Low (1-4),5,18.54779,73.90202,472.08
Pune,Kharadi & Viman Nagar,Premium,1,637,1,3,8,Fully-Furnished,Mid (5-12),5,18.54742,73.92524,65.07
Pune,Wakad & Hinjewadi,Mid-Segment,5,3554,6,2,12,Semi-Furnished,Ground-Low (1-4),8,18.59655,73.75146,272.64
Hyderabad,Jubilee Hills & Banjara Hills,Ultra Luxury,1,513,1,1,8,Unfurnished,Ground-Low (1-4),5,17.43453,78.41702,76.3
Bengaluru,Indiranagar & Koramangala,Ultra Luxury,3,1569,4,3,0,Unfurnished,Ground-Low (1-4),8,12.9805,77.625,286.47
Delhi NCR,South Delhi (Vasant Vihar),Ultra Luxury,2,886,3,1,5,Semi-Furnished,Mid (5-12),1,28.56637,77.15037,283.04
Pune,Wakad & Hinjewadi,Mid-Segment,2,1099,2,1,0,Semi-Furnished,High (13+),7,18.58772,73.74999,102.43
Mumbai,South Mumbai (Colaba/Worli),Ultra Luxury,4,2665,5,0,0,Unfurnished,Mid (5-12),7,19.11835,72.83497,1104.46
Pune,Kharadi & Viman Nagar,Premium,2,989,2,2,2,Unfurnished,High (13+),3,18.55126,73.93558,96.35
Mumbai,Powai-Andheri West,Premium,2,856,2,1,0,Semi-Furnished,Ground-Low (1-4),9,19.19046,72.85264,206.84
Chennai,Velachery,Mid-Segment,2,1090,2,0,2,Unfurnished,Ground-Low (1-4),4,12.97435,80.22431,77.95
Pune,Baner & Balewadi,Premium,2,989,2,1,12,Unfurnished,Ground-Low (1-4),2,18.56324,73.77995,87.65
Bengaluru,Indiranagar & Koramangala,Ultra Luxury,2,1031,3,1,18,Semi-Furnished,Mid (5-12),8,12.98917,77.63084,154.71
Pune,Hadapsar & Undri,Mid-Segment,4,2468,4,2,25,Semi-Furnished,Mid (5-12),4,18.48562,73.94606,131.71
Pune,Hadapsar & Undri,Mid-Segment,2,1035,2,1,12,Semi-Furnished,Ground-Low (1-4),1,18.47934,73.92782,62.46
Mumbai,Navi Mumbai (Vashi/Kharghar),Mid-Segment,4,2646,4,0,5,Fully-Furnished,Ground-Low (1-4),8,19.11579,73.02957,361.18
Hyderabad,Miyapur & Kukatpally,Mid-Segment,1,523,1,2,2,Semi-Furnished,Mid (5-12),9,17.50484,78.39429,38.65
Chennai,Velachery,Mid-Segment,3,1651,3,2,8,Semi-Furnished,Ground-Low (1-4),4,12.97365,80.2341,113.46
Chennai,Velachery,Mid-Segment,2,1220,2,1,0,Unfurnished,Ground-Low (1-4),5,12.97535,80.23335,88.8
Bengaluru,Whitefield (IT Hub),Premium,1,617,1,2,25,Semi-Furnished,High (13+),8,12.98613,77.72973,55.81
Chennai,Velachery,Mid-Segment,4,2634,5,1,2,Unfurnished,Mid (5-12),8,12.98678,80.22985,223.53
Bengaluru,Whitefield (IT Hub),Premium,2,1026,2,1,18,Unfurnished,Mid (5-12),6,12.98302,77.73755,85.23
Pune,Baner & Balewadi,Premium,1,590,1,3,0,Unfurnished,Ground-Low (1-4),5,18.56862,73.77909,69.26
Chennai,Adyar & Boat Club Area,Ultra Luxury,4,2942,4,1,0,Semi-Furnished,High (13+),8,13.00567,80.25268,586.92
Bengaluru,HSR Layout & Sarjapur,Premium,3,1912,3,1,0,Unfurnished,Ground-Low (1-4),1,12.90222,77.6555,216.66
Delhi NCR,Cyber City & Sector 54,Premium,2,899,2,2,5,Fully-Furnished,Ground-Low (1-4),3,28.46665,77.11255,169.04
Hyderabad,Kondapur & HITECH City,Premium,2,880,3,2,25,Unfurnished,Ground-Low (1-4),4,17.45133,78.39473,68.72
Mumbai,Navi Mumbai (Vashi/Kharghar),Mid-Segment,3,1788,4,0,12,Unfurnished,Mid (5-12),10,19.09615,73.02282,183.72
Delhi NCR,South Delhi (Vasant Vihar),Ultra Luxury,1,572,1,1,12,Unfurnished,Ground-Low (1-4),8,28.56197,77.15574,162.25
Pune,Baner & Balewadi,Premium,2,1002,2,0,2,Semi-Furnished,Ground-Low (1-4),2,18.55071,73.79566,99.09
Pune,Hadapsar & Undri,Mid-Segment,2,934,3,1,2,Fully-Furnished,Ground-Low (1-4),5,18.48054,73.92676,66.41
Chennai,Adyar & Boat Club Area,Ultra Luxury,4,2686,4,3,18,Semi-Furnished,Mid (5-12),4,12.99897,80.25013,335.37
Mumbai,South Mumbai (Colaba/Worli),Ultra Luxury,5,4132,5,1,2,Semi-Furnished,Ground-Low (1-4),4,19.12905,72.82621,1762.44
Pune,Hadapsar & Undri,Mid-Segment,2,1054,2,2,2,Semi-Furnished,High (13+),7,18.48199,73.93114,73.61
Hyderabad,Gachibowli & Financial District,Premium,1,535,1,3,0,Unfurnished,Ground-Low (1-4),7,17.45316,78.35702,67.77
Pune,Wakad & Hinjewadi,Mid-Segment,3,1562,3,2,18,Semi-Furnished,High (13+),2,18.58721,73.76512,116.7
Mumbai,Navi Mumbai (Vashi/Kharghar),Mid-Segment,2,983,3,3,2,Unfurnished,Ground-Low (1-4),4,19.0973,73.018,118.33
Chennai,Velachery,Mid-Segment,2,1005,3,3,12,Semi-Furnished,Mid (5-12),7,12.98613,80.2207,77.97
Mumbai,South Mumbai (Colaba/Worli),Ultra Luxury,4,2156,5,1,18,Unfurnished,Ground-Low (1-4),10,19.12827,72.82203,651.07
Mumbai,South Mumbai (Colaba/Worli),Ultra Luxury,2,943,2,1,2,Unfurnished,Mid (5-12),7,19.12578,72.8327,407.91
Delhi NCR,South Delhi (Vasant Vihar),Ultra Luxury,5,3692,5,2,8,Semi-Furnished,Mid (5-12),5,28.56967,77.15861,1122.27
Bengaluru,Indiranagar & Koramangala,Ultra Luxury,2,1045,2,1,2,Semi-Furnished,Ground-Low (1-4),7,12.98843,77.63213,204.72
Pune,Baner & Balewadi,Premium,2,1189,2,2,0,Unfurnished,High (13+),7,18.55087,73.77826,145.07
Delhi NCR,Noida Sector 150/62,Mid-Segment,3,1746,4,2,2,Unfurnished,Ground-Low (1-4),4,28.58049,77.38053,134.44
Mumbai,Navi Mumbai (Vashi/Kharghar),Mid-Segment,3,1730,4,2,2,Unfurnished,Ground-Low (1-4),10,19.10972,73.03144,218.88
Chennai,Anna Nagar,Premium,2,851,3,0,12,Semi-Furnished,Mid (5-12),10,13.09968,80.20359,103.45
Delhi NCR,Golf Course Rd (Gurugram),Ultra Luxury,3,1470,4,2,12,Unfurnished,Ground-Low (1-4),2,28.45516,77.10816,316.37
Bengaluru,Whitefield (IT Hub),Premium,3,1859,3,2,2,Semi-Furnished,Mid (5-12),7,12.97872,77.74308,212.5
Delhi NCR,Golf Course Rd (Gurugram),Ultra Luxury,2,1183,3,1,5,Unfurnished,High (13+),7,28.45635,77.09815,323.89
Hyderabad,Jubilee Hills & Banjara Hills,Ultra Luxury,5,3669,6,2,8,Unfurnished,Mid (5-12),9,17.44027,78.42774,617.87
Mumbai,South Mumbai (Colaba/Worli),Ultra Luxury,2,967,3,2,5,Semi-Furnished,Mid (5-12),8,19.1304,72.82599,436.11
Bengaluru,Whitefield (IT Hub),Premium,2,1168,3,2,0,Semi-Furnished,Ground-Low (1-4),6,12.99116,77.73803,126.65
Bengaluru,Indiranagar & Koramangala,Ultra Luxury,3,1395,3,2,2,Unfurnished,Ground-Low (1-4),6,12.98602,77.63457,241.25
Hyderabad,Kondapur & HITECH City,Premium,3,1481,4,2,5,Fully-Furnished,Mid (5-12),6,17.44566,78.37752,186.79
Chennai,Tambaram & Porur,Affordable,3,1847,4,1,5,Semi-Furnished,Ground-Low (1-4),5,12.92932,80.15575,89.54
Chennai,Tambaram & Porur,Affordable,3,1772,4,2,0,Semi-Furnished,Mid (5-12),5,12.92469,80.14363,112.02
Mumbai,Powai-Andheri West,Premium,3,1737,3,1,2,Unfurnished,Ground-Low (1-4),4,19.19402,72.85832,376.1
Chennai,Adyar & Boat Club Area,Ultra Luxury,2,970,3,2,8,Fully-Furnished,High (13+),10,12.99762,80.24207,197.99
Pune,Wakad & Hinjewadi,Mid-Segment,2,1123,3,1,0,Fully-Furnished,Mid (5-12),2,18.59423,73.75622,99.61
Hyderabad,Miyapur & Kukatpally,Mid-Segment,2,1069,2,2,5,Unfurnished,Mid (5-12),3,17.49714,78.38154,68.28
Chennai,OMR IT Corridor (Perungudi),Mid-Segment,3,1922,3,1,5,Semi-Furnished,Mid (5-12),7,12.95839,80.27634,151.92
Delhi NCR,South Delhi (Vasant Vihar),Ultra Luxury,2,1107,2,3,2,Semi-Furnished,Ground-Low (1-4),10,28.56291,77.14983,368.73
Delhi NCR,Cyber City & Sector 54,Premium,2,1156,2,2,2,Semi-Furnished,Mid (5-12),7,28.46955,77.11756,211.28
Chennai,Adyar & Boat Club Area,Ultra Luxury,2,880,3,2,12,Unfurnished,Mid (5-12),10,13.00707,80.2459,127.35
Pune,Kharadi & Viman Nagar,Premium,4,2111,4,3,2,Fully-Furnished,Mid (5-12),2,18.54348,73.93239,250.57
Mumbai,Bandra-Juhu Belt,Ultra Luxury,2,964,3,2,8,Unfurnished,Mid (5-12),4,19.15974,72.83195,303.43
Delhi NCR,Cyber City & Sector 54,Premium,1,518,1,2,2,Semi-Furnished,High (13+),2,28.48167,77.1044,98.68
Chennai,Adyar & Boat Club Area,Ultra Luxury,1,548,1,2,12,Semi-Furnished,High (13+),10,12.99652,80.24887,85.63
Delhi NCR,Golf Course Rd (Gurugram),Ultra Luxury,1,535,1,2,2,Unfurnished,Ground-Low (1-4),2,28.45783,77.10853,117.05
Mumbai,South Mumbai (Colaba/Worli),Ultra Luxury,2,984,2,2,8,Unfurnished,Ground-Low (1-4),1,19.13189,72.82265,328.67
Bengaluru,Indiranagar & Koramangala,Ultra Luxury,4,2981,4,3,8,Unfurnished,Mid (5-12),8,12.98222,77.63848,507.21
Pune,Hadapsar & Undri,Mid-Segment,3,1595,3,2,5,Semi-Furnished,High (13+),2,18.47739,73.93383,108.69
Bengaluru,Electronic City,Mid-Segment,3,1687,4,1,12,Unfurnished,Ground-Low (1-4),3,12.84237,77.67747,97.46
Hyderabad,Gachibowli & Financial District,Premium,2,1073,3,1,5,Unfurnished,Ground-Low (1-4),2,17.45056,78.3661,116.58
Hyderabad,Gachibowli & Financial District,Premium,4,2498,4,2,5,Unfurnished,Mid (5-12),4,17.43704,78.36252,273.26
Bengaluru,Electronic City,Mid-Segment,1,546,1,1,0,Unfurnished,Mid (5-12),5,12.85546,77.66876,39.94
Pune,Baner & Balewadi,Premium,2,1007,3,2,5,Fully-Furnished,Mid (5-12),4,18.56105,73.78288,112.4
Chennai,Tambaram & Porur,Affordable,2,975,3,1,18,Semi-Furnished,High (13+),1,12.9208,80.1599,50.58
Delhi NCR,Cyber City & Sector 54,Premium,1,596,1,0,8,Semi-Furnished,Ground-Low (1-4),8,28.46457,77.11655,96.76
Pune,Hadapsar & Undri,Mid-Segment,2,950,2,1,5,Semi-Furnished,Mid (5-12),10,18.48779,73.92745,65.87
Mumbai,South Mumbai (Colaba/Worli),Ultra Luxury,3,1374,3,3,5,Fully-Furnished,High (13+),5,19.1242,72.83434,642.25
Chennai,Tambaram & Porur,Affordable,3,1555,3,0,8,Fully-Furnished,Ground-Low (1-4),4,12.92891,80.14443,85.12
Pune,Kharadi & Viman Nagar,Premium,3,1691,3,2,12,Unfurnished,Mid (5-12),2,18.55469,73.92699,132.53
Hyderabad,Kondapur & HITECH City,Premium,4,2252,4,2,8,Unfurnished,Ground-Low (1-4),6,17.46086,78.37821,225.72
Delhi NCR,South Delhi (Vasant Vihar),Ultra Luxury,2,857,2,2,8,Fully-Furnished,Ground-Low (1-4),8,28.55914,77.16132,276.85
Hyderabad,Kondapur & HITECH City,Premium,3,1354,3,2,0,Fully-Furnished,Ground-Low (1-4),5,17.46211,78.38531,164.32
Chennai,Anna Nagar,Premium,3,1480,3,1,2,Unfurnished,High (13+),7,13.09662,80.21219,211.73
Delhi NCR,Cyber City & Sector 54,Premium,3,1706,4,2,8,Unfurnished,High (13+),4,28.47808,77.10854,267.99
Hyderabad,Kondapur & HITECH City,Premium,2,903,3,1,5,Semi-Furnished,Mid (5-12),1,17.45188,78.39645,83.94
Delhi NCR,Greater Noida West,Affordable,2,1131,2,1,2,Semi-Furnished,Ground-Low (1-4),10,28.54232,77.44901,76.25
Delhi NCR,South Delhi (Vasant Vihar),Ultra Luxury,2,869,3,3,0,Semi-Furnished,Ground-Low (1-4),5,28.56392,77.15035,279.74
Pune,Wakad & Hinjewadi,Mid-Segment,2,873,3,2,8,Unfurnished,Ground-Low (1-4),6,18.58996,73.76385,65.09
Delhi NCR,Noida Sector 150/62,Mid-Segment,1,566,1,2,2,Fully-Furnished,High (13+),3,28.57341,77.37609,55.3
Mumbai,South Mumbai (Colaba/Worli),Ultra Luxury,1,594,1,2,25,Semi-Furnished,Mid (5-12),4,19.11784,72.8198,180.97
Pune,Baner & Balewadi,Premium,2,1205,3,2,5,Fully-Furnished,Ground-Low (1-4),6,18.5578,73.77832,161.0
Bengaluru,HSR Layout & Sarjapur,Premium,3,1537,4,3,12,Unfurnished,Mid (5-12),5,12.90809,77.6528,167.05
Hyderabad,Tellapur & Nallagandla,Mid-Segment,1,453,1,0,8,Unfurnished,Mid (5-12),3,17.46559,78.32105,33.85
Delhi NCR,Cyber City & Sector 54,Premium,2,1054,3,1,2,Semi-Furnished,Mid (5-12),10,28.47376,77.1142,210.48
Bengaluru,Indiranagar & Koramangala,Ultra Luxury,2,953,3,3,25,Semi-Furnished,Ground-Low (1-4),2,12.98495,77.62981,125.44
Delhi NCR,Cyber City & Sector 54,Premium,3,1772,4,2,2,Unfurnished,Mid (5-12),10,28.47784,77.1036,308.45
Bengaluru,HSR Layout & Sarjapur,Premium,3,1838,4,1,5,Unfurnished,Mid (5-12),5,12.91891,77.64779,220.45
Mumbai,Navi Mumbai (Vashi/Kharghar),Mid-Segment,1,453,1,1,8,Fully-Furnished,Mid (5-12),3,19.10542,73.02992,58.17
Mumbai,Powai-Andheri West,Premium,1,506,1,0,2,Unfurnished,Ground-Low (1-4),5,19.18947,72.86347,110.09
Hyderabad,Tellapur & Nallagandla,Mid-Segment,3,1622,4,3,0,Unfurnished,Ground-Low (1-4),8,17.4743,78.33171,120.13
Mumbai,Powai-Andheri West,Premium,2,1125,3,1,2,Semi-Furnished,High (13+),2,19.19425,72.85199,261.82
Delhi NCR,Noida Sector 150/62,Mid-Segment,2,1173,3,2,2,Semi-Furnished,Ground-Low (1-4),7,28.5811,77.37624,109.0
Bengaluru,Electronic City,Mid-Segment,2,1111,2,2,8,Unfurnished,Mid (5-12),5,12.84964,77.68308,71.21
Delhi NCR,Noida Sector 150/62,Mid-Segment,2,868,3,2,0,Semi-Furnished,Ground-Low (1-4),7,28.58162,77.38229,75.83
Pune,Koregaon Park & Kalyani Nagar,Ultra Luxury,2,1130,2,4,12,Unfurnished,Mid (5-12),5,18.54103,73.88856,138.82
Chennai,Velachery,Mid-Segment,3,1766,4,2,5,Semi-Furnished,Ground-Low (1-4),4,12.98299,80.22141,138.06
Chennai,Tambaram & Porur,Affordable,2,896,3,2,5,Semi-Furnished,Mid (5-12),1,12.93125,80.15138,44.41
Pune,Kharadi & Viman Nagar,Premium,2,946,2,2,18,Unfurnished,High (13+),10,18.55913,73.9361,85.23
Delhi NCR,South Delhi (Vasant Vihar),Ultra Luxury,2,928,2,2,5,Unfurnished,Mid (5-12),1,28.56307,77.15694,249.07
Chennai,Tambaram & Porur,Affordable,2,1030,2,2,0,Semi-Furnished,Ground-Low (1-4),8,12.92758,80.15731,63.84
Delhi NCR,Cyber City & Sector 54,Premium,4,2364,5,0,8,Unfurnished,Mid (5-12),10,28.46975,77.11647,407.83
Mumbai,Bandra-Juhu Belt,Ultra Luxury,2,1150,2,2,5,Semi-Furnished,Mid (5-12),7,19.14851,72.83607,431.68
Delhi NCR,South Delhi (Vasant Vihar),Ultra Luxury,3,1882,4,1,0,Semi-Furnished,High (13+),6,28.56251,77.15875,573.17
Delhi NCR,South Delhi (Vasant Vihar),Ultra Luxury,4,2305,5,3,2,Semi-Furnished,High (13+),2,28.55684,77.16542,761.46
Hyderabad,Kondapur & HITECH City,Premium,2,1080,2,1,0,Unfurnished,Ground-Low (1-4),2,17.44853,78.38356,106.37
Bengaluru,HSR Layout & Sarjapur,Premium,3,1679,4,2,0,Unfurnished,Ground-Low (1-4),3,12.91897,77.66073,213.36
Pune,Baner & Balewadi,Premium,3,1623,4,2,0,Fully-Furnished,Mid (5-12),5,18.55776,73.79518,211.72
Delhi NCR,Golf Course Rd (Gurugram),Ultra Luxury,3,1810,4,0,2,Unfurnished,High (13+),2,28.44411,77.09522,463.14
Hyderabad,Miyapur & Kukatpally,Mid-Segment,1,495,1,4,2,Semi-Furnished,High (13+),10,17.50148,78.38564,38.6
Hyderabad,Miyapur & Kukatpally,Mid-Segment,2,878,3,2,0,Unfurnished,Mid (5-12),5,17.49341,78.38074,54.33
Bengaluru,Whitefield (IT Hub),Premium,2,929,2,2,8,Fully-Furnished,Mid (5-12),1,12.98383,77.72638,97.1
Delhi NCR,Golf Course Rd (Gurugram),Ultra Luxury,2,1244,3,2,12,Fully-Furnished,Ground-Low (1-4),7,28.45534,77.09352,328.67
Hyderabad,Kondapur & HITECH City,Premium,2,1164,3,0,5,Fully-Furnished,Mid (5-12),9,17.45219,78.38801,142.88
Chennai,Tambaram & Porur,Affordable,2,870,2,2,2,Semi-Furnished,Mid (5-12),7,12.92603,80.14497,54.45
Hyderabad,Jubilee Hills & Banjara Hills,Ultra Luxury,3,1868,3,0,5,Semi-Furnished,Ground-Low (1-4),4,17.42826,78.42161,292.58
Chennai,Adyar & Boat Club Area,Ultra Luxury,3,1485,4,2,12,Fully-Furnished,Mid (5-12),8,12.99661,80.25543,259.29
Mumbai,Thane West,Mid-Segment,3,1414,4,1,18,Fully-Furnished,Mid (5-12),10,19.28096,72.95416,195.71
Hyderabad,Tellapur & Nallagandla,Mid-Segment,3,1540,4,2,0,Semi-Furnished,Ground-Low (1-4),8,17.47074,78.32311,138.93
Mumbai,Bandra-Juhu Belt,Ultra Luxury,1,514,1,3,0,Fully-Furnished,Mid (5-12),3,19.15176,72.83835,212.29
Chennai,Adyar & Boat Club Area,Ultra Luxury,3,1587,3,2,5,Unfurnished,Mid (5-12),3,13.00044,80.25452,246.53
Mumbai,Thane West,Mid-Segment,3,1738,3,2,0,Semi-Furnished,Ground-Low (1-4),5,19.28511,72.96353,237.82
Chennai,Adyar & Boat Club Area,Ultra Luxury,5,4782,6,2,0,Fully-Furnished,Mid (5-12),2,12.99837,80.24463,896.13
Mumbai,Bandra-Juhu Belt,Ultra Luxury,3,1408,4,4,8,Semi-Furnished,High (13+),10,19.16323,72.84107,536.71
Chennai,OMR IT Corridor (Perungudi),Mid-Segment,4,2794,4,0,12,Semi-Furnished,Ground-Low (1-4),9,12.97009,80.27202,229.99
Chennai,Velachery,Mid-Segment,2,918,2,2,8,Unfurnished,Ground-Low (1-4),7,12.97943,80.23875,67.2
Chennai,Anna Nagar,Premium,2,1054,3,1,5,Fully-Furnished,Ground-Low (1-4),3,13.08299,80.21597,140.11
Hyderabad,Kondapur & HITECH City,Premium,2,993,2,2,0,Unfurnished,High (13+),9,17.45926,78.38838,116.06
Pune,Hadapsar & Undri,Mid-Segment,2,918,3,2,8,Semi-Furnished,Mid (5-12),8,18.47813,73.93872,63.96
Delhi NCR,Golf Course Rd (Gurugram),Ultra Luxury,2,954,2,0,0,Unfurnished,Mid (5-12),4,28.45523,77.09201,237.54
Pune,Kharadi & Viman Nagar,Premium,1,477,1,4,2,Unfurnished,Ground-Low (1-4),10,18.54896,73.92737,51.0
Bengaluru,HSR Layout & Sarjapur,Premium,4,2714,4,2,2,Fully-Furnished,Ground-Low (1-4),5,12.91027,77.65165,392.16
Mumbai,Powai-Andheri West,Premium,1,637,1,2,8,Unfurnished,Ground-Low (1-4),4,19.19724,72.86478,133.06
Delhi NCR,Noida Sector 150/62,Mid-Segment,4,2604,4,1,2,Unfurnished,Mid (5-12),10,28.58186,77.37076,262.12
Bengaluru,Yelahanka & North Blr,Mid-Segment,3,1843,3,2,8,Unfurnished,Ground-Low (1-4),2,13.09874,77.58062,133.93
Bengaluru,Whitefield (IT Hub),Premium,1,631,1,2,0,Fully-Furnished,Mid (5-12),3,12.99113,77.72914,69.37
Mumbai,South Mumbai (Colaba/Worli),Ultra Luxury,3,1802,4,0,2,Fully-Furnished,Mid (5-12),7,19.12293,72.83194,993.01
Chennai,Adyar & Boat Club Area,Ultra Luxury,2,1010,2,1,18,Semi-Furnished,Ground-Low (1-4),1,13.00964,80.25074,120.25
Pune,Hadapsar & Undri,Mid-Segment,2,900,2,2,2,Semi-Furnished,High (13+),2,18.472,73.94213,58.8
Bengaluru,HSR Layout & Sarjapur,Premium,2,1129,3,3,5,Unfurnished,High (13+),1,12.91021,77.6584,140.8
Hyderabad,Miyapur & Kukatpally,Mid-Segment,2,1153,3,2,5,Unfurnished,Ground-Low (1-4),8,17.49848,78.38042,76.64
Pune,Hadapsar & Undri,Mid-Segment,2,868,2,3,8,Semi-Furnished,High (13+),2,18.47484,73.9411,55.14
Pune,Baner & Balewadi,Premium,3,1650,4,2,2,Semi-Furnished,Ground-Low (1-4),4,18.55078,73.78044,196.7
Hyderabad,Tellapur & Nallagandla,Mid-Segment,4,2295,4,0,2,Unfurnished,Mid (5-12),6,17.46173,78.31696,205.46
Bengaluru,Electronic City,Mid-Segment,1,535,1,2,12,Fully-Furnished,High (13+),4,12.85027,77.66906,39.32
Hyderabad,Tellapur & Nallagandla,Mid-Segment,2,1241,2,2,0,Semi-Furnished,High (13+),6,17.45988,78.31854,113.96
Bengaluru,Electronic City,Mid-Segment,2,910,2,0,2,Semi-Furnished,High (13+),9,12.84174,77.67278,75.4
Bengaluru,Whitefield (IT Hub),Premium,2,1008,3,2,5,Unfurnished,High (13+),8,12.97247,77.72779,112.6
Pune,Hadapsar & Undri,Mid-Segment,1,617,1,2,8,Fully-Furnished,Mid (5-12),4,18.47268,73.92825,42.01
Bengaluru,Electronic City,Mid-Segment,1,638,1,1,12,Unfurnished,High (13+),5,12.85829,77.66749,42.58
Bengaluru,Indiranagar & Koramangala,Ultra Luxury,2,1139,3,2,0,Unfurnished,Mid (5-12),1,12.98366,77.6372,190.97
Delhi NCR,Golf Course Rd (Gurugram),Ultra Luxury,3,1646,3,1,0,Unfurnished,Mid (5-12),1,28.4499,77.09439,456.18
Bengaluru,Electronic City,Mid-Segment,3,1623,4,2,0,Semi-Furnished,Mid (5-12),10,12.84521,77.66642,125.08
Mumbai,Powai-Andheri West,Premium,4,2285,5,1,0,Unfurnished,High (13+),10,19.19859,72.86227,591.15
Hyderabad,Gachibowli & Financial District,Premium,3,1459,4,1,5,Semi-Furnished,Ground-Low (1-4),7,17.43661,78.35918,157.29
Delhi NCR,South Delhi (Vasant Vihar),Ultra Luxury,1,627,1,2,12,Semi-Furnished,Ground-Low (1-4),10,28.57387,77.16711,186.07
Hyderabad,Kondapur & HITECH City,Premium,1,578,1,2,5,Semi-Furnished,Mid (5-12),7,17.46097,78.38655,67.66
Chennai,Tambaram & Porur,Affordable,1,535,1,0,2,Semi-Furnished,Ground-Low (1-4),7,12.92905,80.15589,31.14
Mumbai,Bandra-Juhu Belt,Ultra Luxury,1,465,1,1,0,Unfurnished,Ground-Low (1-4),10,19.14641,72.82785,161.87
Bengaluru,Electronic City,Mid-Segment,3,1721,3,2,2,Semi-Furnished,Mid (5-12),10,12.85693,77.67645,147.48
Delhi NCR,Cyber City & Sector 54,Premium,3,1499,4,0,12,Unfurnished,High (13+),6,28.48255,77.11755,223.21
Mumbai,South Mumbai (Colaba/Worli),Ultra Luxury,3,1527,3,2,2,Unfurnished,High (13+),8,19.12509,72.824,641.52
Mumbai,Bandra-Juhu Belt,Ultra Luxury,4,2784,4,1,8,Semi-Furnished,High (13+),1,19.14959,72.83991,921.45
Chennai,Anna Nagar,Premium,1,603,1,2,0,Semi-Furnished,High (13+),5,13.08848,80.21408,89.53
Pune,Koregaon Park & Kalyani Nagar,Ultra Luxury,3,1759,3,1,0,Semi-Furnished,Ground-Low (1-4),2,18.53568,73.8921,286.39
Delhi NCR,Greater Noida West,Affordable,1,573,1,2,2,Unfurnished,Ground-Low (1-4),8,28.53459,77.45005,32.52
Delhi NCR,Greater Noida West,Affordable,2,1117,3,2,2,Semi-Furnished,Mid (5-12),8,28.54286,77.4652,77.4
Pune,Wakad & Hinjewadi,Mid-Segment,3,1693,4,1,2,Fully-Furnished,Mid (5-12),8,18.58529,73.75843,168.53
Bengaluru,Electronic City,Mid-Segment,2,1009,3,1,0,Unfurnished,Ground-Low (1-4),6,12.85384,77.66755,74.96
Delhi NCR,Cyber City & Sector 54,Premium,3,1810,3,2,2,Unfurnished,Mid (5-12),6,28.46569,77.11393,319.95
Chennai,Adyar & Boat Club Area,Ultra Luxury,3,1480,3,4,5,Unfurnished,High (13+),5,13.00024,80.25597,237.23
Pune,Baner & Balewadi,Premium,3,1457,3,1,5,Unfurnished,Mid (5-12),6,18.56744,73.7897,158.27
Chennai,Anna Nagar,Premium,2,1072,3,2,8,Semi-Furnished,Ground-Low (1-4),2,13.09893,80.2082,117.7
Delhi NCR,Noida Sector 150/62,Mid-Segment,3,1392,3,2,0,Fully-Furnished,High (13+),9,28.56445,77.37669,157.85
Delhi NCR,Noida Sector 150/62,Mid-Segment,2,1094,3,2,0,Semi-Furnished,Mid (5-12),9,28.57847,77.3794,115.07
Mumbai,Powai-Andheri West,Premium,1,600,1,2,0,Unfurnished,Ground-Low (1-4),7,19.18633,72.84871,135.8
Hyderabad,Gachibowli & Financial District,Premium,2,944,3,4,12,Semi-Furnished,Mid (5-12),5,17.43628,78.3578,97.93
Bengaluru,Electronic City,Mid-Segment,1,620,1,4,0,Unfurnished,Ground-Low (1-4),5,12.85356,77.68093,42.32
Bengaluru,Electronic City,Mid-Segment,5,4182,6,4,5,Semi-Furnished,High (13+),4,12.85647,77.67875,340.01
Chennai,OMR IT Corridor (Perungudi),Mid-Segment,3,1419,4,3,5,Unfurnished,High (13+),3,12.96073,80.28591,125.54
Delhi NCR,Cyber City & Sector 54,Premium,4,2460,5,2,2,Fully-Furnished,High (13+),4,28.47454,77.10527,482.74
Hyderabad,Miyapur & Kukatpally,Mid-Segment,3,1401,4,1,8,Semi-Furnished,Ground-Low (1-4),2,17.48738,78.37943,81.42
Bengaluru,Yelahanka & North Blr,Mid-Segment,4,2378,4,1,2,Unfurnished,Ground-Low (1-4),5,13.10349,77.58985,178.06
Chennai,Tambaram & Porur,Affordable,3,1772,4,1,12,Semi-Furnished,High (13+),1,12.932,80.1442,90.82
Bengaluru,Electronic City,Mid-Segment,2,1094,3,1,0,Semi-Furnished,High (13+),6,12.85253,77.68237,89.69
Delhi NCR,Greater Noida West,Affordable,3,1594,4,0,5,Unfurnished,Ground-Low (1-4),8,28.53672,77.46193,93.56
Delhi NCR,Noida Sector 150/62,Mid-Segment,1,597,1,2,8,Semi-Furnished,Ground-Low (1-4),8,28.58198,77.3812,52.03
Chennai,OMR IT Corridor (Perungudi),Mid-Segment,2,1110,2,2,8,Fully-Furnished,High (13+),4,12.9688,80.27861,103.58
Hyderabad,Jubilee Hills & Banjara Hills,Ultra Luxury,2,894,2,1,8,Unfurnished,Ground-Low (1-4),6,17.4311,78.42465,137.37
Mumbai,South Mumbai (Colaba/Worli),Ultra Luxury,1,457,1,2,8,Unfurnished,Ground-Low (1-4),6,19.12638,72.82902,185.08
Hyderabad,Miyapur & Kukatpally,Mid-Segment,3,1386,4,4,8,Unfurnished,Ground-Low (1-4),4,17.50321,78.39023,79.85
Delhi NCR,South Delhi (Vasant Vihar),Ultra Luxury,4,3014,4,2,2,Semi-Furnished,Mid (5-12),1,28.56822,77.15508,867.16
Delhi NCR,Cyber City & Sector 54,Premium,3,1430,3,4,8,Unfurnished,Ground-Low (1-4),1,28.46511,77.11756,185.24
Chennai,Adyar & Boat Club Area,Ultra Luxury,3,1371,4,2,5,Semi-Furnished,Mid (5-12),1,12.99486,80.24998,218.32
Mumbai,Bandra-Juhu Belt,Ultra Luxury,3,1807,4,2,0,Semi-Furnished,Ground-Low (1-4),9,19.15345,72.83333,729.2
Bengaluru,Electronic City,Mid-Segment,2,902,3,1,12,Semi-Furnished,Mid (5-12),4,12.84996,77.67248,66.1
Pune,Baner & Balewadi,Premium,4,3151,4,2,0,Semi-Furnished,Mid (5-12),7,18.55193,73.77853,397.96
Bengaluru,Electronic City,Mid-Segment,4,2713,5,3,0,Unfurnished,Mid (5-12),2,12.85029,77.67844,168.26
Pune,Koregaon Park & Kalyani Nagar,Ultra Luxury,3,1376,3,1,2,Semi-Furnished,High (13+),10,18.53069,73.90248,231.73
Bengaluru,Whitefield (IT Hub),Premium,2,1049,2,2,5,Fully-Furnished,High (13+),1,12.98194,77.73535,125.91
Mumbai,Bandra-Juhu Belt,Ultra Luxury,2,1070,3,2,8,Semi-Furnished,Mid (5-12),1,19.1646,72.84357,378.79
Hyderabad,Jubilee Hills & Banjara Hills,Ultra Luxury,5,3486,5,3,5,Unfurnished,Ground-Low (1-4),1,17.44369,78.42407,515.67
Hyderabad,Tellapur & Nallagandla,Mid-Segment,3,1567,4,1,5,Semi-Furnished,Ground-Low (1-4),3,17.45628,78.3173,129.69
Pune,Baner & Balewadi,Premium,1,573,1,3,0,Semi-Furnished,Ground-Low (1-4),5,18.56588,73.79076,68.27
Chennai,Anna Nagar,Premium,3,1917,3,3,12,Semi-Furnished,High (13+),6,13.09519,80.21036,215.43
Bengaluru,Whitefield (IT Hub),Premium,3,1564,4,2,0,Semi-Furnished,Mid (5-12),1,12.98056,77.742,166.19
Chennai,Velachery,Mid-Segment,1,555,1,2,5,Fully-Furnished,Mid (5-12),3,12.99038,80.23591,45.32
Chennai,Adyar & Boat Club Area,Ultra Luxury,2,1032,3,2,0,Fully-Furnished,High (13+),4,13.00278,80.24948,194.81
Hyderabad,Tellapur & Nallagandla,Mid-Segment,3,1936,3,0,18,Unfurnished,Ground-Low (1-4),9,17.45929,78.33301,132.79
Pune,Hadapsar & Undri,Mid-Segment,2,885,3,2,8,Semi-Furnished,Mid (5-12),1,18.48376,73.94043,53.63
Mumbai,South Mumbai (Colaba/Worli),Ultra Luxury,2,1219,3,2,0,Unfurnished,High (13+),1,19.13402,72.82187,535.06
Chennai,Tambaram & Porur,Affordable,3,1941,3,2,12,Semi-Furnished,Ground-Low (1-4),1,12.91889,80.15858,98.34
Chennai,Tambaram & Porur,Affordable,3,1834,4,2,5,Unfurnished,High (13+),3,12.9176,80.15785,99.51
Delhi NCR,Cyber City & Sector 54,Premium,2,927,2,4,18,Semi-Furnished,Ground-Low (1-4),10,28.46574,77.10279,150.77
Delhi NCR,Greater Noida West,Affordable,4,2130,5,1,18,Fully-Furnished,High (13+),9,28.53197,77.46795,114.35
Chennai,Velachery,Mid-Segment,2,1105,3,4,5,Semi-Furnished,Ground-Low (1-4),4,12.97476,80.22679,95.03
Delhi NCR,South Delhi (Vasant Vihar),Ultra Luxury,2,1109,2,2,0,Unfurnished,Ground-Low (1-4),6,28.56118,77.15472,338.59
Pune,Wakad & Hinjewadi,Mid-Segment,1,630,1,2,8,Semi-Furnished,Mid (5-12),10,18.58377,73.75105,49.34
Chennai,Velachery,Mid-Segment,2,898,3,2,12,Semi-Furnished,Ground-Low (1-4),4,12.98598,80.23347,59.75
Hyderabad,Tellapur & Nallagandla,Mid-Segment,3,1563,3,1,5,Unfurnished,Ground-Low (1-4),5,17.45919,78.32103,120.57
Delhi NCR,Noida Sector 150/62,Mid-Segment,3,1462,4,1,8,Unfurnished,Ground-Low (1-4),7,28.5758,77.38254,122.67
Delhi NCR,Noida Sector 150/62,Mid-Segment,1,528,1,2,0,Unfurnished,Ground-Low (1-4),2,28.58305,77.38018,41.17
Hyderabad,Miyapur & Kukatpally,Mid-Segment,2,1218,2,2,8,Fully-Furnished,Mid (5-12),7,17.48877,78.38318,90.87
Mumbai,South Mumbai (Colaba/Worli),Ultra Luxury,2,1049,3,2,2,Semi-Furnished,Mid (5-12),1,19.12119,72.82018,462.66
Hyderabad,Tellapur & Nallagandla,Mid-Segment,3,1456,4,1,8,Unfurnished,Mid (5-12),2,17.46281,78.3181,106.65
Delhi NCR,Cyber City & Sector 54,Premium,1,523,1,2,2,Unfurnished,Mid (5-12),1,28.47652,77.1052,87.24
Bengaluru,Yelahanka & North Blr,Mid-Segment,3,1756,4,1,2,Unfurnished,High (13+),7,13.09621,77.58921,152.02
Mumbai,Thane West,Mid-Segment,2,891,2,0,0,Semi-Furnished,Mid (5-12),2,19.27303,72.95797,137.83
Chennai,OMR IT Corridor (Perungudi),Mid-Segment,3,1719,3,3,8,Unfurnished,Ground-Low (1-4),1,12.97002,80.27836,128.61
Mumbai,Bandra-Juhu Belt,Ultra Luxury,4,2816,4,1,5,Semi-Furnished,Mid (5-12),7,19.14732,72.83532,1011.46
Mumbai,South Mumbai (Colaba/Worli),Ultra Luxury,4,2221,5,1,18,Unfurnished,Mid (5-12),9,19.12425,72.83181,754.39
Chennai,Tambaram & Porur,Affordable,4,2151,4,2,0,Semi-Furnished,Ground-Low (1-4),8,12.92766,80.1534,128.86
Delhi NCR,Golf Course Rd (Gurugram),Ultra Luxury,3,1538,3,1,5,Semi-Furnished,Mid (5-12),4,28.46107,77.09705,395.27
Bengaluru,HSR Layout & Sarjapur,Premium,3,1836,4,2,12,Semi-Furnished,Ground-Low (1-4),7,12.91881,77.6613,224.6
Chennai,Adyar & Boat Club Area,Ultra Luxury,2,1095,3,2,8,Unfurnished,High (13+),3,13.00596,80.25277,170.36
Bengaluru,Electronic City,Mid-Segment,2,1147,3,2,0,Unfurnished,Ground-Low (1-4),5,12.84372,77.68335,81.9
Chennai,Tambaram & Porur,Affordable,1,622,1,2,18,Unfurnished,Ground-Low (1-4),4,12.92985,80.14629,27.89
Hyderabad,Kondapur & HITECH City,Premium,2,993,3,2,2,Semi-Furnished,Mid (5-12),8,17.44942,78.39438,119.11
Bengaluru,Yelahanka & North Blr,Mid-Segment,3,1723,3,0,12,Fully-Furnished,Ground-Low (1-4),7,13.10737,77.58571,143.61
Chennai,Tambaram & Porur,Affordable,3,1781,3,3,5,Fully-Furnished,Mid (5-12),10,12.91536,80.14322,109.92
Pune,Wakad & Hinjewadi,Mid-Segment,2,1073,2,1,2,Semi-Furnished,Mid (5-12),4,18.594,73.7486,95.42
Delhi NCR,Greater Noida West,Affordable,3,1390,3,2,8,Fully-Furnished,Ground-Low (1-4),7,28.52695,77.4609,92.77
Delhi NCR,South Delhi (Vasant Vihar),Ultra Luxury,3,1417,3,2,2,Unfurnished,High (13+),3,28.56778,77.16718,442.16
Mumbai,Thane West,Mid-Segment,3,1936,3,3,8,Semi-Furnished,Mid (5-12),5,19.27325,72.94777,273.03
Hyderabad,Gachibowli & Financial District,Premium,4,2269,5,3,8,Unfurnished,High (13+),6,17.4516,78.35828,261.63
Bengaluru,Indiranagar & Koramangala,Ultra Luxury,1,592,1,3,5,Semi-Furnished,High (13+),3,12.98318,77.62812,109.1
Pune,Hadapsar & Undri,Mid-Segment,4,2631,4,2,12,Semi-Furnished,High (13+),3,18.47686,73.93142,177.23
Pune,Baner & Balewadi,Premium,2,1047,2,2,12,Fully-Furnished,Ground-Low (1-4),4,18.56431,73.79361,105.58
Hyderabad,Jubilee Hills & Banjara Hills,Ultra Luxury,2,998,3,1,18,Fully-Furnished,Ground-Low (1-4),6,17.43762,78.42304,156.28
Delhi NCR,Golf Course Rd (Gurugram),Ultra Luxury,3,1365,4,2,0,Semi-Furnished,Ground-Low (1-4),10,28.46252,77.1082,411.38
Chennai,Adyar & Boat Club Area,Ultra Luxury,2,876,3,3,2,Semi-Furnished,Ground-Low (1-4),4,13.01086,80.24567,150.13
Chennai,Adyar & Boat Club Area,Ultra Luxury,2,1244,3,2,18,Semi-Furnished,Mid (5-12),3,12.99633,80.25868,165.12
Pune,Hadapsar & Undri,Mid-Segment,3,1513,4,1,5,Semi-Furnished,Mid (5-12),2,18.48301,73.94375,103.37
Bengaluru,Indiranagar & Koramangala,Ultra Luxury,3,1858,3,0,2,Fully-Furnished,Ground-Low (1-4),6,12.97522,77.63033,358.99
Mumbai,Powai-Andheri West,Premium,4,2667,5,2,8,Unfurnished,Ground-Low (1-4),5,19.19555,72.86424,537.79
Delhi NCR,Noida Sector 150/62,Mid-Segment,4,2350,4,2,12,Unfurnished,High (13+),10,28.57693,77.3795,227.62
Pune,Wakad & Hinjewadi,Mid-Segment,2,1068,2,3,2,Unfurnished,Mid (5-12),10,18.5988,73.76299,98.44
Pune,Wakad & Hinjewadi,Mid-Segment,4,2563,5,0,8,Semi-Furnished,Ground-Low (1-4),2,18.59291,73.74716,179.5
Hyderabad,Kondapur & HITECH City,Premium,2,974,3,2,0,Unfurnished,Mid (5-12),6,17.46239,78.37929,115.16
Mumbai,Powai-Andheri West,Premium,1,557,1,0,0,Fully-Furnished,High (13+),10,19.18956,72.84992,152.1
Delhi NCR,South Delhi (Vasant Vihar),Ultra Luxury,4,2949,5,3,2,Fully-Furnished,High (13+),3,28.57145,77.15508,1001.27
Hyderabad,Kondapur & HITECH City,Premium,3,1793,3,3,12,Semi-Furnished,Mid (5-12),10,17.45127,78.3949,190.05
Delhi NCR,Noida Sector 150/62,Mid-Segment,3,1405,4,0,8,Semi-Furnished,Mid (5-12),3,28.56393,77.37639,130.5
Hyderabad,Tellapur & Nallagandla,Mid-Segment,3,1820,3,1,8,Unfurnished,Ground-Low (1-4),5,17.46396,78.32763,139.77
Hyderabad,Jubilee Hills & Banjara Hills,Ultra Luxury,4,2431,4,4,2,Unfurnished,Ground-Low (1-4),8,17.42511,78.42646,438.31
Bengaluru,Indiranagar & Koramangala,Ultra Luxury,2,1183,2,1,2,Unfurnished,Ground-Low (1-4),3,12.97372,77.62887,197.51
Mumbai,Bandra-Juhu Belt,Ultra Luxury,3,1761,3,2,0,Semi-Furnished,Mid (5-12),9,19.14867,72.82978,731.84
Mumbai,Powai-Andheri West,Premium,2,1197,3,4,18,Unfurnished,High (13+),2,19.2052,72.8647,234.65
Hyderabad,Kondapur & HITECH City,Premium,3,1421,3,2,25,Semi-Furnished,Mid (5-12),10,17.44602,78.39088,132.87
Mumbai,Navi Mumbai (Vashi/Kharghar),Mid-Segment,3,1690,3,4,0,Unfurnished,Mid (5-12),5,19.11049,73.026,196.85
Chennai,Anna Nagar,Premium,3,1555,3,1,0,Unfurnished,Mid (5-12),10,13.09336,80.20686,209.57
Bengaluru,Whitefield (IT Hub),Premium,2,1032,3,1,8,Semi-Furnished,Ground-Low (1-4),4,12.97788,77.72984,99.34
Chennai,Anna Nagar,Premium,3,1388,4,3,0,Unfurnished,Mid (5-12),5,13.08444,80.21059,175.81
Pune,Hadapsar & Undri,Mid-Segment,2,905,2,2,2,Semi-Furnished,Mid (5-12),1,18.47926,73.92829,59.36
Mumbai,Powai-Andheri West,Premium,3,1937,3,1,0,Semi-Furnished,Ground-Low (1-4),1,19.19406,72.86189,473.17
Chennai,Velachery,Mid-Segment,1,621,1,2,0,Unfurnished,High (13+),4,12.98769,80.22537,51.16
Pune,Hadapsar & Undri,Mid-Segment,2,1035,2,2,8,Fully-Furnished,High (13+),9,18.48861,73.93656,85.56
Bengaluru,Yelahanka & North Blr,Mid-Segment,3,1837,3,1,0,Unfurnished,High (13+),9,13.09838,77.58968,171.91
Pune,Baner & Balewadi,Premium,3,1581,4,2,2,Fully-Furnished,Ground-Low (1-4),4,18.55049,73.78655,199.61
Chennai,Tambaram & Porur,Affordable,5,3478,5,1,2,Unfurnished,High (13+),5,12.91822,80.16023,203.24
Delhi NCR,South Delhi (Vasant Vihar),Ultra Luxury,2,1201,3,2,8,Semi-Furnished,Mid (5-12),6,28.55749,77.16743,349.63
Delhi NCR,Golf Course Rd (Gurugram),Ultra Luxury,2,1153,3,1,2,Semi-Furnished,Ground-Low (1-4),3,28.45426,77.08992,316.36
Chennai,Velachery,Mid-Segment,2,1197,3,2,0,Fully-Furnished,Mid (5-12),8,12.98337,80.23341,117.01
Delhi NCR,Cyber City & Sector 54,Premium,2,1202,3,0,0,Unfurnished,Ground-Low (1-4),4,28.4703,77.11028,188.12
Pune,Kharadi & Viman Nagar,Premium,2,1000,3,3,8,Unfurnished,High (13+),3,18.55016,73.92565,97.88
Hyderabad,Kondapur & HITECH City,Premium,2,1134,3,1,0,Semi-Furnished,Ground-Low (1-4),1,17.46151,78.3872,123.92
Delhi NCR,Cyber City & Sector 54,Premium,3,1506,4,2,0,Unfurnished,Ground-Low (1-4),4,28.47877,77.10592,244.31
Chennai,Adyar & Boat Club Area,Ultra Luxury,4,3056,4,2,5,Semi-Furnished,Mid (5-12),2,13.00559,80.2462,479.61
Delhi NCR,Golf Course Rd (Gurugram),Ultra Luxury,2,1023,3,3,5,Unfurnished,High (13+),3,28.4636,77.10387,273.04
Mumbai,Navi Mumbai (Vashi/Kharghar),Mid-Segment,3,1762,4,0,8,Semi-Furnished,Ground-Low (1-4),8,19.11576,73.03341,191.68
Hyderabad,Miyapur & Kukatpally,Mid-Segment,2,1137,3,3,12,Unfurnished,Ground-Low (1-4),9,17.49164,78.394,70.02
Mumbai,Bandra-Juhu Belt,Ultra Luxury,2,1158,3,1,0,Fully-Furnished,Ground-Low (1-4),3,19.16218,72.8318,406.25
Delhi NCR,Cyber City & Sector 54,Premium,2,1070,3,2,2,Fully-Furnished,Mid (5-12),6,28.48356,77.11601,199.83
Chennai,OMR IT Corridor (Perungudi),Mid-Segment,3,1884,4,1,5,Fully-Furnished,Mid (5-12),8,12.95756,80.28303,165.29
Bengaluru,Yelahanka & North Blr,Mid-Segment,2,1243,2,0,5,Unfurnished,Ground-Low (1-4),2,13.09371,77.59319,89.9
Mumbai,Bandra-Juhu Belt,Ultra Luxury,2,972,2,2,0,Semi-Furnished,Ground-Low (1-4),4,19.14963,72.84306,366.58
Mumbai,Navi Mumbai (Vashi/Kharghar),Mid-Segment,2,1185,2,1,5,Unfurnished,Mid (5-12),1,19.10633,73.02526,131.01
Mumbai,South Mumbai (Colaba/Worli),Ultra Luxury,2,1095,3,1,5,Semi-Furnished,Mid (5-12),4,19.13067,72.82137,447.3
Bengaluru,HSR Layout & Sarjapur,Premium,2,985,3,3,2,Semi-Furnished,Ground-Low (1-4),6,12.906,77.66071,125.06
Pune,Koregaon Park & Kalyani Nagar,Ultra Luxury,2,1197,3,1,8,Unfurnished,Ground-Low (1-4),2,18.5402,73.8926,155.89
Mumbai,Powai-Andheri West,Premium,2,964,3,2,0,Fully-Furnished,Ground-Low (1-4),9,19.20445,72.85906,246.89
Chennai,Adyar & Boat Club Area,Ultra Luxury,2,905,3,2,8,Semi-Furnished,Mid (5-12),5,13.00126,80.24891,138.21
Bengaluru,Whitefield (IT Hub),Premium,2,1129,3,3,8,Unfurnished,Ground-Low (1-4),3,12.97248,77.73474,113.12
Chennai,Tambaram & Porur,Affordable,1,505,1,2,8,Unfurnished,Mid (5-12),6,12.9274,80.14424,26.92
Delhi NCR,Cyber City & Sector 54,Premium,2,1096,3,2,5,Semi-Furnished,Ground-Low (1-4),5,28.4652,77.10379,176.54
Hyderabad,Tellapur & Nallagandla,Mid-Segment,5,4440,5,2,0,Semi-Furnished,Mid (5-12),8,17.46139,78.3333,464.32
Chennai,OMR IT Corridor (Perungudi),Mid-Segment,2,863,3,2,0,Semi-Furnished,Ground-Low (1-4),7,12.95345,80.27521,73.02
Hyderabad,Gachibowli & Financial District,Premium,1,546,1,2,12,Unfurnished,Ground-Low (1-4),9,17.45175,78.37666,59.74
Bengaluru,Electronic City,Mid-Segment,3,1446,3,1,2,Semi-Furnished,Ground-Low (1-4),2,12.84503,77.68152,100.95
Chennai,OMR IT Corridor (Perungudi),Mid-Segment,2,1190,3,3,2,Fully-Furnished,Mid (5-12),7,12.96233,80.28557,117.23
Pune,Koregaon Park & Kalyani Nagar,Ultra Luxury,3,1897,4,3,5,Unfurnished,Mid (5-12),10,18.53632,73.90344,283.78
Pune,Kharadi & Viman Nagar,Premium,4,2630,5,2,0,Unfurnished,Mid (5-12),2,18.54644,73.93126,267.23
Delhi NCR,South Delhi (Vasant Vihar),Ultra Luxury,2,928,2,4,0,Semi-Furnished,High (13+),8,28.5585,77.16573,347.51
Mumbai,South Mumbai (Colaba/Worli),Ultra Luxury,4,3031,5,2,5,Semi-Furnished,High (13+),1,19.12526,72.83705,1295.03
Delhi NCR,Golf Course Rd (Gurugram),Ultra Luxury,4,2923,5,2,0,Unfurnished,Ground-Low (1-4),8,28.4443,77.10015,793.38
Mumbai,Bandra-Juhu Belt,Ultra Luxury,2,967,2,2,2,Unfurnished,Ground-Low (1-4),4,19.16454,72.82972,317.56
Pune,Wakad & Hinjewadi,Mid-Segment,2,995,2,2,5,Fully-Furnished,Mid (5-12),6,18.58715,73.75465,85.48
Mumbai,Thane West,Mid-Segment,3,1570,3,1,0,Semi-Furnished,Ground-Low (1-4),3,19.27747,72.95813,233.62
Bengaluru,Yelahanka & North Blr,Mid-Segment,4,2965,4,0,2,Fully-Furnished,Ground-Low (1-4),1,13.09301,77.58799,236.46
Chennai,Tambaram & Porur,Affordable,2,985,3,2,8,Fully-Furnished,Mid (5-12),10,12.93211,80.1528,64.94
Chennai,OMR IT Corridor (Perungudi),Mid-Segment,3,1431,4,1,2,Semi-Furnished,Ground-Low (1-4),1,12.9644,80.2746,109.22
Bengaluru,Yelahanka & North Blr,Mid-Segment,2,976,3,2,8,Unfurnished,High (13+),5,13.10419,77.58927,81.06
Chennai,Adyar & Boat Club Area,Ultra Luxury,4,2735,4,3,5,Unfurnished,Mid (5-12),8,13.00913,80.25504,474.13
Pune,Kharadi & Viman Nagar,Premium,3,1389,4,1,0,Fully-Furnished,Mid (5-12),2,18.54889,73.93332,148.14
Mumbai,Thane West,Mid-Segment,2,1206,3,2,8,Semi-Furnished,Mid (5-12),10,19.27243,72.95847,194.76
Mumbai,Thane West,Mid-Segment,3,1938,3,1,2,Semi-Furnished,Mid (5-12),10,19.27976,72.95536,292.17
Hyderabad,Gachibowli & Financial District,Premium,1,519,1,2,12,Semi-Furnished,Mid (5-12),2,17.43885,78.37493,56.03
Pune,Hadapsar & Undri,Mid-Segment,1,583,1,1,5,Unfurnished,Ground-Low (1-4),1,18.48946,73.94074,32.22
Mumbai,Navi Mumbai (Vashi/Kharghar),Mid-Segment,3,1854,3,2,2,Fully-Furnished,Ground-Low (1-4),3,19.11567,73.03386,231.65
Chennai,Velachery,Mid-Segment,1,498,1,3,0,Semi-Furnished,Ground-Low (1-4),3,12.98536,80.22535,39.57
Bengaluru,Electronic City,Mid-Segment,1,573,1,2,8,Semi-Furnished,Ground-Low (1-4),3,12.85687,77.66991,35.97
Chennai,OMR IT Corridor (Perungudi),Mid-Segment,2,1035,3,2,12,Fully-Furnished,Mid (5-12),4,12.97032,80.27725,81.34
Mumbai,Powai-Andheri West,Premium,2,1226,3,4,8,Unfurnished,High (13+),5,19.18932,72.85543,267.94
Mumbai,Bandra-Juhu Belt,Ultra Luxury,1,576,1,1,2,Semi-Furnished,Mid (5-12),6,19.16112,72.83967,226.01
Pune,Baner & Balewadi,Premium,2,1138,2,3,8,Unfurnished,High (13+),1,18.55678,73.79635,110.97
Chennai,Adyar & Boat Club Area,Ultra Luxury,2,949,2,2,8,Semi-Furnished,Ground-Low (1-4),10,12.99662,80.25852,159.89
Pune,Hadapsar & Undri,Mid-Segment,2,1090,2,0,18,Unfurnished,Ground-Low (1-4),8,18.48213,73.92766,63.32
Chennai,Velachery,Mid-Segment,3,1622,3,4,8,Fully-Furnished,Ground-Low (1-4),5,12.98185,80.23769,120.11
Delhi NCR,South Delhi (Vasant Vihar),Ultra Luxury,2,928,2,4,12,Semi-Furnished,Ground-Low (1-4),3,28.56253,77.15743,231.61
Chennai,Velachery,Mid-Segment,3,1822,4,2,12,Semi-Furnished,Mid (5-12),10,12.98855,80.23902,152.08
Hyderabad,Jubilee Hills & Banjara Hills,Ultra Luxury,3,1746,4,3,2,Semi-Furnished,Mid (5-12),10,17.43105,78.43357,346.16
Mumbai,Powai-Andheri West,Premium,3,1501,4,3,2,Semi-Furnished,Mid (5-12),2,19.20174,72.85991,351.64
Bengaluru,Indiranagar & Koramangala,Ultra Luxury,1,623,1,2,12,Semi-Furnished,High (13+),10,12.98376,77.63147,121.94
Pune,Wakad & Hinjewadi,Mid-Segment,3,1921,4,2,2,Semi-Furnished,Mid (5-12),6,18.59196,73.75162,168.52
Pune,Baner & Balewadi,Premium,2,1206,3,1,5,Semi-Furnished,Ground-Low (1-4),3,18.56203,73.78062,132.17
Mumbai,South Mumbai (Colaba/Worli),Ultra Luxury,1,531,1,2,2,Unfurnished,High (13+),2,19.12589,72.83702,236.62
Delhi NCR,Greater Noida West,Affordable,2,1162,2,2,5,Unfurnished,Mid (5-12),5,28.53416,77.45575,64.44
Bengaluru,Yelahanka & North Blr,Mid-Segment,2,1087,2,1,5,Unfurnished,Ground-Low (1-4),6,13.10919,77.57503,78.88
Bengaluru,Indiranagar & Koramangala,Ultra Luxury,3,1522,4,2,0,Unfurnished,Ground-Low (1-4),2,12.97559,77.62534,240.29
Hyderabad,Kondapur & HITECH City,Premium,2,1222,2,2,5,Unfurnished,Ground-Low (1-4),10,17.45977,78.39191,134.13
Delhi NCR,Golf Course Rd (Gurugram),Ultra Luxury,3,1655,4,4,12,Fully-Furnished,Mid (5-12),6,28.44525,77.09721,434.44
Mumbai,Thane West,Mid-Segment,4,2960,4,3,0,Semi-Furnished,Mid (5-12),4,19.27706,72.95963,412.02
Pune,Baner & Balewadi,Premium,2,1097,2,3,12,Semi-Furnished,Mid (5-12),7,18.562,73.79607,108.9
Chennai,Adyar & Boat Club Area,Ultra Luxury,3,1418,4,3,8,Unfurnished,High (13+),2,13.00728,80.24564,238.66
Pune,Koregaon Park & Kalyani Nagar,Ultra Luxury,2,1162,3,2,2,Unfurnished,Mid (5-12),1,18.53396,73.89827,178.51
Chennai,Anna Nagar,Premium,2,1099,3,2,2,Semi-Furnished,Ground-Low (1-4),7,13.10209,80.20828,129.33
Hyderabad,Miyapur & Kukatpally,Mid-Segment,1,557,1,1,2,Fully-Furnished,High (13+),3,17.50079,78.39639,42.63
Pune,Baner & Balewadi,Premium,3,1886,4,3,25,Semi-Furnished,Mid (5-12),3,18.5512,73.78611,168.06
Pune,Kharadi & Viman Nagar,Premium,2,1115,3,0,2,Semi-Furnished,High (13+),6,18.55281,73.92784,118.33
Chennai,Velachery,Mid-Segment,2,1108,3,2,12,Semi-Furnished,High (13+),2,12.9899,80.2247,90.69
Pune,Koregaon Park & Kalyani Nagar,Ultra Luxury,1,541,1,1,5,Semi-Furnished,Mid (5-12),9,18.55016,73.89783,97.7
Mumbai,Navi Mumbai (Vashi/Kharghar),Mid-Segment,2,908,2,2,5,Unfurnished,Ground-Low (1-4),7,19.11362,73.0326,109.31
Mumbai,Thane West,Mid-Segment,2,1210,3,2,5,Semi-Furnished,Mid (5-12),10,19.28073,72.96343,194.77
Mumbai,Navi Mumbai (Vashi/Kharghar),Mid-Segment,2,1104,3,2,12,Unfurnished,Ground-Low (1-4),6,19.09982,73.02595,108.58
Bengaluru,Indiranagar & Koramangala,Ultra Luxury,1,569,1,2,0,Semi-Furnished,Mid (5-12),7,12.98437,77.64037,110.61
Pune,Baner & Balewadi,Premium,3,1524,3,1,5,Unfurnished,Mid (5-12),1,18.56501,73.78355,153.48
Hyderabad,Miyapur & Kukatpally,Mid-Segment,3,1422,4,0,0,Fully-Furnished,Ground-Low (1-4),9,17.49691,78.39565,109.3
Chennai,OMR IT Corridor (Perungudi),Mid-Segment,1,569,1,0,8,Semi-Furnished,Ground-Low (1-4),2,12.95996,80.28491,51.55
Hyderabad,Kondapur & HITECH City,Premium,2,1222,3,2,0,Semi-Furnished,High (13+),9,17.45117,78.39596,180.03
Mumbai,Powai-Andheri West,Premium,2,1249,2,3,2,Semi-Furnished,Mid (5-12),2,19.19316,72.86055,280.94
Mumbai,Navi Mumbai (Vashi/Kharghar),Mid-Segment,2,951,3,1,18,Fully-Furnished,High (13+),10,19.11455,73.01786,116.95
Pune,Wakad & Hinjewadi,Mid-Segment,1,534,1,2,2,Unfurnished,Ground-Low (1-4),9,18.58332,73.76458,47.16
Bengaluru,HSR Layout & Sarjapur,Premium,2,1244,2,2,0,Semi-Furnished,Mid (5-12),4,12.9039,77.66234,167.78
Pune,Baner & Balewadi,Premium,5,3722,5,1,2,Semi-Furnished,Mid (5-12),5,18.5698,73.77747,418.73
Chennai,Velachery,Mid-Segment,2,1021,3,2,18,Semi-Furnished,High (13+),7,12.98499,80.24018,69.96
Delhi NCR,Golf Course Rd (Gurugram),Ultra Luxury,2,994,3,1,5,Semi-Furnished,Mid (5-12),1,28.45151,77.10388,248.79
Bengaluru,HSR Layout & Sarjapur,Premium,2,905,2,1,2,Unfurnished,Ground-Low (1-4),8,12.91692,77.64647,115.42
Mumbai,Thane West,Mid-Segment,3,1610,3,2,18,Semi-Furnished,Mid (5-12),5,19.27531,72.96261,203.05
Mumbai,South Mumbai (Colaba/Worli),Ultra Luxury,3,1837,4,0,5,Semi-Furnished,Ground-Low (1-4),4,19.12556,72.81785,742.69
Mumbai,Powai-Andheri West,Premium,3,1788,3,2,5,Fully-Furnished,Ground-Low (1-4),10,19.19497,72.86591,495.23
Mumbai,Bandra-Juhu Belt,Ultra Luxury,2,1051,2,2,0,Semi-Furnished,Mid (5-12),7,19.16504,72.83026,420.11
Mumbai,Navi Mumbai (Vashi/Kharghar),Mid-Segment,1,506,1,3,8,Fully-Furnished,Ground-Low (1-4),6,19.11008,73.02618,56.18
Pune,Wakad & Hinjewadi,Mid-Segment,3,1672,3,3,0,Unfurnished,Ground-Low (1-4),7,18.5889,73.75465,138.14
Chennai,Adyar & Boat Club Area,Ultra Luxury,2,1064,2,2,0,Semi-Furnished,Ground-Low (1-4),6,12.99958,80.25064,176.75
Mumbai,Thane West,Mid-Segment,2,1201,3,0,2,Semi-Furnished,Ground-Low (1-4),8,19.27166,72.95465,187.85
Chennai,OMR IT Corridor (Perungudi),Mid-Segment,3,1539,4,0,5,Unfurnished,Ground-Low (1-4),10,12.96037,80.28057,119.77
Chennai,Velachery,Mid-Segment,2,992,2,3,25,Semi-Furnished,Mid (5-12),4,12.98524,80.22235,60.37
Chennai,Adyar & Boat Club Area,Ultra Luxury,2,1162,2,2,2,Semi-Furnished,High (13+),8,13.00162,80.24883,224.36
Chennai,Anna Nagar,Premium,3,1909,4,2,2,Semi-Furnished,Mid (5-12),10,13.09246,80.21754,263.46
Pune,Kharadi & Viman Nagar,Premium,2,1123,2,0,5,Unfurnished,Mid (5-12),4,18.543,73.93246,104.26
Chennai,Velachery,Mid-Segment,2,1006,3,1,5,Semi-Furnished,Mid (5-12),3,12.98361,80.23267,77.83
Mumbai,Thane West,Mid-Segment,2,1244,2,3,18,Unfurnished,Mid (5-12),1,19.2706,72.94975,146.53
Mumbai,Thane West,Mid-Segment,2,1164,2,1,0,Fully-Furnished,Mid (5-12),3,19.27014,72.9518,199.43
Bengaluru,Whitefield (IT Hub),Premium,2,899,3,2,8,Unfurnished,Mid (5-12),7,12.98132,77.74132,90.69
Delhi NCR,Golf Course Rd (Gurugram),Ultra Luxury,2,1171,3,1,5,Semi-Furnished,Ground-Low (1-4),4,28.44465,77.09396,284.43
Bengaluru,Whitefield (IT Hub),Premium,2,1133,2,2,8,Unfurnished,High (13+),5,12.97703,77.7361,109.75
Chennai,OMR IT Corridor (Perungudi),Mid-Segment,3,1595,3,2,0,Unfurnished,Mid (5-12),5,12.95336,80.27642,135.39
Pune,Wakad & Hinjewadi,Mid-Segment,3,1610,4,1,5,Unfurnished,High (13+),5,18.58523,73.74785,139.13
Mumbai,South Mumbai (Colaba/Worli),Ultra Luxury,2,1107,3,3,12,Unfurnished,Ground-Low (1-4),1,19.12618,72.81962,355.3
Pune,Koregaon Park & Kalyani Nagar,Ultra Luxury,3,1834,4,2,2,Fully-Furnished,Ground-Low (1-4),4,18.53108,73.89595,327.94
Pune,Baner & Balewadi,Premium,2,975,2,2,12,Semi-Furnished,High (13+),9,18.56497,73.78847,112.34
Mumbai,Bandra-Juhu Belt,Ultra Luxury,1,459,1,4,8,Fully-Furnished,High (13+),2,19.16373,72.84608,155.37
Hyderabad,Gachibowli & Financial District,Premium,3,1385,3,2,5,Semi-Furnished,Mid (5-12),2,17.45311,78.36879,165.14
Bengaluru,Whitefield (IT Hub),Premium,3,1786,3,0,2,Unfurnished,Ground-Low (1-4),2,12.98442,77.73827,155.06
Mumbai,South Mumbai (Colaba/Worli),Ultra Luxury,2,1151,3,2,0,Semi-Furnished,Mid (5-12),3,19.12991,72.82582,484.82
Mumbai,Powai-Andheri West,Premium,5,4085,5,1,5,Semi-Furnished,High (13+),8,19.20053,72.85159,985.6
Bengaluru,Indiranagar & Koramangala,Ultra Luxury,4,3185,5,0,5,Fully-Furnished,Mid (5-12),7,12.99123,77.62847,637.91
Bengaluru,Indiranagar & Koramangala,Ultra Luxury,1,496,1,2,2,Fully-Furnished,Mid (5-12),9,12.98154,77.64189,102.96
Bengaluru,Yelahanka & North Blr,Mid-Segment,2,1232,3,2,2,Semi-Furnished,Mid (5-12),2,13.11008,77.58842,100.59
Bengaluru,Whitefield (IT Hub),Premium,2,1224,3,2,2,Semi-Furnished,Ground-Low (1-4),3,12.98505,77.72886,116.86
Mumbai,Navi Mumbai (Vashi/Kharghar),Mid-Segment,5,3775,5,2,8,Fully-Furnished,High (13+),4,19.09917,73.02331,488.65
Chennai,Velachery,Mid-Segment,2,1191,3,0,0,Fully-Furnished,High (13+),8,12.98132,80.23271,118.45
Pune,Baner & Balewadi,Premium,2,990,2,1,2,Unfurnished,Ground-Low (1-4),9,18.55422,73.79043,111.37
Mumbai,South Mumbai (Colaba/Worli),Ultra Luxury,2,1190,2,1,18,Fully-Furnished,Mid (5-12),6,19.12246,72.83225,456.7
Mumbai,South Mumbai (Colaba/Worli),Ultra Luxury,1,609,1,1,0,Unfurnished,Ground-Low (1-4),5,19.1189,72.8178,261.31
Chennai,Anna Nagar,Premium,3,1476,4,1,0,Fully-Furnished,Mid (5-12),2,13.0939,80.21274,195.93
Bengaluru,Yelahanka & North Blr,Mid-Segment,3,1518,4,1,0,Semi-Furnished,Ground-Low (1-4),6,13.09672,77.57596,132.53
Pune,Wakad & Hinjewadi,Mid-Segment,2,881,2,1,0,Fully-Furnished,Ground-Low (1-4),6,18.59753,73.75068,83.29
Bengaluru,Whitefield (IT Hub),Premium,3,1599,3,2,5,Semi-Furnished,Mid (5-12),3,12.98772,77.73333,167.05
Delhi NCR,Cyber City & Sector 54,Premium,2,1244,3,2,2,Semi-Furnished,Ground-Low (1-4),9,28.467,77.11149,218.86
Hyderabad,Jubilee Hills & Banjara Hills,Ultra Luxury,2,1240,3,2,5,Semi-Furnished,Mid (5-12),5,17.43615,78.41808,223.56
Mumbai,South Mumbai (Colaba/Worli),Ultra Luxury,2,1117,2,1,2,Fully-Furnished,Ground-Low (1-4),7,19.12238,72.8281,513.98
Pune,Hadapsar & Undri,Mid-Segment,2,1219,2,2,2,Semi-Furnished,Mid (5-12),5,18.4794,73.93864,87.27
Delhi NCR,Noida Sector 150/62,Mid-Segment,2,850,2,1,8,Fully-Furnished,Mid (5-12),5,28.57485,77.373,79.53
Mumbai,Thane West,Mid-Segment,2,889,2,3,0,Fully-Furnished,Mid (5-12),8,19.27433,72.95849,169.2
Pune,Koregaon Park & Kalyani Nagar,Ultra Luxury,3,1599,3,3,0,Unfurnished,Ground-Low (1-4),5,18.53761,73.90079,263.89
Delhi NCR,Greater Noida West,Affordable,2,929,2,3,2,Semi-Furnished,Mid (5-12),1,28.53014,77.46449,49.68
Pune,Baner & Balewadi,Premium,2,1172,2,2,8,Unfurnished,Ground-Low (1-4),8,18.56898,73.78271,118.3
Pune,Wakad & Hinjewadi,Mid-Segment,2,991,2,4,2,Unfurnished,Mid (5-12),9,18.59466,73.75766,83.5
Mumbai,South Mumbai (Colaba/Worli),Ultra Luxury,3,1888,4,1,2,Unfurnished,Mid (5-12),6,19.12495,72.8327,813.7
Pune,Baner & Balewadi,Premium,2,917,3,1,0,Semi-Furnished,Ground-Low (1-4),3,18.56457,73.79595,106.54
Pune,Koregaon Park & Kalyani Nagar,Ultra Luxury,4,2132,4,1,8,Unfurnished,Mid (5-12),9,18.5321,73.89219,324.16
Bengaluru,Electronic City,Mid-Segment,3,1369,3,4,2,Unfurnished,Ground-Low (1-4),6,12.85828,77.67462,92.19
Delhi NCR,Noida Sector 150/62,Mid-Segment,2,1178,3,4,0,Unfurnished,High (13+),8,28.58011,77.37225,100.86
Pune,Wakad & Hinjewadi,Mid-Segment,3,1857,4,2,5,Semi-Furnished,Mid (5-12),10,18.58985,73.75049,154.57
Chennai,Tambaram & Porur,Affordable,2,1183,3,2,25,Unfurnished,Ground-Low (1-4),5,12.92578,80.15627,43.91
Bengaluru,Electronic City,Mid-Segment,2,963,2,2,12,Semi-Furnished,High (13+),6,12.85381,77.68087,64.02
Chennai,Adyar & Boat Club Area,Ultra Luxury,4,2639,5,0,8,Unfurnished,Ground-Low (1-4),8,13.01259,80.24557,423.79
Chennai,OMR IT Corridor (Perungudi),Mid-Segment,1,478,1,2,25,Unfurnished,Mid (5-12),4,12.95847,80.27523,29.43
Delhi NCR,Golf Course Rd (Gurugram),Ultra Luxury,2,905,3,1,5,Semi-Furnished,Ground-Low (1-4),3,28.45242,77.10582,227.36
Pune,Koregaon Park & Kalyani Nagar,Ultra Luxury,2,1163,3,3,2,Semi-Furnished,High (13+),4,18.5397,73.90294,196.75
Chennai,Tambaram & Porur,Affordable,2,1084,2,2,0,Unfurnished,Mid (5-12),6,12.92288,80.15766,65.11
Delhi NCR,Cyber City & Sector 54,Premium,2,1065,2,3,0,Semi-Furnished,Ground-Low (1-4),4,28.47281,77.11042,187.27
Bengaluru,Whitefield (IT Hub),Premium,4,2702,5,2,12,Unfurnished,Ground-Low (1-4),5,12.97197,77.72621,214.16
Hyderabad,Tellapur & Nallagandla,Mid-Segment,1,471,1,2,18,Unfurnished,Ground-Low (1-4),10,17.47349,78.31732,35.37
Bengaluru,Indiranagar & Koramangala,Ultra Luxury,3,1902,3,2,12,Semi-Furnished,Ground-Low (1-4),5,12.97161,77.63745,291.14
Delhi NCR,Cyber City & Sector 54,Premium,2,915,2,2,8,Unfurnished,High (13+),10,28.47933,77.11837,157.34
Pune,Koregaon Park & Kalyani Nagar,Ultra Luxury,3,1891,4,2,0,Semi-Furnished,Mid (5-12),5,18.54834,73.88921,327.45
Hyderabad,Jubilee Hills & Banjara Hills,Ultra Luxury,2,1123,2,0,5,Semi-Furnished,Ground-Low (1-4),5,17.4349,78.42352,178.08
Chennai,Tambaram & Porur,Affordable,3,1622,3,2,0,Semi-Furnished,High (13+),4,12.91517,80.15581,104.94
Hyderabad,Tellapur & Nallagandla,Mid-Segment,2,1121,3,3,2,Semi-Furnished,Ground-Low (1-4),6,17.4728,78.33167,91.22
Bengaluru,Indiranagar & Koramangala,Ultra Luxury,2,1130,3,2,2,Unfurnished,High (13+),2,12.98255,77.63272,198.57
Hyderabad,Kondapur & HITECH City,Premium,3,1675,3,2,8,Unfurnished,Ground-Low (1-4),9,17.4574,78.39249,177.11
Chennai,Velachery,Mid-Segment,5,3653,5,2,25,Unfurnished,High (13+),7,12.97664,80.24016,239.86
Chennai,Tambaram & Porur,Affordable,3,1739,3,2,2,Fully-Furnished,Ground-Low (1-4),4,12.91884,80.14263,109.82
Hyderabad,Kondapur & HITECH City,Premium,5,3511,6,2,0,Semi-Furnished,High (13+),3,17.45919,78.38564,438.79
Delhi NCR,Golf Course Rd (Gurugram),Ultra Luxury,1,642,1,1,2,Fully-Furnished,Mid (5-12),2,28.45464,77.0933,180.91
Pune,Hadapsar & Undri,Mid-Segment,3,1690,4,2,5,Unfurnished,High (13+),2,18.48657,73.94189,101.73
Hyderabad,Tellapur & Nallagandla,Mid-Segment,3,1738,4,2,2,Unfurnished,Mid (5-12),4,17.47246,78.32652,129.65
Pune,Hadapsar & Undri,Mid-Segment,2,1149,3,2,0,Fully-Furnished,Ground-Low (1-4),10,18.49031,73.9391,85.24
Pune,Koregaon Park & Kalyani Nagar,Ultra Luxury,3,1880,4,3,5,Unfurnished,High (13+),7,18.54418,73.88818,308.19
Hyderabad,Gachibowli & Financial District,Premium,3,1478,4,3,18,Unfurnished,Mid (5-12),10,17.44596,78.37054,155.83
Delhi NCR,South Delhi (Vasant Vihar),Ultra Luxury,3,1660,4,0,18,Semi-Furnished,Mid (5-12),10,28.55531,77.16706,456.25
Chennai,Anna Nagar,Premium,3,1828,3,2,5,Semi-Furnished,Mid (5-12),4,13.08364,80.202,234.9
Chennai,OMR IT Corridor (Perungudi),Mid-Segment,2,1203,3,1,0,Semi-Furnished,Mid (5-12),2,12.96557,80.27267,100.67
Bengaluru,Indiranagar & Koramangala,Ultra Luxury,3,1476,3,1,0,Semi-Furnished,Ground-Low (1-4),9,12.98668,77.63911,292.65
Pune,Hadapsar & Undri,Mid-Segment,1,636,1,1,2,Fully-Furnished,High (13+),3,18.48598,73.93647,49.32
Bengaluru,HSR Layout & Sarjapur,Premium,3,1880,4,2,0,Unfurnished,Mid (5-12),3,12.91634,77.64753,244.2
Hyderabad,Gachibowli & Financial District,Premium,1,575,1,0,2,Semi-Furnished,Mid (5-12),10,17.43697,78.37424,75.1
Hyderabad,Jubilee Hills & Banjara Hills,Ultra Luxury,4,3130,4,3,18,Semi-Furnished,High (13+),1,17.43943,78.42684,423.6
Delhi NCR,Cyber City & Sector 54,Premium,2,994,2,4,5,Fully-Furnished,High (13+),4,28.47443,77.11614,204.03
Mumbai,Thane West,Mid-Segment,5,3662,6,2,2,Semi-Furnished,Ground-Low (1-4),2,19.28027,72.95799,546.53
Chennai,OMR IT Corridor (Perungudi),Mid-Segment,2,948,2,2,12,Semi-Furnished,Ground-Low (1-4),4,12.95568,80.27543,74.53
Mumbai,Navi Mumbai (Vashi/Kharghar),Mid-Segment,2,917,2,1,0,Semi-Furnished,High (13+),3,19.11236,73.02558,130.66
Pune,Wakad & Hinjewadi,Mid-Segment,5,3827,5,0,0,Unfurnished,Ground-Low (1-4),5,18.58564,73.75346,336.03
Bengaluru,Indiranagar & Koramangala,Ultra Luxury,1,645,1,3,8,Fully-Furnished,Ground-Low (1-4),8,12.98577,77.63069,122.01
Hyderabad,Gachibowli & Financial District,Premium,2,1021,2,2,12,Semi-Furnished,High (13+),5,17.44021,78.35902,112.9
Bengaluru,Electronic City,Mid-Segment,3,1848,3,3,12,Unfurnished,Mid (5-12),9,12.85977,77.66501,121.92
Chennai,Tambaram & Porur,Affordable,3,1924,4,2,5,Unfurnished,Ground-Low (1-4),7,12.92806,80.15785,110.61
Mumbai,Navi Mumbai (Vashi/Kharghar),Mid-Segment,2,1059,2,3,12,Semi-Furnished,Mid (5-12),6,19.10683,73.02681,110.91
Chennai,Velachery,Mid-Segment,2,1229,3,2,0,Semi-Furnished,Mid (5-12),5,12.97954,80.22766,105.52
Mumbai,South Mumbai (Colaba/Worli),Ultra Luxury,3,1613,4,4,2,Semi-Furnished,Ground-Low (1-4),5,19.13033,72.83283,645.41
Delhi NCR,Greater Noida West,Affordable,3,1380,3,1,0,Unfurnished,Mid (5-12),4,28.536,77.44955,87.14
Bengaluru,Indiranagar & Koramangala,Ultra Luxury,3,1371,3,1,12,Semi-Furnished,Mid (5-12),8,12.97891,77.64042,251.23
Pune,Hadapsar & Undri,Mid-Segment,2,1011,2,2,0,Unfurnished,High (13+),5,18.48715,73.93062,71.35
Mumbai,South Mumbai (Colaba/Worli),Ultra Luxury,3,1483,3,2,2,Semi-Furnished,High (13+),1,19.1307,72.83629,599.35
Chennai,OMR IT Corridor (Perungudi),Mid-Segment,3,1854,3,1,12,Fully-Furnished,Ground-Low (1-4),1,12.97104,80.29037,147.36
Pune,Koregaon Park & Kalyani Nagar,Ultra Luxury,2,916,3,2,18,Fully-Furnished,Ground-Low (1-4),5,18.53253,73.89297,126.39
Mumbai,Powai-Andheri West,Premium,2,1165,2,1,2,Semi-Furnished,Mid (5-12),7,19.19735,72.8633,297.95
Delhi NCR,Golf Course Rd (Gurugram),Ultra Luxury,2,976,2,1,12,Semi-Furnished,Ground-Low (1-4),7,28.46123,77.08974,247.58
Bengaluru,Whitefield (IT Hub),Premium,3,1792,4,2,8,Semi-Furnished,Mid (5-12),1,12.98853,77.7299,166.29
Pune,Hadapsar & Undri,Mid-Segment,2,877,3,2,5,Unfurnished,High (13+),9,18.48336,73.93779,67.42
Pune,Koregaon Park & Kalyani Nagar,Ultra Luxury,1,614,1,0,5,Semi-Furnished,Mid (5-12),3,18.53575,73.90443,102.93
Delhi NCR,Cyber City & Sector 54,Premium,4,2152,5,1,0,Semi-Furnished,High (13+),2,28.48027,77.10611,389.47
Pune,Hadapsar & Undri,Mid-Segment,3,1759,3,2,5,Semi-Furnished,Mid (5-12),10,18.48176,73.92697,127.28
Pune,Wakad & Hinjewadi,Mid-Segment,2,1181,3,2,2,Unfurnished,Ground-Low (1-4),3,18.58615,73.75455,92.52
Mumbai,Navi Mumbai (Vashi/Kharghar),Mid-Segment,4,3067,5,2,0,Semi-Furnished,Mid (5-12),4,19.10183,73.03413,411.5
Hyderabad,Tellapur & Nallagandla,Mid-Segment,3,1361,4,2,0,Unfurnished,Ground-Low (1-4),9,17.46594,78.31927,111.78
Bengaluru,Whitefield (IT Hub),Premium,2,1108,2,2,0,Unfurnished,Mid (5-12),2,12.98865,77.74278,100.86
Mumbai,Bandra-Juhu Belt,Ultra Luxury,1,605,1,3,0,Fully-Furnished,High (13+),1,19.15057,72.83432,260.11
Chennai,Tambaram & Porur,Affordable,3,1779,4,2,18,Unfurnished,Mid (5-12),7,12.92044,80.15604,85.27
Pune,Koregaon Park & Kalyani Nagar,Ultra Luxury,2,1235,3,2,0,Semi-Furnished,Mid (5-12),3,18.53406,73.9018,220.15
Delhi NCR,Cyber City & Sector 54,Premium,4,2701,4,1,18,Fully-Furnished,Mid (5-12),1,28.47282,77.11729,395.25
Delhi NCR,South Delhi (Vasant Vihar),Ultra Luxury,1,609,1,0,8,Fully-Furnished,Mid (5-12),4,28.56831,77.16738,199.32
Pune,Wakad & Hinjewadi,Mid-Segment,3,1709,4,1,12,Unfurnished,Ground-Low (1-4),9,18.59838,73.75016,130.28
Mumbai,Bandra-Juhu Belt,Ultra Luxury,2,1009,3,2,5,Unfurnished,Ground-Low (1-4),3,19.1484,72.84427,350.47
Hyderabad,Kondapur & HITECH City,Premium,3,1842,3,4,12,Semi-Furnished,High (13+),6,17.45757,78.39434,203.62
Delhi NCR,Noida Sector 150/62,Mid-Segment,2,1024,3,1,2,Unfurnished,Mid (5-12),6,28.57981,77.38526,91.24
Chennai,OMR IT Corridor (Perungudi),Mid-Segment,2,919,2,2,8,Unfurnished,Ground-Low (1-4),5,12.95492,80.27579,71.22
Delhi NCR,Cyber City & Sector 54,Premium,2,894,3,2,0,Semi-Furnished,Mid (5-12),2,28.46869,77.10866,161.3
Mumbai,Thane West,Mid-Segment,2,1235,3,1,0,Semi-Furnished,Mid (5-12),1,19.2691,72.95218,201.6
Pune,Baner & Balewadi,Premium,2,947,2,1,0,Unfurnished,Ground-Low (1-4),8,18.55476,73.7901,114.35
Chennai,Tambaram & Porur,Affordable,3,1712,4,2,18,Unfurnished,High (13+),6,12.93135,80.15345,80.42
Bengaluru,Electronic City,Mid-Segment,2,937,3,2,0,Semi-Furnished,Mid (5-12),1,12.84169,77.66951,79.25
Delhi NCR,Golf Course Rd (Gurugram),Ultra Luxury,2,1181,2,3,0,Semi-Furnished,Mid (5-12),1,28.45154,77.10833,315.39
Delhi NCR,Noida Sector 150/62,Mid-Segment,1,581,1,0,5,Semi-Furnished,Ground-Low (1-4),7,28.58227,77.36969,51.98
Bengaluru,Whitefield (IT Hub),Premium,3,1645,4,2,2,Unfurnished,High (13+),4,12.98526,77.73359,177.66
Pune,Baner & Balewadi,Premium,2,1004,2,2,12,Semi-Furnished,High (13+),1,18.55374,73.7801,96.64
Bengaluru,Indiranagar & Koramangala,Ultra Luxury,2,1115,2,1,5,Unfurnished,Ground-Low (1-4),3,12.98231,77.63289,186.4
Hyderabad,Tellapur & Nallagandla,Mid-Segment,1,457,1,1,0,Semi-Furnished,Ground-Low (1-4),9,17.47317,78.32713,40.33
Chennai,Adyar & Boat Club Area,Ultra Luxury,3,1716,3,1,12,Semi-Furnished,Ground-Low (1-4),3,13.00596,80.25528,236.25
Pune,Kharadi & Viman Nagar,Premium,4,2137,5,2,5,Semi-Furnished,Ground-Low (1-4),9,18.56015,73.9235,225.96
Pune,Koregaon Park & Kalyani Nagar,Ultra Luxury,3,1384,3,2,2,Unfurnished,Mid (5-12),9,18.54523,73.89749,234.84
Delhi NCR,Golf Course Rd (Gurugram),Ultra Luxury,3,1740,3,2,8,Semi-Furnished,High (13+),4,28.46063,77.09723,479.52
Chennai,Adyar & Boat Club Area,Ultra Luxury,3,1776,3,2,0,Semi-Furnished,Mid (5-12),5,13.00603,80.25022,324.25
Delhi NCR,Noida Sector 150/62,Mid-Segment,2,1202,3,0,8,Fully-Furnished,Ground-Low (1-4),9,28.56707,77.38878,114.29
Mumbai,South Mumbai (Colaba/Worli),Ultra Luxury,2,1049,2,2,5,Unfurnished,Ground-Low (1-4),10,19.12391,72.8224,400.16
Delhi NCR,Greater Noida West,Affordable,3,1711,3,1,18,Semi-Furnished,Mid (5-12),1,28.52545,77.45241,80.24
Bengaluru,Whitefield (IT Hub),Premium,2,885,2,1,8,Fully-Furnished,Ground-Low (1-4),6,12.98634,77.73118,89.73
Pune,Hadapsar & Undri,Mid-Segment,4,2546,5,3,12,Unfurnished,Mid (5-12),7,18.4832,73.9289,146.36
Pune,Baner & Balewadi,Premium,3,1414,3,2,0,Semi-Furnished,Ground-Low (1-4),7,18.55722,73.78842,161.06
Pune,Hadapsar & Undri,Mid-Segment,4,2778,4,2,5,Fully-Furnished,Ground-Low (1-4),7,18.47549,73.93007,214.12
Delhi NCR,Greater Noida West,Affordable,2,1027,3,0,8,Unfurnished,Mid (5-12),9,28.53859,77.46545,52.96
Pune,Hadapsar & Undri,Mid-Segment,2,865,2,1,12,Semi-Furnished,Mid (5-12),7,18.47162,73.94389,57.39
Chennai,Adyar & Boat Club Area,Ultra Luxury,2,1040,3,3,12,Semi-Furnished,Mid (5-12),5,13.01216,80.25622,162.02
Pune,Kharadi & Viman Nagar,Premium,3,1775,3,1,12,Semi-Furnished,Mid (5-12),4,18.5571,73.92046,163.05
Mumbai,South Mumbai (Colaba/Worli),Ultra Luxury,3,1784,4,2,2,Fully-Furnished,Ground-Low (1-4),9,19.13414,72.83258,918.76
Pune,Baner & Balewadi,Premium,3,1926,3,1,5,Unfurnished,High (13+),7,18.56029,73.78252,219.4
Bengaluru,Whitefield (IT Hub),Premium,4,2141,4,1,0,Unfurnished,Ground-Low (1-4),7,12.9915,77.73977,234.69
Bengaluru,HSR Layout & Sarjapur,Premium,2,1159,2,2,2,Fully-Furnished,Ground-Low (1-4),10,12.90895,77.65531,176.84
Pune,Kharadi & Viman Nagar,Premium,2,1086,3,3,5,Semi-Furnished,Mid (5-12),7,18.54829,73.92405,119.33
Hyderabad,Jubilee Hills & Banjara Hills,Ultra Luxury,5,3908,6,0,2,Semi-Furnished,Ground-Low (1-4),7,17.43108,78.42714,731.81
Mumbai,Powai-Andheri West,Premium,2,970,3,2,2,Unfurnished,Mid (5-12),10,19.19182,72.85173,244.38
Delhi NCR,Greater Noida West,Affordable,2,930,2,2,0,Semi-Furnished,Mid (5-12),3,28.52954,77.45484,57.63
Mumbai,Thane West,Mid-Segment,2,1033,2,3,5,Semi-Furnished,Mid (5-12),1,19.28282,72.96111,143.47
Bengaluru,Yelahanka & North Blr,Mid-Segment,4,2409,4,1,0,Unfurnished,Mid (5-12),5,13.10014,77.58406,173.78
Bengaluru,Indiranagar & Koramangala,Ultra Luxury,3,1768,3,4,12,Semi-Furnished,Mid (5-12),7,12.97341,77.635,314.83
Delhi NCR,Golf Course Rd (Gurugram),Ultra Luxury,1,632,1,2,12,Semi-Furnished,Mid (5-12),3,28.4479,77.10021,150.35
Bengaluru,Indiranagar & Koramangala,Ultra Luxury,3,1418,4,4,2,Unfurnished,Mid (5-12),3,12.99039,77.6361,246.36
Bengaluru,Whitefield (IT Hub),Premium,4,2518,4,0,2,Semi-Furnished,Mid (5-12),3,12.97793,77.72721,296.24
Mumbai,South Mumbai (Colaba/Worli),Ultra Luxury,2,1180,3,0,0,Semi-Furnished,Ground-Low (1-4),8,19.13047,72.82677,535.72
Bengaluru,Yelahanka & North Blr,Mid-Segment,2,1152,2,2,5,Semi-Furnished,Ground-Low (1-4),4,13.09715,77.57724,84.61
Mumbai,Navi Mumbai (Vashi/Kharghar),Mid-Segment,4,2852,5,1,18,Semi-Furnished,Mid (5-12),1,19.10086,73.02457,281.37
Pune,Kharadi & Viman Nagar,Premium,2,1056,2,2,8,Unfurnished,Ground-Low (1-4),3,18.542,73.93193,79.42
Bengaluru,Indiranagar & Koramangala,Ultra Luxury,2,1234,2,2,0,Fully-Furnished,Mid (5-12),3,12.98241,77.63025,273.53
Delhi NCR,South Delhi (Vasant Vihar),Ultra Luxury,4,3010,5,2,5,Unfurnished,Mid (5-12),10,28.56093,77.15786,853.7
Mumbai,South Mumbai (Colaba/Worli),Ultra Luxury,2,1172,2,2,5,Unfurnished,Ground-Low (1-4),6,19.11777,72.82915,463.2
Pune,Kharadi & Viman Nagar,Premium,3,1910,4,0,12,Semi-Furnished,High (13+),1,18.54221,73.92111,177.19
Delhi NCR,Cyber City & Sector 54,Premium,2,989,2,1,0,Fully-Furnished,Ground-Low (1-4),6,28.47402,77.11119,191.71
Pune,Wakad & Hinjewadi,Mid-Segment,3,1679,4,1,0,Unfurnished,Mid (5-12),3,18.5907,73.76262,133.93
Delhi NCR,Noida Sector 150/62,Mid-Segment,3,1887,4,2,5,Unfurnished,Mid (5-12),4,28.58281,77.37748,161.91
Bengaluru,Whitefield (IT Hub),Premium,2,912,2,0,12,Semi-Furnished,Mid (5-12),3,12.97314,77.73902,83.11
Bengaluru,HSR Layout & Sarjapur,Premium,4,2367,4,1,5,Unfurnished,Mid (5-12),2,12.90232,77.6572,284.47
Mumbai,South Mumbai (Colaba/Worli),Ultra Luxury,2,1248,2,2,2,Unfurnished,Ground-Low (1-4),5,19.13345,72.82316,535.33
Bengaluru,Whitefield (IT Hub),Premium,2,1088,3,0,18,Semi-Furnished,Ground-Low (1-4),6,12.97736,77.7409,91.47
Delhi NCR,Golf Course Rd (Gurugram),Ultra Luxury,2,977,2,3,0,Unfurnished,High (13+),1,28.456,77.09346,271.04
Bengaluru,Yelahanka & North Blr,Mid-Segment,2,943,2,3,0,Semi-Furnished,Ground-Low (1-4),8,13.09722,77.58405,77.07
Hyderabad,Gachibowli & Financial District,Premium,2,1219,2,2,8,Unfurnished,Mid (5-12),8,17.44285,78.36458,132.26
Chennai,Velachery,Mid-Segment,4,3181,4,4,2,Unfurnished,Ground-Low (1-4),8,12.98744,80.23053,260.61
Chennai,OMR IT Corridor (Perungudi),Mid-Segment,3,1810,3,2,0,Semi-Furnished,Mid (5-12),10,12.96577,80.2828,183.26
Hyderabad,Jubilee Hills & Banjara Hills,Ultra Luxury,3,1434,4,1,2,Unfurnished,Ground-Low (1-4),8,17.42861,78.42957,260.95
Bengaluru,Yelahanka & North Blr,Mid-Segment,2,1031,3,1,18,Semi-Furnished,Mid (5-12),2,13.09809,77.57563,66.1
Hyderabad,Gachibowli & Financial District,Premium,2,865,3,1,5,Fully-Furnished,Mid (5-12),2,17.44112,78.37633,113.91
Bengaluru,Whitefield (IT Hub),Premium,5,4623,6,2,0,Semi-Furnished,Ground-Low (1-4),4,12.97743,77.74181,480.19
Mumbai,Powai-Andheri West,Premium,2,898,3,2,5,Fully-Furnished,Ground-Low (1-4),9,19.18806,72.85726,227.98
Chennai,Anna Nagar,Premium,2,1097,2,2,8,Semi-Furnished,Mid (5-12),10,13.09279,80.21028,129.71
Mumbai,Bandra-Juhu Belt,Ultra Luxury,2,988,2,1,12,Semi-Furnished,Ground-Low (1-4),3,19.15509,72.84323,294.91
Pune,Kharadi & Viman Nagar,Premium,3,1635,3,4,5,Semi-Furnished,Mid (5-12),6,18.54927,73.91794,171.53
Chennai,Anna Nagar,Premium,4,2393,5,2,2,Semi-Furnished,Ground-Low (1-4),5,13.08765,80.20893,314.53
Pune,Wakad & Hinjewadi,Mid-Segment,1,515,1,2,0,Unfurnished,High (13+),7,18.59933,73.75668,49.97
Delhi NCR,Golf Course Rd (Gurugram),Ultra Luxury,3,1803,4,3,0,Fully-Furnished,Mid (5-12),1,28.46353,77.10644,486.38
Delhi NCR,Noida Sector 150/62,Mid-Segment,5,3324,6,1,25,Semi-Furnished,Mid (5-12),8,28.57392,77.38407,246.7
Delhi NCR,South Delhi (Vasant Vihar),Ultra Luxury,3,1885,3,3,2,Semi-Furnished,Mid (5-12),9,28.55635,77.16892,651.95
Mumbai,Powai-Andheri West,Premium,3,1420,4,0,8,Semi-Furnished,High (13+),10,19.20556,72.85035,369.71
Chennai,Tambaram & Porur,Affordable,2,953,3,3,18,Semi-Furnished,Mid (5-12),7,12.91619,80.14942,46.62
Chennai,Tambaram & Porur,Affordable,3,1358,3,2,0,Unfurnished,High (13+),6,12.91892,80.15834,80.92
Mumbai,Bandra-Juhu Belt,Ultra Luxury,3,1354,3,1,0,Unfurnished,Mid (5-12),6,19.14892,72.83706,498.31
Bengaluru,HSR Layout & Sarjapur,Premium,2,1195,3,2,5,Fully-Furnished,High (13+),10,12.91308,77.65061,187.22
Delhi NCR,Noida Sector 150/62,Mid-Segment,1,514,1,2,5,Unfurnished,Mid (5-12),8,28.57101,77.37179,44.91
Pune,Hadapsar & Undri,Mid-Segment,3,1903,3,4,18,Semi-Furnished,Mid (5-12),10,18.47729,73.92956,106.11
Mumbai,Thane West,Mid-Segment,1,551,1,1,5,Semi-Furnished,Mid (5-12),5,19.27657,72.96388,76.32
Bengaluru,Yelahanka & North Blr,Mid-Segment,3,1827,3,2,5,Semi-Furnished,Ground-Low (1-4),9,13.09367,77.59119,144.57
Pune,Koregaon Park & Kalyani Nagar,Ultra Luxury,4,3105,5,2,12,Semi-Furnished,High (13+),9,18.54526,73.90538,503.38
Mumbai,South Mumbai (Colaba/Worli),Ultra Luxury,1,488,1,2,2,Fully-Furnished,Mid (5-12),10,19.12721,72.82653,260.81
Delhi NCR,Noida Sector 150/62,Mid-Segment,1,531,1,2,5,Unfurnished,Ground-Low (1-4),5,28.56586,77.38861,44.22
Mumbai,Powai-Andheri West,Premium,2,1114,2,2,2,Unfurnished,Mid (5-12),5,19.20139,72.84965,273.4
Delhi NCR,South Delhi (Vasant Vihar),Ultra Luxury,2,1020,3,3,2,Semi-Furnished,Mid (5-12),7,28.55795,77.16415,354.01
Chennai,Adyar & Boat Club Area,Ultra Luxury,2,876,2,1,0,Unfurnished,Mid (5-12),10,13.0035,80.24843,148.81
Bengaluru,Whitefield (IT Hub),Premium,4,2350,4,2,0,Semi-Furnished,Ground-Low (1-4),1,12.98642,77.72967,233.32
Hyderabad,Tellapur & Nallagandla,Mid-Segment,2,881,3,1,5,Semi-Furnished,Ground-Low (1-4),4,17.46499,78.3338,75.51
Bengaluru,Yelahanka & North Blr,Mid-Segment,3,1822,4,2,0,Fully-Furnished,High (13+),3,13.10294,77.59148,165.37
Pune,Hadapsar & Undri,Mid-Segment,2,995,2,0,0,Unfurnished,Ground-Low (1-4),2,18.47276,73.94637,59.4
Bengaluru,Electronic City,Mid-Segment,3,1887,4,1,0,Fully-Furnished,Mid (5-12),2,12.84549,77.68033,158.6
Chennai,OMR IT Corridor (Perungudi),Mid-Segment,3,1587,3,2,5,Semi-Furnished,Mid (5-12),9,12.95567,80.2856,144.91
Delhi NCR,South Delhi (Vasant Vihar),Ultra Luxury,2,850,3,2,2,Unfurnished,High (13+),8,28.56828,77.16471,279.91
Pune,Wakad & Hinjewadi,Mid-Segment,3,1633,3,2,12,Unfurnished,Mid (5-12),6,18.59562,73.76509,110.92
Mumbai,Thane West,Mid-Segment,2,939,2,1,2,Semi-Furnished,Mid (5-12),4,19.27035,72.95116,140.97
Pune,Koregaon Park & Kalyani Nagar,Ultra Luxury,1,464,1,4,12,Unfurnished,Mid (5-12),7,18.54983,73.90089,71.0
Hyderabad,Tellapur & Nallagandla,Mid-Segment,2,1008,2,4,0,Semi-Furnished,Ground-Low (1-4),1,17.45981,78.32933,81.26
Chennai,Anna Nagar,Premium,2,917,3,3,8,Semi-Furnished,Ground-Low (1-4),4,13.09738,80.21258,112.18
Chennai,OMR IT Corridor (Perungudi),Mid-Segment,1,552,1,1,8,Semi-Furnished,Mid (5-12),3,12.96643,80.28734,45.92
Bengaluru,HSR Layout & Sarjapur,Premium,2,1152,2,1,0,Fully-Furnished,High (13+),8,12.91311,77.64539,172.16
Hyderabad,Gachibowli & Financial District,Premium,2,1017,3,0,5,Semi-Furnished,High (13+),9,17.44801,78.37243,136.5
Hyderabad,Gachibowli & Financial District,Premium,1,627,1,2,2,Semi-Furnished,Ground-Low (1-4),6,17.43788,78.37668,73.21
Mumbai,Thane West,Mid-Segment,2,861,3,1,0,Unfurnished,Mid (5-12),6,19.27547,72.94805,145.76
Bengaluru,Electronic City,Mid-Segment,3,1668,3,1,12,Semi-Furnished,Mid (5-12),9,12.85673,77.67686,124.04
Bengaluru,Electronic City,Mid-Segment,5,4391,5,0,2,Unfurnished,Mid (5-12),8,12.84334,77.67695,339.57
Chennai,Adyar & Boat Club Area,Ultra Luxury,3,1811,4,2,5,Semi-Furnished,Mid (5-12),3,13.00439,80.24484,292.36
Hyderabad,Jubilee Hills & Banjara Hills,Ultra Luxury,3,1562,3,2,8,Unfurnished,High (13+),2,17.4324,78.42825,262.46
Mumbai,Thane West,Mid-Segment,2,1089,2,4,8,Semi-Furnished,Ground-Low (1-4),8,19.28172,72.95546,154.23
Chennai,Tambaram & Porur,Affordable,2,1182,3,1,0,Unfurnished,Ground-Low (1-4),4,12.93223,80.15107,69.8
Delhi NCR,Greater Noida West,Affordable,1,589,1,4,12,Semi-Furnished,Mid (5-12),4,28.53425,77.44902,32.99
Pune,Baner & Balewadi,Premium,1,469,1,1,5,Semi-Furnished,Ground-Low (1-4),5,18.56738,73.78835,50.65
Chennai,Tambaram & Porur,Affordable,2,879,3,2,5,Fully-Furnished,High (13+),10,12.91576,80.15696,65.46
Mumbai,Navi Mumbai (Vashi/Kharghar),Mid-Segment,2,914,2,0,0,Fully-Furnished,Mid (5-12),1,19.09817,73.03294,118.6
Hyderabad,Kondapur & HITECH City,Premium,2,954,2,1,2,Unfurnished,High (13+),1,17.46454,78.38739,94.29
Delhi NCR,Cyber City & Sector 54,Premium,3,1628,4,3,12,Semi-Furnished,Mid (5-12),10,28.47945,77.10241,277.97
Pune,Koregaon Park & Kalyani Nagar,Ultra Luxury,2,1003,3,2,12,Unfurnished,Ground-Low (1-4),2,18.54299,73.90366,134.87
Hyderabad,Gachibowli & Financial District,Premium,1,596,1,1,25,Semi-Furnished,Mid (5-12),2,17.43883,78.36268,54.18
Mumbai,Bandra-Juhu Belt,Ultra Luxury,5,4526,5,2,0,Semi-Furnished,Ground-Low (1-4),6,19.14784,72.82913,1596.83
Chennai,OMR IT Corridor (Perungudi),Mid-Segment,3,1935,3,3,5,Semi-Furnished,Mid (5-12),6,12.96846,80.27685,167.01
Mumbai,Powai-Andheri West,Premium,5,4667,5,1,0,Fully-Furnished,Ground-Low (1-4),6,19.1915,72.86605,1246.43
Hyderabad,Kondapur & HITECH City,Premium,3,1562,3,1,8,Unfurnished,High (13+),9,17.46433,78.37809,168.01
Hyderabad,Gachibowli & Financial District,Premium,3,1352,4,4,2,Unfurnished,Mid (5-12),1,17.44543,78.36917,147.92
Pune,Wakad & Hinjewadi,Mid-Segment,2,1136,3,1,0,Semi-Furnished,Mid (5-12),9,18.59154,73.74763,108.11
Mumbai,South Mumbai (Colaba/Worli),Ultra Luxury,2,871,3,2,5,Semi-Furnished,High (13+),7,19.13574,72.83424,406.41
Bengaluru,Electronic City,Mid-Segment,3,1789,3,2,2,Unfurnished,Mid (5-12),9,12.84809,77.67473,133.31
Mumbai,Thane West,Mid-Segment,2,990,2,3,18,Semi-Furnished,Ground-Low (1-4),8,19.28491,72.95156,134.02
Delhi NCR,Cyber City & Sector 54,Premium,3,1375,4,2,5,Semi-Furnished,High (13+),10,28.47449,77.11394,265.01
Bengaluru,Yelahanka & North Blr,Mid-Segment,2,864,2,3,12,Semi-Furnished,Ground-Low (1-4),7,13.10397,77.58556,57.78
Delhi NCR,South Delhi (Vasant Vihar),Ultra Luxury,5,4537,5,1,2,Semi-Furnished,Mid (5-12),1,28.55883,77.1649,1345.38
Hyderabad,Kondapur & HITECH City,Premium,1,593,1,2,25,Unfurnished,Ground-Low (1-4),5,17.44621,78.39601,44.2
Hyderabad,Gachibowli & Financial District,Premium,3,1813,3,1,2,Semi-Furnished,Mid (5-12),10,17.44548,78.36206,225.86
Chennai,OMR IT Corridor (Perungudi),Mid-Segment,2,1041,3,0,0,Semi-Furnished,Ground-Low (1-4),1,12.97092,80.27158,89.44
Chennai,Velachery,Mid-Segment,4,2297,4,2,0,Unfurnished,Mid (5-12),9,12.9727,80.22575,193.06
Delhi NCR,South Delhi (Vasant Vihar),Ultra Luxury,2,1194,3,1,2,Semi-Furnished,Ground-Low (1-4),4,28.57337,77.16493,353.31
Mumbai,South Mumbai (Colaba/Worli),Ultra Luxury,2,864,2,2,25,Unfurnished,Ground-Low (1-4),10,19.13565,72.82035,282.92
Hyderabad,Jubilee Hills & Banjara Hills,Ultra Luxury,2,1194,2,3,2,Fully-Furnished,High (13+),8,17.44375,78.41863,248.41
Pune,Hadapsar & Undri,Mid-Segment,2,911,3,1,8,Fully-Furnished,Mid (5-12),3,18.47719,73.92755,65.08
Pune,Wakad & Hinjewadi,Mid-Segment,2,1178,2,2,18,Unfurnished,Ground-Low (1-4),2,18.59557,73.76168,65.0
Bengaluru,Electronic City,Mid-Segment,2,1043,3,2,2,Fully-Furnished,Ground-Low (1-4),9,12.85826,77.67933,92.92
Chennai,Adyar & Boat Club Area,Ultra Luxury,1,512,1,2,12,Unfurnished,Ground-Low (1-4),1,12.99275,80.25678,68.52
Pune,Wakad & Hinjewadi,Mid-Segment,2,859,3,4,0,Unfurnished,High (13+),1,18.59666,73.75691,69.54
Delhi NCR,Cyber City & Sector 54,Premium,3,1683,4,1,2,Semi-Furnished,Ground-Low (1-4),2,28.47995,77.10687,272.11
Bengaluru,HSR Layout & Sarjapur,Premium,1,466,1,3,8,Semi-Furnished,Ground-Low (1-4),6,12.91913,77.66126,54.55
Hyderabad,Gachibowli & Financial District,Premium,3,1471,4,1,25,Semi-Furnished,High (13+),7,17.45208,78.35733,153.88
Mumbai,Navi Mumbai (Vashi/Kharghar),Mid-Segment,2,1136,3,3,0,Semi-Furnished,Mid (5-12),5,19.11295,73.02509,161.59
Chennai,OMR IT Corridor (Perungudi),Mid-Segment,1,451,1,3,12,Unfurnished,Mid (5-12),6,12.9646,80.28235,37.3
Bengaluru,Whitefield (IT Hub),Premium,2,947,2,2,2,Semi-Furnished,Ground-Low (1-4),10,12.98386,77.74235,111.75
Delhi NCR,Greater Noida West,Affordable,3,1613,3,2,2,Unfurnished,Ground-Low (1-4),3,28.53015,77.45167,82.44
Mumbai,Navi Mumbai (Vashi/Kharghar),Mid-Segment,1,550,1,0,18,Unfurnished,Mid (5-12),3,19.10406,73.03761,51.43
Pune,Kharadi & Viman Nagar,Premium,1,645,1,2,5,Semi-Furnished,Mid (5-12),3,18.54862,73.93649,71.46
Bengaluru,Indiranagar & Koramangala,Ultra Luxury,2,1163,2,1,0,Semi-Furnished,Mid (5-12),4,12.98648,77.62825,195.79
Pune,Kharadi & Viman Nagar,Premium,3,1396,3,3,2,Unfurnished,Ground-Low (1-4),4,18.54197,73.92197,128.94
Pune,Hadapsar & Undri,Mid-Segment,2,1207,2,3,5,Semi-Furnished,Mid (5-12),2,18.47178,73.93631,85.27
Bengaluru,Indiranagar & Koramangala,Ultra Luxury,1,551,1,2,0,Semi-Furnished,Mid (5-12),3,12.98721,77.6349,108.24
Hyderabad,Gachibowli & Financial District,Premium,3,1752,3,0,2,Unfurnished,Mid (5-12),7,17.44595,78.37228,218.39
Pune,Wakad & Hinjewadi,Mid-Segment,1,469,1,2,0,Semi-Furnished,Mid (5-12),7,18.59843,73.76651,41.65
Hyderabad,Kondapur & HITECH City,Premium,4,3063,5,2,0,Semi-Furnished,High (13+),2,17.45424,78.38612,332.59
Mumbai,Bandra-Juhu Belt,Ultra Luxury,4,3024,4,0,5,Semi-Furnished,Mid (5-12),1,19.14682,72.84429,961.23
Bengaluru,HSR Layout & Sarjapur,Premium,2,1031,3,2,12,Semi-Furnished,Mid (5-12),1,12.92047,77.65748,119.83
Pune,Kharadi & Viman Nagar,Premium,3,1833,3,1,8,Unfurnished,High (13+),10,18.54834,73.91943,197.87
Pune,Wakad & Hinjewadi,Mid-Segment,2,993,3,1,0,Fully-Furnished,High (13+),4,18.58339,73.7554,102.08
Delhi NCR,Greater Noida West,Affordable,3,1609,3,2,8,Fully-Furnished,Ground-Low (1-4),10,28.53637,77.45378,97.99
Pune,Baner & Balewadi,Premium,2,934,3,3,5,Fully-Furnished,High (13+),10,18.561,73.77955,131.88
Hyderabad,Kondapur & HITECH City,Premium,3,1408,3,2,5,Semi-Furnished,Ground-Low (1-4),10,17.45737,78.37777,172.95
Mumbai,Powai-Andheri West,Premium,4,2993,4,0,5,Semi-Furnished,Mid (5-12),9,19.19949,72.8525,796.1
Bengaluru,Whitefield (IT Hub),Premium,3,1639,4,2,25,Semi-Furnished,Mid (5-12),6,12.98955,77.73674,140.31
Hyderabad,Kondapur & HITECH City,Premium,3,1767,4,2,5,Semi-Furnished,Mid (5-12),9,17.45042,78.38074,208.09
Bengaluru,Yelahanka & North Blr,Mid-Segment,3,1726,3,2,5,Unfurnished,High (13+),7,13.10984,77.59176,140.24
Mumbai,Bandra-Juhu Belt,Ultra Luxury,1,598,1,2,25,Semi-Furnished,Mid (5-12),6,19.15841,72.83876,164.83
Delhi NCR,South Delhi (Vasant Vihar),Ultra Luxury,4,2581,4,2,12,Fully-Furnished,High (13+),5,28.57305,77.1533,800.6
Delhi NCR,Golf Course Rd (Gurugram),Ultra Luxury,2,924,2,2,0,Semi-Furnished,Mid (5-12),8,28.45632,77.09778,250.06
Hyderabad,Jubilee Hills & Banjara Hills,Ultra Luxury,2,1003,3,1,5,Fully-Furnished,High (13+),1,17.43642,78.43283,184.84
Pune,Wakad & Hinjewadi,Mid-Segment,2,978,3,1,0,Unfurnished,Ground-Low (1-4),8,18.58113,73.75083,83.04
Hyderabad,Kondapur & HITECH City,Premium,3,1724,4,2,2,Unfurnished,Mid (5-12),10,17.44881,78.37984,190.88
Chennai,Anna Nagar,Premium,4,2675,5,2,2,Unfurnished,Mid (5-12),1,13.09438,80.20194,284.03
Bengaluru,Yelahanka & North Blr,Mid-Segment,3,1829,3,3,18,Unfurnished,Mid (5-12),4,13.10905,77.58038,117.15
Mumbai,Bandra-Juhu Belt,Ultra Luxury,3,1593,4,4,5,Semi-Furnished,High (13+),7,19.15717,72.83922,560.44
Pune,Wakad & Hinjewadi,Mid-Segment,1,601,1,2,18,Fully-Furnished,Mid (5-12),4,18.59668,73.75918,45.16
Pune,Wakad & Hinjewadi,Mid-Segment,2,1146,2,0,5,Semi-Furnished,Ground-Low (1-4),1,18.58502,73.75077,77.45
Delhi NCR,Golf Course Rd (Gurugram),Ultra Luxury,3,1368,4,3,0,Fully-Furnished,Ground-Low (1-4),9,28.45589,77.09242,419.6
Chennai,Adyar & Boat Club Area,Ultra Luxury,4,2143,5,1,2,Unfurnished,Ground-Low (1-4),3,12.99561,80.24255,323.76
Mumbai,South Mumbai (Colaba/Worli),Ultra Luxury,1,485,1,4,0,Unfurnished,Mid (5-12),9,19.11932,72.83082,218.19
Chennai,Velachery,Mid-Segment,1,465,1,2,0,Semi-Furnished,Mid (5-12),9,12.97525,80.23797,43.86
Mumbai,Thane West,Mid-Segment,2,1245,3,2,0,Unfurnished,Mid (5-12),3,19.2739,72.94825,164.3
Chennai,Anna Nagar,Premium,3,1824,4,2,0,Unfurnished,Mid (5-12),9,13.09968,80.20829,271.38
Hyderabad,Gachibowli & Financial District,Premium,1,485,1,3,0,Unfurnished,Ground-Low (1-4),6,17.45296,78.36918,62.07
Mumbai,Thane West,Mid-Segment,3,1811,3,3,12,Unfurnished,Mid (5-12),5,19.28125,72.96607,245.66
Delhi NCR,Noida Sector 150/62,Mid-Segment,4,2370,4,2,8,Fully-Furnished,Mid (5-12),9,28.58243,77.37886,257.33
Hyderabad,Jubilee Hills & Banjara Hills,Ultra Luxury,3,1527,3,2,12,Semi-Furnished,High (13+),10,17.43872,78.42601,274.0
Pune,Koregaon Park & Kalyani Nagar,Ultra Luxury,2,1141,3,1,0,Fully-Furnished,Mid (5-12),9,18.53386,73.89092,216.94
Chennai,Adyar & Boat Club Area,Ultra Luxury,4,2951,4,4,0,Unfurnished,High (13+),5,13.00573,80.25256,530.72
Hyderabad,Gachibowli & Financial District,Premium,2,960,3,3,2,Semi-Furnished,High (13+),2,17.45226,78.36317,125.33
Hyderabad,Gachibowli & Financial District,Premium,2,1079,3,2,12,Semi-Furnished,Mid (5-12),1,17.44016,78.36772,110.8
Delhi NCR,Golf Course Rd (Gurugram),Ultra Luxury,2,1057,2,1,2,Semi-Furnished,Ground-Low (1-4),4,28.46156,77.09729,291.99
Pune,Kharadi & Viman Nagar,Premium,2,858,2,2,2,Semi-Furnished,Ground-Low (1-4),3,18.55588,73.93317,82.57
Chennai,Velachery,Mid-Segment,2,948,2,2,8,Fully-Furnished,Mid (5-12),5,12.98864,80.22886,80.55
Chennai,Velachery,Mid-Segment,2,1060,2,2,0,Semi-Furnished,Mid (5-12),6,12.98238,80.23964,93.73
Delhi NCR,Cyber City & Sector 54,Premium,2,1144,3,1,25,Unfurnished,Mid (5-12),7,28.47318,77.11032,148.66
Hyderabad,Tellapur & Nallagandla,Mid-Segment,4,2912,4,2,0,Fully-Furnished,Mid (5-12),6,17.46394,78.33328,279.9
Chennai,OMR IT Corridor (Perungudi),Mid-Segment,4,3192,5,1,8,Fully-Furnished,Mid (5-12),8,12.96329,80.27868,278.55
Delhi NCR,South Delhi (Vasant Vihar),Ultra Luxury,5,4296,6,2,0,Semi-Furnished,High (13+),6,28.57158,77.15923,1482.02
Hyderabad,Gachibowli & Financial District,Premium,2,864,3,0,2,Unfurnished,Ground-Low (1-4),9,17.45322,78.36994,113.01
Delhi NCR,Greater Noida West,Affordable,2,1185,2,0,2,Semi-Furnished,High (13+),1,28.52707,77.45002,74.62
Chennai,Anna Nagar,Premium,1,535,1,2,0,Semi-Furnished,High (13+),3,13.08853,80.20402,73.97
Hyderabad,Gachibowli & Financial District,Premium,2,1140,2,2,12,Semi-Furnished,Mid (5-12),9,17.44549,78.35725,118.16
Delhi NCR,South Delhi (Vasant Vihar),Ultra Luxury,2,988,2,2,8,Semi-Furnished,Ground-Low (1-4),7,28.56919,77.15193,289.39
Mumbai,Navi Mumbai (Vashi/Kharghar),Mid-Segment,1,565,1,1,5,Unfurnished,Mid (5-12),3,19.09963,73.03209,70.34
Hyderabad,Miyapur & Kukatpally,Mid-Segment,2,898,2,2,0,Fully-Furnished,Ground-Low (1-4),8,17.49032,78.38982,68.41
Chennai,Tambaram & Porur,Affordable,3,1698,4,2,5,Unfurnished,High (13+),2,12.9317,80.15626,93.95
Bengaluru,HSR Layout & Sarjapur,Premium,4,2176,5,2,5,Unfurnished,Ground-Low (1-4),10,12.92076,77.65857,302.83
Bengaluru,Electronic City,Mid-Segment,2,910,3,2,5,Unfurnished,Ground-Low (1-4),4,12.85706,77.68122,56.78
Pune,Hadapsar & Undri,Mid-Segment,2,984,3,3,0,Semi-Furnished,Ground-Low (1-4),9,18.47457,73.93961,75.85
Pune,Kharadi & Viman Nagar,Premium,4,2370,4,1,5,Fully-Furnished,Ground-Low (1-4),8,18.55681,73.92143,268.31
Mumbai,Thane West,Mid-Segment,1,501,1,1,5,Unfurnished,Mid (5-12),10,19.2776,72.96212,78.91
Chennai,OMR IT Corridor (Perungudi),Mid-Segment,3,1661,3,3,2,Fully-Furnished,Ground-Low (1-4),4,12.95624,80.27966,165.47
Mumbai,Thane West,Mid-Segment,2,940,3,3,5,Fully-Furnished,Mid (5-12),3,19.27092,72.96679,149.95
Chennai,Anna Nagar,Premium,2,989,2,2,2,Fully-Furnished,Mid (5-12),6,13.08871,80.21103,143.04
Delhi NCR,Golf Course Rd (Gurugram),Ultra Luxury,2,1159,3,3,0,Unfurnished,Ground-Low (1-4),2,28.46124,77.1031,253.56
Bengaluru,Whitefield (IT Hub),Premium,2,1220,2,3,12,Semi-Furnished,High (13+),5,12.98225,77.73894,120.97
Bengaluru,Electronic City,Mid-Segment,3,1651,4,2,8,Semi-Furnished,Mid (5-12),4,12.84432,77.6729,107.53
Chennai,Tambaram & Porur,Affordable,3,1592,4,2,2,Semi-Furnished,Ground-Low (1-4),8,12.92669,80.15145,93.63
Mumbai,Navi Mumbai (Vashi/Kharghar),Mid-Segment,1,583,1,2,0,Unfurnished,Ground-Low (1-4),2,19.11535,73.02414,68.61
Pune,Hadapsar & Undri,Mid-Segment,2,1050,3,3,8,Unfurnished,High (13+),4,18.48559,73.92787,72.71
Hyderabad,Tellapur & Nallagandla,Mid-Segment,4,2711,4,1,25,Fully-Furnished,High (13+),10,17.46496,78.3215,207.74
Delhi NCR,Golf Course Rd (Gurugram),Ultra Luxury,3,1649,4,0,2,Semi-Furnished,Mid (5-12),6,28.46186,77.10747,475.22
Chennai,Tambaram & Porur,Affordable,5,4754,5,2,0,Semi-Furnished,Mid (5-12),3,12.92846,80.14906,281.7
Hyderabad,Jubilee Hills & Banjara Hills,Ultra Luxury,3,1523,4,3,8,Unfurnished,Mid (5-12),7,17.43285,78.41819,262.94
Chennai,OMR IT Corridor (Perungudi),Mid-Segment,3,1913,4,3,2,Semi-Furnished,Ground-Low (1-4),2,12.96253,80.28955,164.35
Mumbai,South Mumbai (Colaba/Worli),Ultra Luxury,4,2458,4,1,0,Semi-Furnished,Mid (5-12),9,19.13458,72.82906,1134.53
Mumbai,Powai-Andheri West,Premium,3,1657,4,1,18,Semi-Furnished,Ground-Low (1-4),7,19.19955,72.8566,337.85
Hyderabad,Kondapur & HITECH City,Premium,2,1023,2,2,12,Semi-Furnished,Ground-Low (1-4),3,17.45623,78.38286,90.81
Chennai,OMR IT Corridor (Perungudi),Mid-Segment,3,1780,4,1,0,Fully-Furnished,Ground-Low (1-4),1,12.96126,80.28395,156.76
Pune,Koregaon Park & Kalyani Nagar,Ultra Luxury,3,1926,4,1,2,Fully-Furnished,Mid (5-12),7,18.54051,73.89303,333.84
Chennai,Velachery,Mid-Segment,3,1507,4,2,8,Unfurnished,Mid (5-12),2,12.98358,80.22714,113.05
Mumbai,South Mumbai (Colaba/Worli),Ultra Luxury,3,1748,4,1,0,Fully-Furnished,Mid (5-12),1,19.12793,72.82954,826.67
Bengaluru,Electronic City,Mid-Segment,2,921,3,2,12,Unfurnished,Ground-Low (1-4),5,12.84236,77.67141,58.25
Bengaluru,Indiranagar & Koramangala,Ultra Luxury,2,1003,2,1,8,Semi-Furnished,Ground-Low (1-4),6,12.97513,77.6293,160.86
Hyderabad,Jubilee Hills & Banjara Hills,Ultra Luxury,1,551,1,1,12,Unfurnished,Ground-Low (1-4),2,17.43164,78.4343,83.28
Hyderabad,Gachibowli & Financial District,Premium,2,1234,3,2,2,Unfurnished,High (13+),7,17.44381,78.37173,167.16
Bengaluru,Whitefield (IT Hub),Premium,2,920,2,1,2,Fully-Furnished,Mid (5-12),8,12.98581,77.72735,117.19
Hyderabad,Miyapur & Kukatpally,Mid-Segment,4,2775,4,3,0,Semi-Furnished,High (13+),10,17.49395,78.39553,243.9
Mumbai,Bandra-Juhu Belt,Ultra Luxury,4,2729,4,2,8,Semi-Furnished,High (13+),7,19.16323,72.82826,1052.41
Pune,Koregaon Park & Kalyani Nagar,Ultra Luxury,2,852,2,3,5,Fully-Furnished,Mid (5-12),8,18.53235,73.89461,157.26
Mumbai,Navi Mumbai (Vashi/Kharghar),Mid-Segment,3,1550,3,2,5,Semi-Furnished,Mid (5-12),1,19.10772,73.02571,190.1
Delhi NCR,South Delhi (Vasant Vihar),Ultra Luxury,2,1100,2,1,8,Fully-Furnished,Mid (5-12),2,28.55644,77.1601,359.73
Bengaluru,HSR Layout & Sarjapur,Premium,4,2315,5,1,0,Unfurnished,Ground-Low (1-4),9,12.9122,77.64631,280.26
Mumbai,South Mumbai (Colaba/Worli),Ultra Luxury,4,2552,5,1,5,Semi-Furnished,Mid (5-12),10,19.13563,72.82543,1241.21
Mumbai,South Mumbai (Colaba/Worli),Ultra Luxury,2,1114,3,1,12,Fully-Furnished,Ground-Low (1-4),6,19.13362,72.83416,439.82
Bengaluru,Indiranagar & Koramangala,Ultra Luxury,4,3108,4,1,0,Unfurnished,Ground-Low (1-4),1,12.99095,77.63917,533.99
Pune,Kharadi & Viman Nagar,Premium,4,2230,5,1,18,Unfurnished,Ground-Low (1-4),4,18.54756,73.92472,184.15
Mumbai,South Mumbai (Colaba/Worli),Ultra Luxury,2,855,3,2,8,Unfurnished,Mid (5-12),4,19.12588,72.82396,329.64
Pune,Koregaon Park & Kalyani Nagar,Ultra Luxury,2,1208,2,3,2,Fully-Furnished,Mid (5-12),6,18.53887,73.89519,218.68
Bengaluru,HSR Layout & Sarjapur,Premium,3,1647,3,3,0,Semi-Furnished,Mid (5-12),9,12.90541,77.64966,241.99
Pune,Kharadi & Viman Nagar,Premium,2,1248,3,2,8,Semi-Furnished,Mid (5-12),8,18.55618,73.91878,126.61
Delhi NCR,Noida Sector 150/62,Mid-Segment,3,1829,4,2,2,Semi-Furnished,Mid (5-12),3,28.58141,77.3865,168.87
Pune,Baner & Balewadi,Premium,2,851,2,3,18,Semi-Furnished,Ground-Low (1-4),6,18.55659,73.78795,74.49
Bengaluru,Whitefield (IT Hub),Premium,4,2643,5,1,12,Semi-Furnished,High (13+),6,12.97682,77.72923,282.35
Mumbai,Thane West,Mid-Segment,3,1791,3,2,8,Semi-Furnished,High (13+),10,19.27425,72.95396,292.77
Chennai,Tambaram & Porur,Affordable,3,1681,4,2,8,Semi-Furnished,High (13+),10,12.92237,80.15561,109.09
Mumbai,South Mumbai (Colaba/Worli),Ultra Luxury,2,1184,2,3,0,Semi-Furnished,Ground-Low (1-4),9,19.11653,72.82746,522.26
Chennai,Anna Nagar,Premium,4,2815,4,2,12,Semi-Furnished,High (13+),8,13.09465,80.20233,311.58
Chennai,Anna Nagar,Premium,3,1939,3,2,0,Semi-Furnished,Ground-Low (1-4),4,13.08378,80.21418,253.84
Mumbai,South Mumbai (Colaba/Worli),Ultra Luxury,2,1003,3,2,2,Unfurnished,Mid (5-12),2,19.12152,72.82138,412.92
Hyderabad,Gachibowli & Financial District,Premium,3,1945,3,1,0,Semi-Furnished,Mid (5-12),1,17.44422,78.37393,228.72
Bengaluru,Electronic City,Mid-Segment,3,1457,4,1,18,Unfurnished,Mid (5-12),9,12.86038,77.67758,81.58
Chennai,Adyar & Boat Club Area,Ultra Luxury,3,1902,4,2,2,Semi-Furnished,Ground-Low (1-4),5,12.99771,80.26,312.97
Delhi NCR,Golf Course Rd (Gurugram),Ultra Luxury,2,1068,3,2,8,Unfurnished,Mid (5-12),3,28.44743,77.09943,234.97
Mumbai,Bandra-Juhu Belt,Ultra Luxury,1,559,1,2,8,Unfurnished,Ground-Low (1-4),9,19.16257,72.84395,188.53
Hyderabad,Jubilee Hills & Banjara Hills,Ultra Luxury,2,903,3,0,12,Semi-Furnished,Ground-Low (1-4),10,17.42508,78.43188,156.95
Mumbai,Powai-Andheri West,Premium,3,1487,3,2,0,Fully-Furnished,Ground-Low (1-4),3,19.20324,72.85273,370.56
Pune,Kharadi & Viman Nagar,Premium,1,530,1,2,0,Semi-Furnished,Ground-Low (1-4),10,18.55214,73.93637,57.99
Bengaluru,Yelahanka & North Blr,Mid-Segment,2,864,3,3,12,Unfurnished,High (13+),9,13.098,77.58492,62.12
Bengaluru,Yelahanka & North Blr,Mid-Segment,2,1015,2,1,2,Semi-Furnished,Ground-Low (1-4),2,13.10004,77.59392,72.83
Hyderabad,Gachibowli & Financial District,Premium,1,636,1,1,5,Semi-Furnished,Mid (5-12),3,17.43557,78.36909,75.93
Delhi NCR,Noida Sector 150/62,Mid-Segment,2,1099,2,4,5,Unfurnished,Ground-Low (1-4),6,28.58087,77.37634,90.15
Bengaluru,Whitefield (IT Hub),Premium,2,877,2,2,0,Semi-Furnished,Ground-Low (1-4),8,12.97308,77.73606,101.54
Delhi NCR,South Delhi (Vasant Vihar),Ultra Luxury,2,915,2,3,0,Unfurnished,Mid (5-12),3,28.55442,77.14916,270.94
Mumbai,Thane West,Mid-Segment,3,1478,3,1,8,Semi-Furnished,Ground-Low (1-4),6,19.28488,72.9566,200.96
Hyderabad,Jubilee Hills & Banjara Hills,Ultra Luxury,4,3015,4,0,0,Semi-Furnished,High (13+),5,17.43946,78.42443,578.86
Pune,Wakad & Hinjewadi,Mid-Segment,1,530,1,1,0,Unfurnished,Mid (5-12),10,18.59383,73.75894,42.24
Hyderabad,Jubilee Hills & Banjara Hills,Ultra Luxury,2,878,2,4,0,Semi-Furnished,Ground-Low (1-4),9,17.44075,78.42629,173.81
Mumbai,Navi Mumbai (Vashi/Kharghar),Mid-Segment,2,1035,2,2,0,Semi-Furnished,Ground-Low (1-4),10,19.11495,73.02369,133.81
Delhi NCR,South Delhi (Vasant Vihar),Ultra Luxury,2,1070,3,2,5,Semi-Furnished,Ground-Low (1-4),1,28.56217,77.1641,291.73
Mumbai,Navi Mumbai (Vashi/Kharghar),Mid-Segment,4,2518,5,2,0,Fully-Furnished,High (13+),7,19.10155,73.02753,406.26
Bengaluru,Whitefield (IT Hub),Premium,3,1825,4,2,2,Unfurnished,Ground-Low (1-4),2,12.9882,77.73039,175.69
Bengaluru,Electronic City,Mid-Segment,3,1571,4,3,5,Semi-Furnished,Ground-Low (1-4),3,12.84429,77.68347,107.7
Chennai,OMR IT Corridor (Perungudi),Mid-Segment,3,1745,4,3,0,Semi-Furnished,Mid (5-12),10,12.96175,80.28151,165.13
Chennai,Tambaram & Porur,Affordable,1,512,1,4,5,Semi-Furnished,Ground-Low (1-4),4,12.91367,80.14976,29.85
Mumbai,Thane West,Mid-Segment,3,1890,3,4,12,Unfurnished,Mid (5-12),4,19.27553,72.95475,220.55
Delhi NCR,Greater Noida West,Affordable,1,633,1,4,0,Semi-Furnished,Mid (5-12),3,28.53516,77.4525,39.75
Mumbai,Powai-Andheri West,Premium,3,1478,4,3,5,Semi-Furnished,Ground-Low (1-4),8,19.19518,72.85813,338.95
Delhi NCR,Golf Course Rd (Gurugram),Ultra Luxury,1,548,1,1,12,Fully-Furnished,Mid (5-12),7,28.44992,77.09933,153.19
Bengaluru,Whitefield (IT Hub),Premium,3,1702,3,2,2,Unfurnished,Mid (5-12),5,12.98044,77.72628,173.4
Mumbai,Thane West,Mid-Segment,4,3012,4,3,8,Semi-Furnished,Mid (5-12),7,19.27428,72.96491,422.49
Delhi NCR,Cyber City & Sector 54,Premium,4,3128,4,4,0,Fully-Furnished,Mid (5-12),1,28.4706,77.11492,628.59
Pune,Baner & Balewadi,Premium,2,874,2,2,0,Fully-Furnished,Ground-Low (1-4),10,18.56912,73.79635,121.54
Delhi NCR,Greater Noida West,Affordable,3,1896,4,0,18,Semi-Furnished,Ground-Low (1-4),6,28.52474,77.45275,93.62
Hyderabad,Tellapur & Nallagandla,Mid-Segment,2,980,3,2,5,Semi-Furnished,Ground-Low (1-4),9,17.46114,78.31899,87.37
Bengaluru,HSR Layout & Sarjapur,Premium,4,2138,4,2,12,Semi-Furnished,Ground-Low (1-4),1,12.90578,77.66209,234.67
Chennai,Adyar & Boat Club Area,Ultra Luxury,1,580,1,2,5,Unfurnished,Ground-Low (1-4),5,13.00269,80.24116,92.98
Delhi NCR,Greater Noida West,Affordable,3,1846,3,2,12,Semi-Furnished,Mid (5-12),10,28.54215,77.45774,99.74
Delhi NCR,Golf Course Rd (Gurugram),Ultra Luxury,2,961,3,2,2,Semi-Furnished,Ground-Low (1-4),3,28.44761,77.10034,239.62
Mumbai,Thane West,Mid-Segment,2,871,3,1,2,Semi-Furnished,Ground-Low (1-4),1,19.27954,72.96234,131.27
Hyderabad,Miyapur & Kukatpally,Mid-Segment,3,1501,3,0,12,Semi-Furnished,Ground-Low (1-4),1,17.48835,78.38999,85.87
Hyderabad,Jubilee Hills & Banjara Hills,Ultra Luxury,3,1806,4,1,0,Unfurnished,Ground-Low (1-4),5,17.43437,78.42275,321.22
Delhi NCR,Cyber City & Sector 54,Premium,1,463,1,1,5,Semi-Furnished,Mid (5-12),4,28.46539,77.1112,79.61
Chennai,Tambaram & Porur,Affordable,3,1499,3,2,12,Semi-Furnished,Ground-Low (1-4),5,12.92971,80.1407,78.02
Chennai,Tambaram & Porur,Affordable,3,1433,4,2,0,Unfurnished,High (13+),6,12.91883,80.1604,84.74
Delhi NCR,Greater Noida West,Affordable,3,1494,3,0,8,Unfurnished,Ground-Low (1-4),3,28.53641,77.44956,77.79
Pune,Koregaon Park & Kalyani Nagar,Ultra Luxury,2,860,3,2,2,Semi-Furnished,Mid (5-12),4,18.53159,73.89017,132.99
Delhi NCR,Greater Noida West,Affordable,4,3131,5,0,0,Unfurnished,Mid (5-12),10,28.53392,77.4598,195.45
Delhi NCR,Noida Sector 150/62,Mid-Segment,3,1492,3,2,8,Fully-Furnished,High (13+),6,28.56595,77.37893,145.22
Delhi NCR,Greater Noida West,Affordable,1,542,1,2,12,Unfurnished,Mid (5-12),8,28.52402,77.46229,27.43
Mumbai,Powai-Andheri West,Premium,1,502,1,2,2,Semi-Furnished,Mid (5-12),9,19.19066,72.86225,121.22
Hyderabad,Kondapur & HITECH City,Premium,3,1382,3,2,0,Unfurnished,Mid (5-12),10,17.45612,78.39219,162.58
Delhi NCR,South Delhi (Vasant Vihar),Ultra Luxury,3,1856,3,2,12,Semi-Furnished,High (13+),3,28.5562,77.15827,512.92
Mumbai,Thane West,Mid-Segment,3,1855,4,2,5,Semi-Furnished,Mid (5-12),7,19.27383,72.95599,284.51
Bengaluru,Whitefield (IT Hub),Premium,3,1389,3,1,5,Fully-Furnished,Ground-Low (1-4),1,12.98912,77.74408,155.06
Mumbai,South Mumbai (Colaba/Worli),Ultra Luxury,2,1149,3,1,5,Unfurnished,High (13+),8,19.12056,72.82487,499.32
Bengaluru,Indiranagar & Koramangala,Ultra Luxury,3,1899,3,0,25,Fully-Furnished,High (13+),7,12.9827,77.64059,316.17
Bengaluru,Electronic City,Mid-Segment,2,1126,3,1,0,Semi-Furnished,Ground-Low (1-4),7,12.84825,77.68107,84.45
Pune,Kharadi & Viman Nagar,Premium,5,4237,5,0,5,Semi-Furnished,Mid (5-12),3,18.5498,73.9353,415.62
Mumbai,Bandra-Juhu Belt,Ultra Luxury,2,1136,3,3,5,Semi-Furnished,High (13+),10,19.15791,72.844,453.48
Mumbai,South Mumbai (Colaba/Worli),Ultra Luxury,3,1573,4,2,0,Unfurnished,Ground-Low (1-4),10,19.13393,72.82765,605.04
Mumbai,Navi Mumbai (Vashi/Kharghar),Mid-Segment,5,4083,6,3,12,Semi-Furnished,Ground-Low (1-4),1,19.10469,73.02777,432.16
Pune,Koregaon Park & Kalyani Nagar,Ultra Luxury,5,4655,5,3,25,Semi-Furnished,Ground-Low (1-4),10,18.54949,73.90266,603.9
Mumbai,Navi Mumbai (Vashi/Kharghar),Mid-Segment,4,2759,4,3,0,Fully-Furnished,Mid (5-12),9,19.09914,73.02155,444.0
Pune,Wakad & Hinjewadi,Mid-Segment,3,1938,3,2,5,Unfurnished,Ground-Low (1-4),4,18.59811,73.74833,140.85
Bengaluru,Whitefield (IT Hub),Premium,1,623,1,3,0,Semi-Furnished,High (13+),10,12.98994,77.73974,79.83
Bengaluru,Yelahanka & North Blr,Mid-Segment,4,2832,5,1,2,Unfurnished,High (13+),7,13.09511,77.59042,232.11
Delhi NCR,Golf Course Rd (Gurugram),Ultra Luxury,3,1799,3,2,2,Unfurnished,Mid (5-12),5,28.45843,77.09662,473.69
Mumbai,Thane West,Mid-Segment,2,1101,2,3,0,Semi-Furnished,Ground-Low (1-4),6,19.27644,72.94856,172.09
Bengaluru,Yelahanka & North Blr,Mid-Segment,3,1420,4,2,5,Fully-Furnished,High (13+),4,13.10113,77.59067,124.41
Mumbai,Thane West,Mid-Segment,2,1073,2,4,0,Semi-Furnished,High (13+),5,19.2731,72.96415,183.26
Hyderabad,Kondapur & HITECH City,Premium,2,998,3,2,0,Unfurnished,Ground-Low (1-4),6,17.46284,78.39489,116.26
Chennai,Adyar & Boat Club Area,Ultra Luxury,5,4716,5,1,5,Semi-Furnished,Mid (5-12),1,12.99652,80.25086,745.83
Delhi NCR,Greater Noida West,Affordable,2,1176,2,1,2,Fully-Furnished,Ground-Low (1-4),1,28.53721,77.45518,71.48
Chennai,Tambaram & Porur,Affordable,1,627,1,1,8,Unfurnished,Mid (5-12),3,12.91835,80.14236,32.34
Delhi NCR,Golf Course Rd (Gurugram),Ultra Luxury,2,1112,2,2,12,Unfurnished,High (13+),10,28.45935,77.1032,278.61
Hyderabad,Tellapur & Nallagandla,Mid-Segment,1,501,1,1,5,Semi-Furnished,Mid (5-12),2,17.46557,78.33601,40.75
Hyderabad,Gachibowli & Financial District,Premium,2,1187,3,1,2,Fully-Furnished,Mid (5-12),4,17.44713,78.37375,162.41
Bengaluru,Whitefield (IT Hub),Premium,4,3015,5,0,25,Unfurnished,Ground-Low (1-4),6,12.98034,77.72741,230.6
Bengaluru,Whitefield (IT Hub),Premium,2,1005,3,2,8,Unfurnished,Ground-Low (1-4),7,12.98957,77.73914,94.83
Mumbai,Thane West,Mid-Segment,2,981,2,1,0,Unfurnished,High (13+),2,19.27443,72.9629,136.2
Pune,Koregaon Park & Kalyani Nagar,Ultra Luxury,1,462,1,1,8,Semi-Furnished,Mid (5-12),7,18.54354,73.88895,75.15
Chennai,Adyar & Boat Club Area,Ultra Luxury,2,964,2,0,5,Unfurnished,Mid (5-12),7,12.99406,80.25729,152.4
Hyderabad,Gachibowli & Financial District,Premium,2,1041,3,2,12,Unfurnished,Ground-Low (1-4),9,17.44549,78.36383,106.86
Mumbai,South Mumbai (Colaba/Worli),Ultra Luxury,3,1592,4,2,2,Semi-Furnished,Ground-Low (1-4),8,19.12667,72.81895,714.24
Chennai,OMR IT Corridor (Perungudi),Mid-Segment,1,570,1,2,2,Semi-Furnished,Mid (5-12),8,12.96905,80.28735,55.25
Chennai,Anna Nagar,Premium,2,1198,3,1,5,Semi-Furnished,Ground-Low (1-4),7,13.08826,80.21891,155.12
Hyderabad,Miyapur & Kukatpally,Mid-Segment,2,857,3,0,5,Fully-Furnished,High (13+),2,17.49309,78.38291,66.35
Hyderabad,Gachibowli & Financial District,Premium,2,1226,2,2,5,Fully-Furnished,Mid (5-12),8,17.44634,78.35861,166.87
Bengaluru,HSR Layout & Sarjapur,Premium,2,900,2,2,0,Semi-Furnished,Mid (5-12),5,12.91181,77.66141,120.94
Pune,Hadapsar & Undri,Mid-Segment,3,1587,4,2,5,Unfurnished,Ground-Low (1-4),4,18.47349,73.92834,98.68
Delhi NCR,Noida Sector 150/62,Mid-Segment,1,558,1,3,12,Fully-Furnished,Ground-Low (1-4),2,28.57565,77.37068,46.61
Delhi NCR,Noida Sector 150/62,Mid-Segment,2,1199,2,2,18,Unfurnished,Ground-Low (1-4),6,28.58359,77.38026,80.29
Pune,Kharadi & Viman Nagar,Premium,3,1917,3,2,0,Fully-Furnished,Mid (5-12),10,18.54852,73.93268,234.55
Bengaluru,Indiranagar & Koramangala,Ultra Luxury,3,1840,3,2,5,Unfurnished,Mid (5-12),6,12.98903,77.62552,332.52
Chennai,OMR IT Corridor (Perungudi),Mid-Segment,3,1509,4,0,0,Unfurnished,Mid (5-12),8,12.9654,80.28093,131.77
Chennai,Anna Nagar,Premium,3,1645,3,1,8,Fully-Furnished,Ground-Low (1-4),1,13.10268,80.20632,183.22
Delhi NCR,Golf Course Rd (Gurugram),Ultra Luxury,2,898,2,2,8,Semi-Furnished,Mid (5-12),10,28.44911,77.09018,253.78
Delhi NCR,Noida Sector 150/62,Mid-Segment,4,2901,4,1,25,Fully-Furnished,High (13+),3,28.58289,77.37805,239.66
Pune,Kharadi & Viman Nagar,Premium,3,1771,3,2,8,Semi-Furnished,Ground-Low (1-4),8,18.54151,73.91974,177.71
Pune,Baner & Balewadi,Premium,2,1011,2,4,2,Semi-Furnished,Ground-Low (1-4),1,18.56029,73.77988,103.92
Chennai,Tambaram & Porur,Affordable,1,507,1,2,12,Unfurnished,Mid (5-12),1,12.91325,80.14854,24.26
Mumbai,Powai-Andheri West,Premium,3,1784,4,1,2,Fully-Furnished,Mid (5-12),4,19.19878,72.86615,491.12
Delhi NCR,Golf Course Rd (Gurugram),Ultra Luxury,2,865,2,1,0,Semi-Furnished,Mid (5-12),10,28.45359,77.10221,270.39
Pune,Baner & Balewadi,Premium,2,880,3,4,2,Semi-Furnished,Mid (5-12),9,18.55597,73.79003,116.08
Mumbai,Thane West,Mid-Segment,1,627,1,3,0,Semi-Furnished,Ground-Low (1-4),7,19.27544,72.96533,89.06
Bengaluru,Whitefield (IT Hub),Premium,3,1743,4,1,8,Semi-Furnished,Ground-Low (1-4),4,12.97318,77.73672,180.28
Hyderabad,Miyapur & Kukatpally,Mid-Segment,3,1842,4,1,5,Unfurnished,Mid (5-12),10,17.49783,78.38447,124.87
Pune,Baner & Balewadi,Premium,2,995,2,1,8,Semi-Furnished,Ground-Low (1-4),5,18.56596,73.79195,111.99
Chennai,Tambaram & Porur,Affordable,2,898,3,4,5,Unfurnished,Ground-Low (1-4),8,12.92023,80.15667,51.45
Pune,Baner & Balewadi,Premium,2,1133,3,2,8,Fully-Furnished,Mid (5-12),1,18.5566,73.79206,121.06
Chennai,OMR IT Corridor (Perungudi),Mid-Segment,2,1156,3,1,12,Unfurnished,Mid (5-12),9,12.96489,80.28322,105.11
Pune,Hadapsar & Undri,Mid-Segment,3,1351,4,2,5,Unfurnished,Mid (5-12),6,18.48877,73.94149,98.2
Delhi NCR,Noida Sector 150/62,Mid-Segment,3,1531,4,1,12,Unfurnished,Mid (5-12),5,28.56414,77.38332,122.88
Delhi NCR,Noida Sector 150/62,Mid-Segment,1,634,1,4,0,Unfurnished,Mid (5-12),5,28.5741,77.38858,63.15
Chennai,Adyar & Boat Club Area,Ultra Luxury,2,1131,3,1,18,Unfurnished,Mid (5-12),9,12.99328,80.24736,158.52
Delhi NCR,South Delhi (Vasant Vihar),Ultra Luxury,3,1843,3,2,5,Semi-Furnished,Mid (5-12),4,28.55775,77.15158,548.2
Bengaluru,Yelahanka & North Blr,Mid-Segment,3,1675,4,4,2,Unfurnished,Ground-Low (1-4),9,13.10648,77.57893,126.02
Hyderabad,Kondapur & HITECH City,Premium,2,1041,2,1,0,Fully-Furnished,Mid (5-12),6,17.46123,78.38091,124.39
Bengaluru,Electronic City,Mid-Segment,1,574,1,2,12,Semi-Furnished,Ground-Low (1-4),9,12.84435,77.66899,35.26
Hyderabad,Kondapur & HITECH City,Premium,3,1669,4,1,5,Unfurnished,High (13+),6,17.45566,78.39204,176.83
Chennai,Anna Nagar,Premium,4,2412,5,1,5,Semi-Furnished,Ground-Low (1-4),6,13.09101,80.20786,308.59
Chennai,Tambaram & Porur,Affordable,3,1943,3,2,2,Fully-Furnished,Mid (5-12),4,12.91402,80.14357,124.42
Mumbai,Bandra-Juhu Belt,Ultra Luxury,4,2338,5,2,8,Semi-Furnished,Mid (5-12),9,19.14934,72.84269,766.41
Chennai,Velachery,Mid-Segment,3,1769,4,2,0,Unfurnished,Ground-Low (1-4),2,12.98987,80.24016,139.17
Pune,Koregaon Park & Kalyani Nagar,Ultra Luxury,5,4671,5,2,5,Semi-Furnished,Mid (5-12),1,18.53942,73.89314,668.4
Chennai,Tambaram & Porur,Affordable,2,1094,3,4,8,Unfurnished,Mid (5-12),10,12.9236,80.15451,66.83
Mumbai,South Mumbai (Colaba/Worli),Ultra Luxury,2,864,2,4,0,Unfurnished,Mid (5-12),7,19.13058,72.83177,395.1
Chennai,Velachery,Mid-Segment,3,1677,4,3,2,Semi-Furnished,Mid (5-12),7,12.98322,80.2283,146.16
Pune,Koregaon Park & Kalyani Nagar,Ultra Luxury,2,905,3,3,18,Unfurnished,Mid (5-12),2,18.53756,73.88769,99.52
Hyderabad,Jubilee Hills & Banjara Hills,Ultra Luxury,2,855,2,1,5,Semi-Furnished,Ground-Low (1-4),6,17.43613,78.41824,160.25
Pune,Koregaon Park & Kalyani Nagar,Ultra Luxury,2,958,3,4,0,Unfurnished,High (13+),3,18.53873,73.89023,148.19
Pune,Koregaon Park & Kalyani Nagar,Ultra Luxury,2,886,2,1,5,Fully-Furnished,Ground-Low (1-4),8,18.54932,73.89102,147.45
Bengaluru,Indiranagar & Koramangala,Ultra Luxury,1,625,1,0,5,Unfurnished,Mid (5-12),3,12.97772,77.64338,98.65
Mumbai,Thane West,Mid-Segment,2,856,3,3,2,Unfurnished,Ground-Low (1-4),4,19.28055,72.95846,125.24
Chennai,Tambaram & Porur,Affordable,4,2322,4,1,0,Unfurnished,High (13+),8,12.92478,80.14359,144.81
Chennai,OMR IT Corridor (Perungudi),Mid-Segment,1,621,1,2,0,Unfurnished,Mid (5-12),4,12.95861,80.27654,54.63
Hyderabad,Miyapur & Kukatpally,Mid-Segment,1,493,1,1,25,Unfurnished,Ground-Low (1-4),10,17.50104,78.39626,24.52
Pune,Wakad & Hinjewadi,Mid-Segment,1,539,1,3,5,Semi-Furnished,High (13+),6,18.59886,73.7565,48.39
Hyderabad,Kondapur & HITECH City,Premium,2,1051,2,2,5,Unfurnished,High (13+),7,17.44541,78.38515,114.77
Pune,Hadapsar & Undri,Mid-Segment,4,2390,4,4,5,Unfurnished,Ground-Low (1-4),4,18.48067,73.93583,145.34
Hyderabad,Miyapur & Kukatpally,Mid-Segment,1,526,1,1,2,Unfurnished,High (13+),8,17.50214,78.39342,40.41
Mumbai,South Mumbai (Colaba/Worli),Ultra Luxury,4,2165,5,2,2,Semi-Furnished,Mid (5-12),9,19.11671,72.83056,999.61
Chennai,Tambaram & Porur,Affordable,3,1631,3,2,0,Unfurnished,Ground-Low (1-4),7,12.9196,80.15071,86.23
Hyderabad,Miyapur & Kukatpally,Mid-Segment,2,1120,2,0,5,Semi-Furnished,Ground-Low (1-4),4,17.4916,78.38721,71.31
Hyderabad,Jubilee Hills & Banjara Hills,Ultra Luxury,3,1664,3,3,12,Semi-Furnished,Ground-Low (1-4),9,17.43037,78.43338,280.06
Delhi NCR,Cyber City & Sector 54,Premium,2,1239,2,1,18,Semi-Furnished,Mid (5-12),9,28.47862,77.10359,194.28
Bengaluru,Whitefield (IT Hub),Premium,2,1103,2,4,5,Unfurnished,Mid (5-12),5,12.97338,77.73032,119.96
Delhi NCR,Golf Course Rd (Gurugram),Ultra Luxury,1,634,1,1,12,Fully-Furnished,Ground-Low (1-4),8,28.45293,77.0995,159.49
Bengaluru,Yelahanka & North Blr,Mid-Segment,4,2611,5,4,2,Fully-Furnished,Ground-Low (1-4),7,13.10975,77.59238,218.41
Pune,Wakad & Hinjewadi,Mid-Segment,2,959,2,0,5,Semi-Furnished,High (13+),5,18.59279,73.76561,83.21
Delhi NCR,South Delhi (Vasant Vihar),Ultra Luxury,2,877,3,1,2,Unfurnished,Ground-Low (1-4),3,28.56885,77.16281,248.02
Bengaluru,Indiranagar & Koramangala,Ultra Luxury,3,1408,4,1,0,Semi-Furnished,Ground-Low (1-4),4,12.97955,77.62985,277.72
Bengaluru,Whitefield (IT Hub),Premium,2,912,3,2,0,Unfurnished,High (13+),7,12.98447,77.73329,102.76
Mumbai,Bandra-Juhu Belt,Ultra Luxury,1,466,1,1,12,Unfurnished,Ground-Low (1-4),10,19.16454,72.84137,144.15
Chennai,Tambaram & Porur,Affordable,2,948,2,3,2,Fully-Furnished,Ground-Low (1-4),3,12.92092,80.15811,59.97
Hyderabad,Kondapur & HITECH City,Premium,3,1844,3,2,18,Fully-Furnished,Ground-Low (1-4),5,17.4503,78.38292,164.25
Delhi NCR,Greater Noida West,Affordable,3,1834,3,0,2,Unfurnished,High (13+),6,28.52778,77.45761,118.25
Bengaluru,Yelahanka & North Blr,Mid-Segment,2,963,3,2,0,Semi-Furnished,Ground-Low (1-4),10,13.10295,77.59174,89.04
Delhi NCR,South Delhi (Vasant Vihar),Ultra Luxury,2,858,2,2,5,Semi-Furnished,Ground-Low (1-4),5,28.56922,77.15153,253.75
Delhi NCR,Noida Sector 150/62,Mid-Segment,3,1793,3,2,8,Unfurnished,Ground-Low (1-4),6,28.57446,77.3771,148.95
Chennai,Tambaram & Porur,Affordable,1,613,1,2,18,Unfurnished,High (13+),5,12.92635,80.14097,30.67
Chennai,Adyar & Boat Club Area,Ultra Luxury,2,893,2,3,5,Unfurnished,Mid (5-12),10,13.00573,80.24319,147.99
Chennai,OMR IT Corridor (Perungudi),Mid-Segment,2,925,2,1,8,Unfurnished,Mid (5-12),2,12.9716,80.27914,59.65
Mumbai,Bandra-Juhu Belt,Ultra Luxury,3,1786,3,2,8,Unfurnished,Ground-Low (1-4),9,19.16074,72.8434,572.18
Mumbai,Powai-Andheri West,Premium,2,953,3,4,12,Unfurnished,Mid (5-12),4,19.20178,72.85515,197.69
Chennai,OMR IT Corridor (Perungudi),Mid-Segment,2,857,3,1,5,Semi-Furnished,Ground-Low (1-4),5,12.96866,80.27371,69.24
Bengaluru,Electronic City,Mid-Segment,2,1195,3,3,0,Semi-Furnished,Mid (5-12),5,12.84996,77.66541,87.77
Hyderabad,Tellapur & Nallagandla,Mid-Segment,4,2345,5,1,2,Unfurnished,Mid (5-12),10,17.46197,78.33438,192.05
Chennai,Anna Nagar,Premium,1,643,1,3,0,Fully-Furnished,Ground-Low (1-4),6,13.08433,80.21175,91.55
Bengaluru,Whitefield (IT Hub),Premium,3,1704,4,1,12,Fully-Furnished,High (13+),1,12.9859,77.72523,167.91
Chennai,Anna Nagar,Premium,2,988,2,1,25,Unfurnished,Mid (5-12),8,13.09659,80.2163,99.36
Hyderabad,Miyapur & Kukatpally,Mid-Segment,2,1236,2,1,0,Unfurnished,Mid (5-12),8,17.48734,78.37809,90.51
Chennai,Anna Nagar,Premium,4,2292,4,3,5,Unfurnished,Ground-Low (1-4),2,13.09405,80.21043,265.59
Delhi NCR,Noida Sector 150/62,Mid-Segment,4,2959,4,2,8,Fully-Furnished,Mid (5-12),5,28.57333,77.37424,277.41
Bengaluru,Indiranagar & Koramangala,Ultra Luxury,1,523,1,2,25,Semi-Furnished,Ground-Low (1-4),8,12.97972,77.62767,74.04
Chennai,Velachery,Mid-Segment,1,554,1,3,0,Unfurnished,Ground-Low (1-4),6,12.99157,80.23007,40.22
Delhi NCR,Noida Sector 150/62,Mid-Segment,2,957,2,3,5,Semi-Furnished,Ground-Low (1-4),5,28.56441,77.38829,83.31
Pune,Wakad & Hinjewadi,Mid-Segment,1,561,1,3,2,Semi-Furnished,High (13+),1,18.59886,73.76576,49.99
Chennai,OMR IT Corridor (Perungudi),Mid-Segment,2,1009,2,2,2,Fully-Furnished,Mid (5-12),5,12.95407,80.2735,98.32
Chennai,Anna Nagar,Premium,4,3168,5,2,0,Semi-Furnished,Ground-Low (1-4),10,13.10258,80.20983,439.53
Hyderabad,Tellapur & Nallagandla,Mid-Segment,4,2184,4,2,2,Unfurnished,Mid (5-12),9,17.46344,78.32517,191.28
Delhi NCR,Noida Sector 150/62,Mid-Segment,4,3122,5,4,5,Unfurnished,Mid (5-12),9,28.57745,77.37788,267.94
Delhi NCR,Cyber City & Sector 54,Premium,2,912,3,2,0,Fully-Furnished,High (13+),8,28.48315,77.10069,194.73
Bengaluru,HSR Layout & Sarjapur,Premium,2,948,3,1,5,Unfurnished,Mid (5-12),10,12.90665,77.64813,114.92
Pune,Koregaon Park & Kalyani Nagar,Ultra Luxury,5,3950,6,2,12,Fully-Furnished,Mid (5-12),3,18.53776,73.8907,589.01
Hyderabad,Gachibowli & Financial District,Premium,3,1921,4,3,0,Semi-Furnished,Ground-Low (1-4),9,17.44501,78.37598,255.83
Delhi NCR,Noida Sector 150/62,Mid-Segment,2,1146,2,0,5,Fully-Furnished,Ground-Low (1-4),2,28.5754,77.3766,100.92
Pune,Baner & Balewadi,Premium,3,1780,3,2,2,Fully-Furnished,High (13+),8,18.56582,73.77745,250.17
Pune,Kharadi & Viman Nagar,Premium,2,1189,2,1,5,Semi-Furnished,High (13+),8,18.55992,73.92649,135.0
Hyderabad,Gachibowli & Financial District,Premium,2,994,3,0,0,Unfurnished,Ground-Low (1-4),8,17.43631,78.37561,121.83
Delhi NCR,Noida Sector 150/62,Mid-Segment,5,4081,6,2,0,Fully-Furnished,Ground-Low (1-4),8,28.5652,77.37948,421.18
Pune,Hadapsar & Undri,Mid-Segment,2,1240,2,3,5,Fully-Furnished,Ground-Low (1-4),7,18.48085,73.94295,96.38
Chennai,Anna Nagar,Premium,2,972,3,1,8,Semi-Furnished,Mid (5-12),10,13.08824,80.20873,133.47
Mumbai,Powai-Andheri West,Premium,1,616,1,1,12,Unfurnished,Ground-Low (1-4),5,19.19858,72.86352,119.52
Delhi NCR,South Delhi (Vasant Vihar),Ultra Luxury,1,580,1,2,2,Semi-Furnished,Ground-Low (1-4),10,28.55536,77.1496,187.43
Bengaluru,HSR Layout & Sarjapur,Premium,2,1147,2,2,8,Semi-Furnished,Mid (5-12),7,12.90902,77.65101,153.08
Bengaluru,Electronic City,Mid-Segment,2,1030,2,2,18,Fully-Furnished,Ground-Low (1-4),6,12.85309,77.67785,65.88
Pune,Baner & Balewadi,Premium,1,461,1,3,0,Fully-Furnished,High (13+),4,18.55465,73.78346,58.49
Chennai,Velachery,Mid-Segment,2,1176,2,0,0,Fully-Furnished,Ground-Low (1-4),4,12.97681,80.23557,99.15
Delhi NCR,Noida Sector 150/62,Mid-Segment,3,1694,4,0,5,Unfurnished,Mid (5-12),5,28.5771,77.37928,139.26
Hyderabad,Tellapur & Nallagandla,Mid-Segment,2,971,3,2,8,Semi-Furnished,Mid (5-12),1,17.47303,78.32363,77.73
Delhi NCR,Noida Sector 150/62,Mid-Segment,2,1199,2,1,0,Semi-Furnished,Ground-Low (1-4),6,28.56458,77.38638,111.16
Mumbai,Bandra-Juhu Belt,Ultra Luxury,3,1439,4,1,0,Unfurnished,Mid (5-12),6,19.15379,72.83126,539.65
Hyderabad,Tellapur & Nallagandla,Mid-Segment,3,1422,3,4,12,Unfurnished,Ground-Low (1-4),2,17.45882,78.32199,94.99
Delhi NCR,Golf Course Rd (Gurugram),Ultra Luxury,2,1235,3,1,2,Unfurnished,High (13+),3,28.45693,77.09359,351.79
Delhi NCR,Greater Noida West,Affordable,3,1514,4,2,8,Unfurnished,Mid (5-12),8,28.53124,77.46291,88.25
Pune,Hadapsar & Undri,Mid-Segment,3,1432,4,1,5,Semi-Furnished,Ground-Low (1-4),4,18.47231,73.94603,93.09
Pune,Kharadi & Viman Nagar,Premium,3,1501,4,1,0,Semi-Furnished,Mid (5-12),7,18.5538,73.92202,174.64
Bengaluru,Yelahanka & North Blr,Mid-Segment,3,1461,3,2,2,Semi-Furnished,Mid (5-12),10,13.10017,77.58523,132.21
Bengaluru,Yelahanka & North Blr,Mid-Segment,2,864,2,2,12,Fully-Furnished,Mid (5-12),1,13.09483,77.58945,58.31
Pune,Hadapsar & Undri,Mid-Segment,3,1552,3,2,0,Semi-Furnished,Mid (5-12),4,18.48075,73.94112,98.1
Delhi NCR,Greater Noida West,Affordable,3,1800,4,0,5,Unfurnished,High (13+),6,28.53975,77.4526,103.43
Delhi NCR,Golf Course Rd (Gurugram),Ultra Luxury,1,593,1,2,5,Fully-Furnished,Ground-Low (1-4),2,28.44477,77.1001,152.5
Bengaluru,Electronic City,Mid-Segment,4,3049,5,2,8,Semi-Furnished,High (13+),9,12.85235,77.68097,265.3
Hyderabad,Gachibowli & Financial District,Premium,3,1940,4,1,0,Unfurnished,High (13+),6,17.45226,78.37004,255.57
Chennai,OMR IT Corridor (Perungudi),Mid-Segment,3,1833,4,4,0,Semi-Furnished,High (13+),6,12.96657,80.28197,165.73
Pune,Koregaon Park & Kalyani Nagar,Ultra Luxury,2,1174,3,1,8,Unfurnished,Ground-Low (1-4),10,18.54196,73.894,177.36
Hyderabad,Jubilee Hills & Banjara Hills,Ultra Luxury,2,872,2,2,2,Semi-Furnished,Ground-Low (1-4),7,17.42928,78.42103,157.73
Chennai,Velachery,Mid-Segment,2,1090,3,2,5,Unfurnished,Mid (5-12),1,12.97769,80.23816,73.78
Pune,Koregaon Park & Kalyani Nagar,Ultra Luxury,1,514,1,1,12,Semi-Furnished,Ground-Low (1-4),4,18.5352,73.89972,74.67
Chennai,Tambaram & Porur,Affordable,2,874,2,2,18,Unfurnished,Mid (5-12),7,12.92361,80.14788,40.11
Bengaluru,Whitefield (IT Hub),Premium,3,1398,4,0,2,Unfurnished,Ground-Low (1-4),10,12.97554,77.74402,158.08
Hyderabad,Kondapur & HITECH City,Premium,1,625,1,2,5,Unfurnished,Mid (5-12),6,17.45387,78.39046,68.78
Hyderabad,Tellapur & Nallagandla,Mid-Segment,4,2659,4,2,25,Fully-Furnished,High (13+),2,17.46162,78.32186,174.06
Delhi NCR,Noida Sector 150/62,Mid-Segment,2,930,2,2,8,Semi-Furnished,Mid (5-12),8,28.58117,77.37461,75.2
Delhi NCR,South Delhi (Vasant Vihar),Ultra Luxury,2,1101,2,2,2,Fully-Furnished,Mid (5-12),4,28.56675,77.15984,389.38
Mumbai,Navi Mumbai (Vashi/Kharghar),Mid-Segment,2,878,3,1,25,Semi-Furnished,Ground-Low (1-4),4,19.11121,73.02598,77.2
Bengaluru,Whitefield (IT Hub),Premium,4,2355,4,3,0,Fully-Furnished,High (13+),8,12.98337,77.74115,306.37
Pune,Hadapsar & Undri,Mid-Segment,2,925,2,2,2,Unfurnished,Mid (5-12),8,18.47225,73.94002,67.75
Delhi NCR,South Delhi (Vasant Vihar),Ultra Luxury,3,1578,3,3,5,Unfurnished,Mid (5-12),9,28.56363,77.14964,499.86
Delhi NCR,South Delhi (Vasant Vihar),Ultra Luxury,4,3168,4,0,5,Semi-Furnished,Mid (5-12),2,28.57304,77.15525,920.34
Bengaluru,Indiranagar & Koramangala,Ultra Luxury,2,996,3,2,5,Semi-Furnished,Ground-Low (1-4),2,12.9789,77.64186,180.39
Bengaluru,Yelahanka & North Blr,Mid-Segment,2,1045,3,1,0,Fully-Furnished,Mid (5-12),10,13.11111,77.58227,99.63
Delhi NCR,Greater Noida West,Affordable,3,1696,4,1,2,Unfurnished,Mid (5-12),9,28.53711,77.46762,107.17
Mumbai,Thane West,Mid-Segment,2,1188,2,1,2,Semi-Furnished,Ground-Low (1-4),1,19.28125,72.95641,162.02
Bengaluru,Electronic City,Mid-Segment,3,1823,4,1,8,Semi-Furnished,Ground-Low (1-4),8,12.85722,77.68257,120.13
Hyderabad,Gachibowli & Financial District,Premium,2,1221,3,1,0,Semi-Furnished,Mid (5-12),4,17.44455,78.37083,152.19
Pune,Baner & Balewadi,Premium,2,1012,2,2,0,Semi-Furnished,Ground-Low (1-4),10,18.55947,73.79106,128.36
Chennai,Adyar & Boat Club Area,Ultra Luxury,1,522,1,2,8,Unfurnished,Mid (5-12),1,13.0045,80.24368,70.08
Hyderabad,Gachibowli & Financial District,Premium,2,1223,3,2,12,Semi-Furnished,Mid (5-12),7,17.44643,78.36319,140.14
Chennai,OMR IT Corridor (Perungudi),Mid-Segment,2,1163,3,4,25,Unfurnished,Ground-Low (1-4),9,12.95655,80.27998,76.51
Delhi NCR,South Delhi (Vasant Vihar),Ultra Luxury,3,1949,4,2,18,Semi-Furnished,High (13+),3,28.57009,77.16752,507.04
Delhi NCR,Greater Noida West,Affordable,2,878,3,3,8,Fully-Furnished,Mid (5-12),3,28.53199,77.45087,55.5
Delhi NCR,Cyber City & Sector 54,Premium,2,950,3,2,0,Semi-Furnished,Mid (5-12),8,28.48159,77.10819,197.78
Chennai,Velachery,Mid-Segment,2,1035,2,2,5,Semi-Furnished,Mid (5-12),5,12.98225,80.23005,83.81
Delhi NCR,Noida Sector 150/62,Mid-Segment,2,897,3,2,2,Unfurnished,Ground-Low (1-4),7,28.57245,77.38271,78.82
Delhi NCR,Noida Sector 150/62,Mid-Segment,2,1089,2,1,18,Semi-Furnished,High (13+),1,28.56455,77.37921,78.81
Bengaluru,Electronic City,Mid-Segment,3,1803,3,1,12,Semi-Furnished,Ground-Low (1-4),3,12.84732,77.67334,111.17
Mumbai,South Mumbai (Colaba/Worli),Ultra Luxury,1,528,1,0,0,Semi-Furnished,Ground-Low (1-4),5,19.12376,72.8356,239.59
Mumbai,Bandra-Juhu Belt,Ultra Luxury,4,2184,4,3,2,Semi-Furnished,Mid (5-12),10,19.1527,72.83518,820.97
Bengaluru,Whitefield (IT Hub),Premium,2,956,3,1,8,Unfurnished,Ground-Low (1-4),8,12.97367,77.72591,91.56
Chennai,Tambaram & Porur,Affordable,5,3670,6,1,2,Semi-Furnished,Mid (5-12),1,12.91979,80.14622,184.5
Pune,Baner & Balewadi,Premium,1,463,1,2,2,Fully-Furnished,Ground-Low (1-4),7,18.5567,73.78573,56.73
Pune,Wakad & Hinjewadi,Mid-Segment,3,1907,4,4,2,Unfurnished,High (13+),2,18.59035,73.76442,159.13
Bengaluru,HSR Layout & Sarjapur,Premium,3,1463,4,1,2,Semi-Furnished,Mid (5-12),9,12.92038,77.6558,215.26
Pune,Koregaon Park & Kalyani Nagar,Ultra Luxury,1,597,1,2,18,Semi-Furnished,Mid (5-12),4,18.53189,73.90178,74.27
Mumbai,Bandra-Juhu Belt,Ultra Luxury,2,1232,2,0,12,Semi-Furnished,High (13+),10,19.15536,72.84603,468.49
Chennai,Tambaram & Porur,Affordable,3,1894,4,2,25,Semi-Furnished,Mid (5-12),5,12.91929,80.1521,77.03
Hyderabad,Tellapur & Nallagandla,Mid-Segment,2,925,3,1,12,Semi-Furnished,Ground-Low (1-4),1,17.47193,78.32902,60.06
Mumbai,Thane West,Mid-Segment,1,475,1,3,18,Semi-Furnished,Mid (5-12),5,19.28481,72.95037,62.16
Mumbai,South Mumbai (Colaba/Worli),Ultra Luxury,3,1645,3,1,5,Semi-Furnished,Ground-Low (1-4),10,19.12186,72.83154,684.75
Pune,Koregaon Park & Kalyani Nagar,Ultra Luxury,2,1237,3,1,2,Unfurnished,Mid (5-12),6,18.55023,73.90028,202.09
Hyderabad,Jubilee Hills & Banjara Hills,Ultra Luxury,4,3068,4,3,5,Semi-Furnished,High (13+),1,17.42841,78.43648,542.03
Mumbai,South Mumbai (Colaba/Worli),Ultra Luxury,2,1039,2,2,8,Semi-Furnished,Mid (5-12),10,19.12472,72.82385,453.74
Bengaluru,Indiranagar & Koramangala,Ultra Luxury,2,1039,2,1,12,Unfurnished,High (13+),5,12.98689,77.64013,167.06
Mumbai,Powai-Andheri West,Premium,3,1708,3,4,8,Fully-Furnished,Ground-Low (1-4),6,19.20158,72.86434,423.45
Hyderabad,Kondapur & HITECH City,Premium,4,3113,5,3,2,Semi-Furnished,Mid (5-12),2,17.46309,78.39458,334.15
Hyderabad,Miyapur & Kukatpally,Mid-Segment,3,1790,4,2,8,Semi-Furnished,High (13+),10,17.48986,78.39024,130.34
Chennai,Anna Nagar,Premium,2,1181,3,0,5,Fully-Furnished,Ground-Low (1-4),2,13.08912,80.22017,153.52
Delhi NCR,South Delhi (Vasant Vihar),Ultra Luxury,3,1821,4,2,5,Semi-Furnished,Mid (5-12),7,28.57225,77.16881,582.47
Delhi NCR,Noida Sector 150/62,Mid-Segment,2,1151,2,1,8,Semi-Furnished,Ground-Low (1-4),10,28.57768,77.38728,106.38
Bengaluru,Indiranagar & Koramangala,Ultra Luxury,2,1037,3,1,8,Semi-Furnished,Ground-Low (1-4),9,12.9741,77.63877,180.66
Chennai,Anna Nagar,Premium,2,1068,3,2,5,Semi-Furnished,Ground-Low (1-4),8,13.09841,80.20083,122.86
Delhi NCR,South Delhi (Vasant Vihar),Ultra Luxury,1,534,1,3,12,Fully-Furnished,High (13+),4,28.56481,77.1596,162.02
Hyderabad,Jubilee Hills & Banjara Hills,Ultra Luxury,2,871,2,2,5,Semi-Furnished,High (13+),2,17.42745,78.4236,155.0
Chennai,Adyar & Boat Club Area,Ultra Luxury,3,1521,4,2,25,Semi-Furnished,Mid (5-12),4,13.00626,80.25493,194.47
Delhi NCR,Cyber City & Sector 54,Premium,2,907,3,4,8,Fully-Furnished,High (13+),8,28.48224,77.10962,174.78
Delhi NCR,Greater Noida West,Affordable,1,521,1,2,18,Unfurnished,Mid (5-12),1,28.52473,77.46803,21.45
Hyderabad,Gachibowli & Financial District,Premium,2,1107,3,1,8,Semi-Furnished,Ground-Low (1-4),9,17.4372,78.37033,130.65
Delhi NCR,Greater Noida West,Affordable,3,1740,4,2,0,Unfurnished,High (13+),4,28.54047,77.46523,110.4
Bengaluru,Indiranagar & Koramangala,Ultra Luxury,3,1488,3,2,0,Fully-Furnished,High (13+),3,12.99,77.6326,316.1
Hyderabad,Tellapur & Nallagandla,Mid-Segment,5,4069,6,0,0,Semi-Furnished,Ground-Low (1-4),1,17.46195,78.32686,333.01
Pune,Koregaon Park & Kalyani Nagar,Ultra Luxury,3,1827,3,1,0,Semi-Furnished,Mid (5-12),3,18.53078,73.89621,285.96
Bengaluru,Whitefield (IT Hub),Premium,2,921,3,2,0,Unfurnished,Mid (5-12),9,12.97303,77.73785,106.27
Chennai,Adyar & Boat Club Area,Ultra Luxury,2,962,3,1,0,Fully-Furnished,Ground-Low (1-4),4,13.00054,80.24434,159.41
Delhi NCR,Noida Sector 150/62,Mid-Segment,3,1381,3,2,0,Fully-Furnished,High (13+),1,28.58057,77.38604,139.56
Chennai,Velachery,Mid-Segment,2,931,2,2,0,Fully-Furnished,Ground-Low (1-4),5,12.98427,80.23255,89.97
Mumbai,Thane West,Mid-Segment,3,1372,4,1,5,Fully-Furnished,High (13+),9,19.27658,72.95459,253.91
Bengaluru,Indiranagar & Koramangala,Ultra Luxury,2,997,2,3,2,Semi-Furnished,Ground-Low (1-4),2,12.98767,77.63041,168.55
Pune,Kharadi & Viman Nagar,Premium,1,615,1,2,2,Semi-Furnished,Ground-Low (1-4),8,18.5423,73.91772,60.85
Chennai,Anna Nagar,Premium,1,507,1,1,12,Unfurnished,Mid (5-12),6,13.10101,80.20326,53.56
Delhi NCR,Golf Course Rd (Gurugram),Ultra Luxury,2,899,3,2,2,Unfurnished,Mid (5-12),8,28.45232,77.0954,242.19
Hyderabad,Kondapur & HITECH City,Premium,4,2728,4,2,5,Unfurnished,Ground-Low (1-4),8,17.45727,78.39596,277.7
Hyderabad,Tellapur & Nallagandla,Mid-Segment,3,1431,3,1,5,Unfurnished,High (13+),5,17.45688,78.32386,106.43
Delhi NCR,Golf Course Rd (Gurugram),Ultra Luxury,1,606,1,2,0,Fully-Furnished,Ground-Low (1-4),8,28.44813,77.09336,191.9
Chennai,Anna Nagar,Premium,3,1536,3,0,0,Unfurnished,Mid (5-12),1,13.08871,80.20858,189.96
Chennai,Adyar & Boat Club Area,Ultra Luxury,2,1101,2,1,25,Semi-Furnished,Mid (5-12),6,12.99306,80.25362,150.13
Mumbai,Powai-Andheri West,Premium,1,463,1,2,8,Semi-Furnished,Mid (5-12),5,19.18857,72.8514,103.6
Chennai,Velachery,Mid-Segment,2,1047,2,2,0,Unfurnished,Mid (5-12),3,12.97347,80.22872,80.37
Chennai,OMR IT Corridor (Perungudi),Mid-Segment,3,1467,3,2,8,Unfurnished,High (13+),9,12.96751,80.27342,124.54
Chennai,OMR IT Corridor (Perungudi),Mid-Segment,2,989,3,4,8,Semi-Furnished,High (13+),10,12.9685,80.27993,92.08
Mumbai,Thane West,Mid-Segment,2,1079,3,1,8,Unfurnished,Ground-Low (1-4),3,19.27092,72.95649,142.2
Chennai,Velachery,Mid-Segment,2,1162,3,2,8,Unfurnished,Mid (5-12),2,12.98646,80.23461,81.37
Mumbai,Thane West,Mid-Segment,1,495,1,1,8,Unfurnished,Mid (5-12),9,19.26971,72.94938,69.27
Mumbai,Thane West,Mid-Segment,2,1002,2,2,0,Fully-Furnished,High (13+),3,19.27946,72.94871,181.98
Pune,Kharadi & Viman Nagar,Premium,3,1932,3,1,0,Semi-Furnished,High (13+),7,18.55048,73.91935,210.47
Mumbai,Powai-Andheri West,Premium,4,2575,5,0,2,Unfurnished,Mid (5-12),1,19.19697,72.85194,521.47
Pune,Wakad & Hinjewadi,Mid-Segment,3,1505,4,3,0,Semi-Furnished,Ground-Low (1-4),1,18.59352,73.7523,116.75
Hyderabad,Tellapur & Nallagandla,Mid-Segment,3,1406,4,3,18,Unfurnished,Mid (5-12),5,17.46912,78.33334,85.38
Chennai,Anna Nagar,Premium,2,972,3,2,18,Unfurnished,High (13+),2,13.0911,80.21986,88.91
Hyderabad,Jubilee Hills & Banjara Hills,Ultra Luxury,3,1621,4,0,5,Semi-Furnished,High (13+),2,17.44098,78.43541,288.08
Pune,Hadapsar & Undri,Mid-Segment,5,4504,5,2,0,Unfurnished,Ground-Low (1-4),4,18.47765,73.93541,310.52
Pune,Hadapsar & Undri,Mid-Segment,2,961,3,2,12,Semi-Furnished,Ground-Low (1-4),5,18.49022,73.93818,57.73
Pune,Koregaon Park & Kalyani Nagar,Ultra Luxury,2,1249,2,0,18,Unfurnished,Mid (5-12),6,18.53501,73.90265,148.6
Chennai,Adyar & Boat Club Area,Ultra Luxury,3,1790,3,0,18,Semi-Furnished,Mid (5-12),7,12.99462,80.25223,253.94
Mumbai,Navi Mumbai (Vashi/Kharghar),Mid-Segment,2,1095,2,2,8,Semi-Furnished,High (13+),1,19.09619,73.03285,126.68
Hyderabad,Gachibowli & Financial District,Premium,2,938,3,1,8,Semi-Furnished,High (13+),9,17.44995,78.35779,117.57
Mumbai,Navi Mumbai (Vashi/Kharghar),Mid-Segment,3,1383,4,1,8,Fully-Furnished,Mid (5-12),4,19.09935,73.02525,170.8
Hyderabad,Kondapur & HITECH City,Premium,2,1219,3,2,5,Semi-Furnished,High (13+),8,17.45811,78.39395,153.63
Bengaluru,Electronic City,Mid-Segment,2,1016,2,4,25,Semi-Furnished,Mid (5-12),10,12.84557,77.67952,65.67
Bengaluru,Yelahanka & North Blr,Mid-Segment,1,647,1,1,18,Fully-Furnished,Mid (5-12),10,13.09172,77.57547,50.95
Mumbai,Thane West,Mid-Segment,3,1537,4,1,5,Fully-Furnished,Ground-Low (1-4),6,19.26928,72.96667,260.49
Chennai,Tambaram & Porur,Affordable,2,1104,2,2,8,Unfurnished,Mid (5-12),1,12.93064,80.14621,58.12
Hyderabad,Miyapur & Kukatpally,Mid-Segment,2,869,3,3,0,Semi-Furnished,Ground-Low (1-4),2,17.50334,78.38596,59.35
Chennai,Anna Nagar,Premium,2,1181,3,2,12,Unfurnished,Mid (5-12),6,13.08838,80.21306,146.07
Chennai,Velachery,Mid-Segment,3,1803,3,2,2,Unfurnished,High (13+),6,12.97431,80.23947,154.83
Delhi NCR,Cyber City & Sector 54,Premium,3,1563,3,2,12,Fully-Furnished,Ground-Low (1-4),9,28.47195,77.1053,266.72
Hyderabad,Gachibowli & Financial District,Premium,1,524,1,2,0,Semi-Furnished,Ground-Low (1-4),3,17.44138,78.37371,65.89
Delhi NCR,South Delhi (Vasant Vihar),Ultra Luxury,3,1457,3,2,8,Semi-Furnished,Ground-Low (1-4),6,28.56824,77.16483,447.58
Delhi NCR,Greater Noida West,Affordable,2,1077,3,3,18,Unfurnished,Ground-Low (1-4),1,28.53852,77.451,43.29
Chennai,OMR IT Corridor (Perungudi),Mid-Segment,2,971,2,0,5,Semi-Furnished,Ground-Low (1-4),7,12.95674,80.27774,79.1
Pune,Koregaon Park & Kalyani Nagar,Ultra Luxury,1,613,1,2,5,Unfurnished,High (13+),2,18.54005,73.89569,87.45
Mumbai,Thane West,Mid-Segment,3,1589,4,1,5,Unfurnished,Mid (5-12),1,19.27254,72.95026,220.4
Pune,Baner & Balewadi,Premium,3,1539,3,2,0,Fully-Furnished,Ground-Low (1-4),10,18.55426,73.7897,186.21
Hyderabad,Gachibowli & Financial District,Premium,2,1204,3,2,12,Semi-Furnished,Mid (5-12),6,17.44991,78.37152,133.26
Pune,Koregaon Park & Kalyani Nagar,Ultra Luxury,3,1483,3,2,12,Fully-Furnished,Mid (5-12),8,18.55013,73.90347,221.86
Mumbai,Bandra-Juhu Belt,Ultra Luxury,3,1422,4,2,8,Semi-Furnished,High (13+),6,19.14779,72.83435,528.89
Pune,Baner & Balewadi,Premium,1,590,1,1,25,Unfurnished,High (13+),3,18.56838,73.78022,49.9
Bengaluru,Whitefield (IT Hub),Premium,3,1431,4,1,5,Unfurnished,Ground-Low (1-4),2,12.99129,77.72959,130.38
Delhi NCR,Noida Sector 150/62,Mid-Segment,2,1001,2,4,0,Unfurnished,Ground-Low (1-4),9,28.5799,77.37828,97.62
Hyderabad,Jubilee Hills & Banjara Hills,Ultra Luxury,2,1115,2,3,0,Fully-Furnished,Ground-Low (1-4),10,17.44259,78.41957,235.32
Delhi NCR,South Delhi (Vasant Vihar),Ultra Luxury,2,861,3,3,2,Unfurnished,Ground-Low (1-4),7,28.55988,77.16726,238.13
Hyderabad,Tellapur & Nallagandla,Mid-Segment,3,1841,3,2,12,Semi-Furnished,Mid (5-12),10,17.46361,78.32751,129.8
Pune,Baner & Balewadi,Premium,3,1888,4,0,12,Unfurnished,Mid (5-12),7,18.56947,73.77861,192.48
Bengaluru,Yelahanka & North Blr,Mid-Segment,3,1899,4,0,0,Fully-Furnished,Mid (5-12),8,13.11018,77.58346,184.3
Chennai,Anna Nagar,Premium,2,1078,3,1,0,Unfurnished,High (13+),9,13.08436,80.21908,159.66
Delhi NCR,Greater Noida West,Affordable,2,986,3,3,5,Semi-Furnished,High (13+),4,28.53356,77.44964,65.07
Hyderabad,Tellapur & Nallagandla,Mid-Segment,3,1621,4,0,0,Semi-Furnished,Ground-Low (1-4),7,17.46154,78.33236,147.43
Pune,Baner & Balewadi,Premium,2,963,3,0,5,Semi-Furnished,Mid (5-12),4,18.56931,73.7827,107.45
Pune,Kharadi & Viman Nagar,Premium,1,499,1,3,5,Unfurnished,High (13+),9,18.5547,73.92004,57.2
Mumbai,Powai-Andheri West,Premium,3,1458,4,0,2,Semi-Furnished,High (13+),4,19.19696,72.85673,369.48
Pune,Kharadi & Viman Nagar,Premium,2,1037,3,2,12,Semi-Furnished,Ground-Low (1-4),9,18.55693,73.935,86.17
Delhi NCR,Cyber City & Sector 54,Premium,1,534,1,2,12,Unfurnished,Ground-Low (1-4),7,28.4691,77.11445,82.71
Bengaluru,Indiranagar & Koramangala,Ultra Luxury,3,1813,4,2,8,Fully-Furnished,Mid (5-12),3,12.98981,77.63345,318.91
Delhi NCR,South Delhi (Vasant Vihar),Ultra Luxury,3,1880,3,1,5,Unfurnished,High (13+),2,28.55398,77.16755,555.78
Pune,Wakad & Hinjewadi,Mid-Segment,2,1094,3,2,5,Semi-Furnished,Ground-Low (1-4),9,18.59757,73.74963,90.48
Bengaluru,Indiranagar & Koramangala,Ultra Luxury,2,930,2,2,2,Unfurnished,Mid (5-12),1,12.97448,77.63717,173.57
Mumbai,Bandra-Juhu Belt,Ultra Luxury,2,946,2,2,0,Fully-Furnished,Ground-Low (1-4),1,19.15132,72.84705,330.78
Bengaluru,Electronic City,Mid-Segment,2,1237,3,2,5,Semi-Furnished,High (13+),3,12.84781,77.66681,85.16
Hyderabad,Kondapur & HITECH City,Premium,3,1687,3,2,8,Fully-Furnished,High (13+),3,17.45667,78.38297,196.41
Bengaluru,Electronic City,Mid-Segment,3,1355,4,1,2,Unfurnished,High (13+),5,12.8603,77.67504,103.92
Bengaluru,Whitefield (IT Hub),Premium,2,1069,2,1,2,Semi-Furnished,Ground-Low (1-4),9,12.98591,77.73104,131.18
Delhi NCR,Cyber City & Sector 54,Premium,3,1373,3,2,0,Unfurnished,High (13+),3,28.46733,77.11103,268.29
Mumbai,Navi Mumbai (Vashi/Kharghar),Mid-Segment,2,927,3,1,0,Fully-Furnished,Mid (5-12),9,19.109,73.03693,124.12
Delhi NCR,South Delhi (Vasant Vihar),Ultra Luxury,1,533,1,0,2,Semi-Furnished,High (13+),2,28.56013,77.16168,171.64
Mumbai,Bandra-Juhu Belt,Ultra Luxury,3,1834,3,0,2,Fully-Furnished,Ground-Low (1-4),6,19.15792,72.84026,653.64
Delhi NCR,Greater Noida West,Affordable,3,1468,3,3,8,Unfurnished,Mid (5-12),4,28.53653,77.46877,83.2
Mumbai,Bandra-Juhu Belt,Ultra Luxury,4,3059,4,3,0,Fully-Furnished,Ground-Low (1-4),5,19.16156,72.8292,1206.82
Mumbai,Powai-Andheri West,Premium,2,1197,3,2,0,Unfurnished,Ground-Low (1-4),8,19.20298,72.86428,297.12
Chennai,Adyar & Boat Club Area,Ultra Luxury,3,1409,3,4,12,Unfurnished,High (13+),3,12.99841,80.2579,206.03
Mumbai,Navi Mumbai (Vashi/Kharghar),Mid-Segment,2,1159,2,2,5,Fully-Furnished,Mid (5-12),10,19.11149,73.03057,152.09
Pune,Wakad & Hinjewadi,Mid-Segment,3,1716,4,2,0,Semi-Furnished,Ground-Low (1-4),10,18.59399,73.76309,154.75
Mumbai,Thane West,Mid-Segment,1,576,1,1,2,Semi-Furnished,Mid (5-12),3,19.28259,72.95449,85.02
Mumbai,Bandra-Juhu Belt,Ultra Luxury,4,2724,5,1,5,Semi-Furnished,Mid (5-12),2,19.15785,72.84531,974.75
Hyderabad,Miyapur & Kukatpally,Mid-Segment,2,971,2,4,0,Unfurnished,High (13+),3,17.4857,78.38033,64.85
Bengaluru,Yelahanka & North Blr,Mid-Segment,2,1186,3,2,2,Semi-Furnished,Ground-Low (1-4),2,13.09989,77.593,91.22
Bengaluru,HSR Layout & Sarjapur,Premium,3,1765,3,2,2,Unfurnished,Ground-Low (1-4),10,12.90271,77.64815,219.06
Chennai,Velachery,Mid-Segment,4,3033,5,2,2,Unfurnished,Ground-Low (1-4),7,12.98998,80.23865,232.11
Bengaluru,Indiranagar & Koramangala,Ultra Luxury,4,2877,5,1,25,Semi-Furnished,Mid (5-12),2,12.97565,77.63913,403.96
Mumbai,Powai-Andheri West,Premium,1,630,1,1,5,Fully-Furnished,High (13+),7,19.20238,72.85816,177.59
Chennai,OMR IT Corridor (Perungudi),Mid-Segment,2,1241,3,1,5,Semi-Furnished,Mid (5-12),10,12.9678,80.29041,120.02
Hyderabad,Jubilee Hills & Banjara Hills,Ultra Luxury,2,1223,3,3,18,Fully-Furnished,High (13+),6,17.44292,78.43346,229.34
Chennai,Anna Nagar,Premium,3,1721,3,2,0,Unfurnished,Ground-Low (1-4),9,13.09237,80.21771,235.86
Hyderabad,Miyapur & Kukatpally,Mid-Segment,2,919,2,3,0,Semi-Furnished,Mid (5-12),8,17.49538,78.37944,70.35
Delhi NCR,Greater Noida West,Affordable,4,2390,5,2,2,Fully-Furnished,Ground-Low (1-4),4,28.52875,77.46873,152.06
Delhi NCR,Cyber City & Sector 54,Premium,3,1498,4,1,8,Semi-Furnished,Ground-Low (1-4),1,28.4759,77.11809,226.69
Bengaluru,Whitefield (IT Hub),Premium,4,2936,4,1,12,Fully-Furnished,Mid (5-12),10,12.97204,77.73504,321.57
Delhi NCR,Golf Course Rd (Gurugram),Ultra Luxury,1,594,1,0,2,Semi-Furnished,Mid (5-12),8,28.44816,77.10778,157.53
Hyderabad,Miyapur & Kukatpally,Mid-Segment,2,939,3,0,12,Fully-Furnished,High (13+),6,17.50433,78.39601,61.91
Bengaluru,HSR Layout & Sarjapur,Premium,3,1728,4,0,5,Semi-Furnished,High (13+),1,12.90929,77.66038,201.87
Chennai,Anna Nagar,Premium,2,960,3,2,0,Semi-Furnished,Mid (5-12),6,13.08713,80.20663,119.16
Hyderabad,Miyapur & Kukatpally,Mid-Segment,2,1192,2,2,8,Semi-Furnished,Ground-Low (1-4),9,17.48667,78.38725,79.84
Mumbai,Navi Mumbai (Vashi/Kharghar),Mid-Segment,2,1215,2,3,2,Semi-Furnished,Mid (5-12),4,19.11255,73.0365,151.8
Hyderabad,Kondapur & HITECH City,Premium,2,1196,3,1,12,Unfurnished,Mid (5-12),3,17.46276,78.37808,100.15
Chennai,OMR IT Corridor (Perungudi),Mid-Segment,1,548,1,2,12,Semi-Furnished,Ground-Low (1-4),3,12.95332,80.27709,38.06
Bengaluru,Indiranagar & Koramangala,Ultra Luxury,4,2299,4,1,0,Semi-Furnished,Ground-Low (1-4),10,12.97336,77.62803,489.23
Chennai,Velachery,Mid-Segment,4,2877,4,2,8,Semi-Furnished,Ground-Low (1-4),4,12.99171,80.22841,218.31
Chennai,Anna Nagar,Premium,2,959,3,4,5,Unfurnished,High (13+),1,13.09881,80.20206,126.2
Chennai,Anna Nagar,Premium,1,468,1,2,2,Semi-Furnished,Ground-Low (1-4),2,13.09984,80.21897,58.39
Bengaluru,Yelahanka & North Blr,Mid-Segment,3,1555,4,2,2,Unfurnished,Ground-Low (1-4),4,13.105,77.58416,115.08
Chennai,Adyar & Boat Club Area,Ultra Luxury,3,1450,4,0,5,Fully-Furnished,Mid (5-12),9,13.00739,80.25419,278.24
Hyderabad,Miyapur & Kukatpally,Mid-Segment,3,1690,4,0,5,Semi-Furnished,High (13+),5,17.49834,78.3794,116.61
Mumbai,Navi Mumbai (Vashi/Kharghar),Mid-Segment,2,943,2,1,2,Unfurnished,Mid (5-12),6,19.11335,73.03378,120.07
Bengaluru,Indiranagar & Koramangala,Ultra Luxury,2,1123,2,4,0,Unfurnished,Ground-Low (1-4),8,12.98717,77.64056,200.54
Bengaluru,Yelahanka & North Blr,Mid-Segment,1,583,1,2,0,Semi-Furnished,Mid (5-12),2,13.10255,77.58876,50.04
Delhi NCR,Golf Course Rd (Gurugram),Ultra Luxury,2,905,2,3,8,Unfurnished,Ground-Low (1-4),2,28.44483,77.08968,206.82
Chennai,Adyar & Boat Club Area,Ultra Luxury,5,3428,5,0,12,Fully-Furnished,High (13+),4,12.99845,80.25954,613.77
Pune,Baner & Balewadi,Premium,3,1705,3,2,5,Semi-Furnished,Mid (5-12),4,18.56602,73.78193,185.43
Mumbai,Powai-Andheri West,Premium,3,1887,3,2,2,Fully-Furnished,High (13+),3,19.19947,72.85158,467.19
Chennai,Velachery,Mid-Segment,2,1247,2,2,0,Unfurnished,Ground-Low (1-4),8,12.9913,80.23294,95.54
Bengaluru,Yelahanka & North Blr,Mid-Segment,2,1071,2,0,5,Semi-Furnished,Mid (5-12),4,13.09358,77.57631,90.0
Pune,Baner & Balewadi,Premium,1,493,1,4,0,Unfurnished,Ground-Low (1-4),5,18.56891,73.7947,52.54
Delhi NCR,Cyber City & Sector 54,Premium,2,1212,3,2,2,Unfurnished,Mid (5-12),7,28.46625,77.11593,232.09
Bengaluru,Electronic City,Mid-Segment,4,3195,4,2,2,Unfurnished,Ground-Low (1-4),7,12.84318,77.67186,222.56
Delhi NCR,South Delhi (Vasant Vihar),Ultra Luxury,1,463,1,1,5,Semi-Furnished,High (13+),9,28.5604,77.15611,155.52
Mumbai,Bandra-Juhu Belt,Ultra Luxury,5,3780,5,2,12,Unfurnished,Ground-Low (1-4),10,19.15086,72.83901,1223.8
Pune,Koregaon Park & Kalyani Nagar,Ultra Luxury,2,1138,2,1,2,Semi-Furnished,Mid (5-12),10,18.5467,73.89269,195.12
Pune,Hadapsar & Undri,Mid-Segment,3,1630,3,2,0,Unfurnished,Ground-Low (1-4),3,18.48384,73.93221,107.82
Bengaluru,Whitefield (IT Hub),Premium,3,1596,3,2,5,Semi-Furnished,Ground-Low (1-4),9,12.98589,77.72659,161.44
Pune,Koregaon Park & Kalyani Nagar,Ultra Luxury,2,970,2,2,8,Fully-Furnished,Ground-Low (1-4),9,18.54536,73.89522,158.82
Hyderabad,Miyapur & Kukatpally,Mid-Segment,2,1072,2,2,18,Semi-Furnished,Ground-Low (1-4),2,17.49456,78.38292,56.93
Chennai,Anna Nagar,Premium,3,1739,3,3,8,Unfurnished,Ground-Low (1-4),3,13.08463,80.20709,194.53
Pune,Kharadi & Viman Nagar,Premium,3,1541,3,1,8,Semi-Furnished,Mid (5-12),1,18.55094,73.92907,136.26
Delhi NCR,Greater Noida West,Affordable,3,1617,4,0,2,Semi-Furnished,Mid (5-12),4,28.54308,77.45581,97.52
Bengaluru,HSR Layout & Sarjapur,Premium,1,534,1,3,12,Semi-Furnished,Mid (5-12),7,12.91496,77.66373,60.92
Delhi NCR,Noida Sector 150/62,Mid-Segment,2,1186,2,2,2,Fully-Furnished,High (13+),2,28.5757,77.38074,130.09
Chennai,Velachery,Mid-Segment,2,853,3,2,0,Unfurnished,Ground-Low (1-4),1,12.97666,80.23074,57.03
Pune,Kharadi & Viman Nagar,Premium,2,1092,2,1,8,Unfurnished,Mid (5-12),9,18.55139,73.92882,99.8
Chennai,Tambaram & Porur,Affordable,4,2804,5,3,5,Semi-Furnished,Mid (5-12),2,12.91781,80.14814,160.53
Pune,Kharadi & Viman Nagar,Premium,3,1663,3,1,5,Unfurnished,Mid (5-12),7,18.55655,73.93633,173.79
Bengaluru,Whitefield (IT Hub),Premium,2,893,3,2,0,Semi-Furnished,High (13+),7,12.97762,77.72975,100.79
Chennai,Adyar & Boat Club Area,Ultra Luxury,3,1566,3,1,5,Fully-Furnished,High (13+),7,13.01196,80.24451,311.18
Mumbai,South Mumbai (Colaba/Worli),Ultra Luxury,4,2532,5,2,2,Fully-Furnished,Ground-Low (1-4),4,19.12734,72.83434,1128.4
Pune,Baner & Balewadi,Premium,2,961,3,3,0,Semi-Furnished,Ground-Low (1-4),9,18.55062,73.77975,127.74
Chennai,Anna Nagar,Premium,1,561,1,1,8,Semi-Furnished,Mid (5-12),3,13.10011,80.21537,69.31
Delhi NCR,Noida Sector 150/62,Mid-Segment,2,929,2,1,18,Semi-Furnished,Mid (5-12),5,28.57699,77.38879,70.67
Pune,Hadapsar & Undri,Mid-Segment,2,1021,3,0,25,Semi-Furnished,Mid (5-12),5,18.47623,73.94624,57.68
Mumbai,Powai-Andheri West,Premium,2,962,2,2,5,Semi-Furnished,High (13+),2,19.19412,72.86039,215.21
Chennai,OMR IT Corridor (Perungudi),Mid-Segment,3,1441,3,2,12,Unfurnished,High (13+),8,12.9681,80.2753,118.79
Mumbai,Navi Mumbai (Vashi/Kharghar),Mid-Segment,2,926,3,0,25,Unfurnished,Ground-Low (1-4),10,19.10983,73.03396,86.64
Pune,Hadapsar & Undri,Mid-Segment,2,981,2,1,8,Unfurnished,Mid (5-12),3,18.48491,73.93062,60.21
Bengaluru,Indiranagar & Koramangala,Ultra Luxury,4,2292,4,2,5,Unfurnished,Ground-Low (1-4),5,12.98536,77.63677,380.23
Hyderabad,Miyapur & Kukatpally,Mid-Segment,4,2356,4,2,0,Fully-Furnished,High (13+),5,17.49974,78.38591,194.32
Hyderabad,Kondapur & HITECH City,Premium,1,544,1,3,18,Semi-Furnished,High (13+),9,17.46361,78.38803,59.0
Mumbai,South Mumbai (Colaba/Worli),Ultra Luxury,5,3474,6,2,5,Unfurnished,High (13+),10,19.12662,72.83562,1593.09
Bengaluru,HSR Layout & Sarjapur,Premium,1,606,1,1,0,Semi-Furnished,Mid (5-12),2,12.90526,77.65074,72.04
Chennai,Anna Nagar,Premium,1,569,1,0,0,Fully-Furnished,High (13+),7,13.08301,80.21506,93.36
Hyderabad,Kondapur & HITECH City,Premium,3,1830,3,1,18,Fully-Furnished,High (13+),6,17.44513,78.39301,186.66
Chennai,Anna Nagar,Premium,2,1081,2,3,5,Unfurnished,High (13+),4,13.09592,80.21526,129.23
Chennai,Adyar & Boat Club Area,Ultra Luxury,3,1409,3,3,12,Unfurnished,Mid (5-12),6,13.00483,80.2542,202.05
Chennai,Velachery,Mid-Segment,2,1038,3,3,0,Semi-Furnished,Ground-Low (1-4),3,12.976,80.22243,77.77
Pune,Hadapsar & Undri,Mid-Segment,4,3022,5,2,8,Unfurnished,Ground-Low (1-4),6,18.48816,73.9309,184.58
Pune,Koregaon Park & Kalyani Nagar,Ultra Luxury,3,1854,4,2,2,Unfurnished,High (13+),6,18.53513,73.89373,328.94
Delhi NCR,Greater Noida West,Affordable,2,1135,3,3,0,Unfurnished,Ground-Low (1-4),5,28.53741,77.46186,67.22
Hyderabad,Gachibowli & Financial District,Premium,1,587,1,1,25,Semi-Furnished,Mid (5-12),9,17.43646,78.36965,51.64
Hyderabad,Kondapur & HITECH City,Premium,2,1080,3,2,8,Unfurnished,Ground-Low (1-4),2,17.45144,78.38378,90.96
Mumbai,Bandra-Juhu Belt,Ultra Luxury,3,1805,3,3,18,Semi-Furnished,Ground-Low (1-4),9,19.15992,72.83509,579.45
Delhi NCR,Cyber City & Sector 54,Premium,3,1676,3,3,0,Semi-Furnished,Ground-Low (1-4),4,28.4789,77.11168,291.56
Pune,Hadapsar & Undri,Mid-Segment,3,1434,3,2,0,Unfurnished,High (13+),1,18.48571,73.93544,97.26
Chennai,Adyar & Boat Club Area,Ultra Luxury,2,1114,3,4,2,Semi-Furnished,Ground-Low (1-4),3,12.99661,80.25007,181.98
Chennai,Velachery,Mid-Segment,1,517,1,2,0,Unfurnished,Mid (5-12),3,12.98497,80.2244,39.76
Hyderabad,Gachibowli & Financial District,Premium,1,503,1,1,8,Semi-Furnished,High (13+),1,17.44855,78.36137,57.66
Mumbai,Bandra-Juhu Belt,Ultra Luxury,5,3724,6,2,8,Unfurnished,Ground-Low (1-4),7,19.15876,72.84514,1162.02
Mumbai,Bandra-Juhu Belt,Ultra Luxury,2,1097,3,2,8,Unfurnished,Ground-Low (1-4),1,19.14866,72.84188,349.76
Bengaluru,Yelahanka & North Blr,Mid-Segment,3,1878,4,2,0,Fully-Furnished,Mid (5-12),9,13.10919,77.58579,173.73
Mumbai,Navi Mumbai (Vashi/Kharghar),Mid-Segment,2,1218,3,1,8,Unfurnished,Ground-Low (1-4),3,19.1038,73.02794,118.86
Pune,Hadapsar & Undri,Mid-Segment,2,929,2,1,0,Fully-Furnished,High (13+),10,18.48512,73.9441,80.97
Pune,Kharadi & Viman Nagar,Premium,4,2167,4,0,5,Unfurnished,Ground-Low (1-4),8,18.55535,73.93616,204.02
Bengaluru,HSR Layout & Sarjapur,Premium,3,1858,3,2,5,Semi-Furnished,Mid (5-12),3,12.91714,77.65881,219.97
Mumbai,Powai-Andheri West,Premium,4,2480,4,3,0,Semi-Furnished,Ground-Low (1-4),4,19.18989,72.85481,577.11
Pune,Baner & Balewadi,Premium,3,1350,3,4,0,Unfurnished,Ground-Low (1-4),2,18.56457,73.79534,150.65
Bengaluru,Indiranagar & Koramangala,Ultra Luxury,5,3705,6,0,5,Semi-Furnished,Mid (5-12),3,12.98893,77.64026,630.24
Chennai,Tambaram & Porur,Affordable,2,1224,2,3,18,Unfurnished,Ground-Low (1-4),5,12.9256,80.14136,53.27
Bengaluru,Indiranagar & Koramangala,Ultra Luxury,2,1196,3,2,5,Semi-Furnished,Mid (5-12),7,12.98849,77.6267,229.44
Delhi NCR,Greater Noida West,Affordable,3,1657,4,1,0,Semi-Furnished,Mid (5-12),10,28.5294,77.45056,111.41
Chennai,Anna Nagar,Premium,4,2258,4,1,5,Semi-Furnished,Ground-Low (1-4),1,13.08299,80.20576,260.73
Mumbai,Bandra-Juhu Belt,Ultra Luxury,2,1221,3,2,5,Semi-Furnished,Mid (5-12),3,19.14802,72.83064,430.15
Delhi NCR,South Delhi (Vasant Vihar),Ultra Luxury,2,1071,3,3,0,Unfurnished,High (13+),4,28.55873,77.15331,318.15
Hyderabad,Tellapur & Nallagandla,Mid-Segment,5,4569,6,0,12,Semi-Furnished,Ground-Low (1-4),3,17.47111,78.32113,300.93
Mumbai,Thane West,Mid-Segment,3,1484,3,4,8,Fully-Furnished,Ground-Low (1-4),8,19.28146,72.94802,217.14
Bengaluru,Electronic City,Mid-Segment,4,2389,4,2,0,Semi-Furnished,Ground-Low (1-4),1,12.84493,77.67014,176.54
Mumbai,Bandra-Juhu Belt,Ultra Luxury,3,1630,4,1,2,Unfurnished,Ground-Low (1-4),8,19.16048,72.83075,602.49
Mumbai,Bandra-Juhu Belt,Ultra Luxury,3,1890,4,2,2,Semi-Furnished,Ground-Low (1-4),4,19.149,72.82924,746.82
Hyderabad,Jubilee Hills & Banjara Hills,Ultra Luxury,2,987,2,3,12,Semi-Furnished,Mid (5-12),10,17.43251,78.41747,168.35
Mumbai,Thane West,Mid-Segment,2,1123,3,1,18,Semi-Furnished,Mid (5-12),7,19.27306,72.94983,154.03
Pune,Baner & Balewadi,Premium,2,1220,3,3,8,Fully-Furnished,Ground-Low (1-4),6,18.55774,73.78479,137.26
Bengaluru,Electronic City,Mid-Segment,1,549,1,2,8,Semi-Furnished,Ground-Low (1-4),1,12.86033,77.67667,35.35
Pune,Koregaon Park & Kalyani Nagar,Ultra Luxury,3,1914,4,2,8,Semi-Furnished,High (13+),6,18.54249,73.89973,319.56
Bengaluru,HSR Layout & Sarjapur,Premium,2,1154,2,1,0,Fully-Furnished,Mid (5-12),5,12.90743,77.64747,166.99
Delhi NCR,Noida Sector 150/62,Mid-Segment,2,1156,3,1,18,Semi-Furnished,Ground-Low (1-4),1,28.5721,77.38338,78.11
Chennai,Adyar & Boat Club Area,Ultra Luxury,1,501,1,4,12,Unfurnished,Ground-Low (1-4),2,13.00461,80.25164,64.37
Pune,Hadapsar & Undri,Mid-Segment,2,1153,2,1,5,Semi-Furnished,Mid (5-12),1,18.4849,73.92891,75.94
Mumbai,Bandra-Juhu Belt,Ultra Luxury,1,550,1,1,5,Semi-Furnished,Ground-Low (1-4),9,19.14697,72.82949,199.94
Pune,Koregaon Park & Kalyani Nagar,Ultra Luxury,1,477,1,2,8,Semi-Furnished,Ground-Low (1-4),5,18.5433,73.89625,71.04
Mumbai,Bandra-Juhu Belt,Ultra Luxury,2,1155,3,2,8,Semi-Furnished,Ground-Low (1-4),9,19.15865,72.84073,424.87
Bengaluru,Yelahanka & North Blr,Mid-Segment,2,980,2,1,2,Unfurnished,Ground-Low (1-4),10,13.09614,77.58041,81.03
Hyderabad,Kondapur & HITECH City,Premium,2,1004,3,2,8,Semi-Furnished,Ground-Low (1-4),3,17.44886,78.38418,104.55
Delhi NCR,South Delhi (Vasant Vihar),Ultra Luxury,3,1631,3,2,2,Semi-Furnished,Ground-Low (1-4),8,28.57187,77.16629,512.53
Bengaluru,Indiranagar & Koramangala,Ultra Luxury,3,1874,3,2,12,Unfurnished,Ground-Low (1-4),4,12.97632,77.64192,274.11
Hyderabad,Jubilee Hills & Banjara Hills,Ultra Luxury,2,1247,3,1,0,Unfurnished,Mid (5-12),2,17.43081,78.42027,225.8
Hyderabad,Tellapur & Nallagandla,Mid-Segment,1,516,1,0,5,Unfurnished,Mid (5-12),3,17.47117,78.32798,37.85
Bengaluru,Yelahanka & North Blr,Mid-Segment,1,550,1,1,8,Unfurnished,Mid (5-12),8,13.09424,77.57481,40.99
Hyderabad,Miyapur & Kukatpally,Mid-Segment,1,501,1,1,2,Unfurnished,Ground-Low (1-4),7,17.49579,78.38181,33.32
Hyderabad,Tellapur & Nallagandla,Mid-Segment,3,1614,4,2,5,Unfurnished,Ground-Low (1-4),9,17.45732,78.33022,127.53
Pune,Hadapsar & Undri,Mid-Segment,2,879,3,1,5,Unfurnished,Ground-Low (1-4),3,18.48371,73.92981,51.45
Delhi NCR,Greater Noida West,Affordable,2,1195,2,1,2,Unfurnished,Mid (5-12),9,28.53703,77.46491,75.77
Bengaluru,Electronic City,Mid-Segment,2,1080,2,1,12,Unfurnished,Ground-Low (1-4),10,12.85554,77.6781,68.79
Pune,Kharadi & Viman Nagar,Premium,2,1059,2,3,18,Semi-Furnished,Mid (5-12),10,18.55627,73.92775,97.98
Bengaluru,HSR Layout & Sarjapur,Premium,2,859,2,1,12,Unfurnished,Mid (5-12),10,12.9203,77.64698,102.45
Delhi NCR,Greater Noida West,Affordable,2,1071,2,2,18,Semi-Furnished,High (13+),6,28.54002,77.46397,50.76
Hyderabad,Tellapur & Nallagandla,Mid-Segment,4,2955,5,3,5,Semi-Furnished,Mid (5-12),2,17.47078,78.3188,254.77
Hyderabad,Miyapur & Kukatpally,Mid-Segment,1,481,1,4,18,Semi-Furnished,Mid (5-12),10,17.48624,78.39019,31.05
Hyderabad,Gachibowli & Financial District,Premium,2,876,2,1,8,Fully-Furnished,High (13+),8,17.45364,78.36271,133.61
Mumbai,Thane West,Mid-Segment,2,940,2,2,12,Unfurnished,Ground-Low (1-4),5,19.26912,72.9622,122.37
Chennai,Adyar & Boat Club Area,Ultra Luxury,1,489,1,2,0,Fully-Furnished,High (13+),3,13.00665,80.25168,92.21
Chennai,Adyar & Boat Club Area,Ultra Luxury,2,1038,3,0,2,Unfurnished,High (13+),4,12.99377,80.25548,176.7
Pune,Kharadi & Viman Nagar,Premium,2,976,2,1,2,Semi-Furnished,Ground-Low (1-4),5,18.54207,73.92902,102.81
Pune,Wakad & Hinjewadi,Mid-Segment,1,559,1,1,2,Semi-Furnished,Ground-Low (1-4),2,18.58397,73.76213,47.38
Hyderabad,Miyapur & Kukatpally,Mid-Segment,5,4580,6,3,12,Fully-Furnished,Ground-Low (1-4),4,17.49305,78.39019,287.4
Pune,Hadapsar & Undri,Mid-Segment,2,1127,3,4,2,Unfurnished,Ground-Low (1-4),5,18.48166,73.94568,70.52
Hyderabad,Miyapur & Kukatpally,Mid-Segment,2,1195,3,1,0,Semi-Furnished,High (13+),6,17.4928,78.38887,89.54
Mumbai,South Mumbai (Colaba/Worli),Ultra Luxury,5,3401,6,1,0,Fully-Furnished,Ground-Low (1-4),7,19.13324,72.83574,1661.05
Bengaluru,Whitefield (IT Hub),Premium,4,2990,5,1,0,Semi-Furnished,Mid (5-12),4,12.98741,77.72696,329.89
Delhi NCR,South Delhi (Vasant Vihar),Ultra Luxury,1,504,1,2,2,Semi-Furnished,Ground-Low (1-4),1,28.55874,77.15268,138.63
Hyderabad,Kondapur & HITECH City,Premium,4,2235,5,1,5,Fully-Furnished,Mid (5-12),7,17.46134,78.38786,272.53
Hyderabad,Kondapur & HITECH City,Premium,3,1926,4,4,8,Unfurnished,Mid (5-12),3,17.44855,78.38486,188.02
Mumbai,Powai-Andheri West,Premium,2,1002,3,3,2,Semi-Furnished,Mid (5-12),10,19.18692,72.86421,251.49
Mumbai,Thane West,Mid-Segment,3,1816,4,0,12,Fully-Furnished,Mid (5-12),2,19.26933,72.96733,243.63
Bengaluru,Electronic City,Mid-Segment,3,1610,4,1,2,Unfurnished,High (13+),3,12.84309,77.67511,109.22
Hyderabad,Jubilee Hills & Banjara Hills,Ultra Luxury,2,1116,3,2,2,Semi-Furnished,Mid (5-12),10,17.42897,78.42305,222.84
Delhi NCR,Cyber City & Sector 54,Premium,2,1041,3,1,0,Fully-Furnished,Mid (5-12),4,28.46891,77.10325,213.04
Pune,Hadapsar & Undri,Mid-Segment,2,908,2,2,8,Semi-Furnished,High (13+),10,18.48061,73.9363,68.41
Bengaluru,HSR Layout & Sarjapur,Premium,2,1130,2,3,0,Unfurnished,Ground-Low (1-4),6,12.91597,77.65415,144.03
Chennai,Velachery,Mid-Segment,4,2977,4,3,12,Fully-Furnished,High (13+),2,12.97359,80.22988,231.28
Delhi NCR,Greater Noida West,Affordable,2,1179,3,4,8,Semi-Furnished,Ground-Low (1-4),1,28.53646,77.46104,61.98
Mumbai,Navi Mumbai (Vashi/Kharghar),Mid-Segment,2,1199,3,3,2,Semi-Furnished,Ground-Low (1-4),3,19.10079,73.03466,133.39
Bengaluru,HSR Layout & Sarjapur,Premium,2,911,2,1,2,Semi-Furnished,Mid (5-12),1,12.91473,77.65619,113.22
Delhi NCR,Cyber City & Sector 54,Premium,4,2491,4,1,8,Semi-Furnished,Ground-Low (1-4),10,28.47759,77.10812,476.15
Pune,Hadapsar & Undri,Mid-Segment,4,2914,4,3,8,Semi-Furnished,Ground-Low (1-4),6,18.48771,73.92764,190.92
Mumbai,Bandra-Juhu Belt,Ultra Luxury,2,1179,3,3,5,Unfurnished,Ground-Low (1-4),9,19.15492,72.84566,409.34
Pune,Wakad & Hinjewadi,Mid-Segment,3,1757,3,1,0,Semi-Furnished,Mid (5-12),10,18.58998,73.7641,165.86
Pune,Wakad & Hinjewadi,Mid-Segment,4,2914,4,2,0,Semi-Furnished,High (13+),7,18.5866,73.76639,276.26
Mumbai,Powai-Andheri West,Premium,1,643,1,2,2,Semi-Furnished,Ground-Low (1-4),6,19.19975,72.85031,143.61
Pune,Wakad & Hinjewadi,Mid-Segment,3,1786,3,2,0,Semi-Furnished,Mid (5-12),2,18.58709,73.76504,147.73
Hyderabad,Miyapur & Kukatpally,Mid-Segment,2,1131,3,2,2,Semi-Furnished,Mid (5-12),5,17.49601,78.39567,88.12
Bengaluru,Whitefield (IT Hub),Premium,3,1863,4,2,0,Semi-Furnished,Ground-Low (1-4),8,12.98181,77.7352,209.37
Pune,Koregaon Park & Kalyani Nagar,Ultra Luxury,3,1352,4,1,18,Unfurnished,Ground-Low (1-4),3,18.55001,73.90126,152.79
Pune,Kharadi & Viman Nagar,Premium,2,868,2,2,0,Fully-Furnished,Ground-Low (1-4),2,18.54546,73.9344,92.25
Mumbai,Thane West,Mid-Segment,1,640,1,1,5,Unfurnished,Mid (5-12),3,19.27979,72.9636,88.29
Delhi NCR,South Delhi (Vasant Vihar),Ultra Luxury,3,1666,3,2,18,Unfurnished,Ground-Low (1-4),2,28.55922,77.16691,402.96
Delhi NCR,Noida Sector 150/62,Mid-Segment,2,935,3,2,2,Semi-Furnished,Mid (5-12),9,28.57654,77.38131,91.11
Mumbai,Powai-Andheri West,Premium,3,1889,4,1,0,Semi-Furnished,Mid (5-12),6,19.18912,72.8531,515.93
Pune,Koregaon Park & Kalyani Nagar,Ultra Luxury,1,600,1,2,12,Fully-Furnished,Mid (5-12),2,18.54463,73.88751,82.37
Pune,Baner & Balewadi,Premium,2,1049,3,3,12,Semi-Furnished,High (13+),2,18.55368,73.79142,109.5
Pune,Koregaon Park & Kalyani Nagar,Ultra Luxury,2,918,2,2,2,Unfurnished,Ground-Low (1-4),3,18.54727,73.90606,140.55
Chennai,Adyar & Boat Club Area,Ultra Luxury,1,519,1,3,0,Semi-Furnished,High (13+),3,13.01249,80.25901,95.54
Chennai,Adyar & Boat Club Area,Ultra Luxury,2,929,3,0,5,Semi-Furnished,Mid (5-12),6,12.99938,80.2443,167.19
Hyderabad,Gachibowli & Financial District,Premium,2,1196,2,1,12,Fully-Furnished,High (13+),4,17.44487,78.36335,141.0
Bengaluru,HSR Layout & Sarjapur,Premium,2,994,2,2,12,Semi-Furnished,Mid (5-12),9,12.90911,77.6454,123.6
Chennai,Adyar & Boat Club Area,Ultra Luxury,5,4225,5,2,5,Unfurnished,Ground-Low (1-4),4,12.99906,80.24555,644.26
Pune,Kharadi & Viman Nagar,Premium,4,2605,5,4,12,Unfurnished,Ground-Low (1-4),5,18.55141,73.91819,222.21
Delhi NCR,Noida Sector 150/62,Mid-Segment,1,578,1,3,2,Fully-Furnished,Mid (5-12),9,28.57178,77.38491,61.68
Delhi NCR,Golf Course Rd (Gurugram),Ultra Luxury,3,1575,3,0,5,Unfurnished,Mid (5-12),10,28.45534,77.09907,399.98
Delhi NCR,Cyber City & Sector 54,Premium,3,1793,3,2,8,Semi-Furnished,Mid (5-12),4,28.46679,77.11325,303.76
Mumbai,South Mumbai (Colaba/Worli),Ultra Luxury,4,3010,5,0,8,Unfurnished,High (13+),10,19.13552,72.81956,1245.2
Delhi NCR,South Delhi (Vasant Vihar),Ultra Luxury,2,1166,3,2,0,Semi-Furnished,Ground-Low (1-4),10,28.56491,77.16375,377.96
Delhi NCR,South Delhi (Vasant Vihar),Ultra Luxury,2,1195,3,0,0,Unfurnished,Ground-Low (1-4),9,28.55929,77.15148,411.63
Hyderabad,Gachibowli & Financial District,Premium,2,1137,2,1,0,Semi-Furnished,Mid (5-12),6,17.44641,78.36718,143.32
Bengaluru,Electronic City,Mid-Segment,2,1119,3,0,25,Fully-Furnished,Ground-Low (1-4),8,12.8571,77.68343,67.42
Delhi NCR,South Delhi (Vasant Vihar),Ultra Luxury,2,1063,3,1,18,Fully-Furnished,High (13+),4,28.55652,77.16117,302.74
Delhi NCR,Cyber City & Sector 54,Premium,3,1539,4,1,5,Unfurnished,High (13+),9,28.47895,77.1037,292.61
Delhi NCR,Noida Sector 150/62,Mid-Segment,3,1426,3,2,5,Fully-Furnished,Mid (5-12),3,28.58152,77.38042,156.38
Mumbai,Thane West,Mid-Segment,3,1388,4,3,5,Semi-Furnished,Ground-Low (1-4),10,19.26602,72.95262,216.88
Hyderabad,Jubilee Hills & Banjara Hills,Ultra Luxury,4,2762,4,4,12,Unfurnished,High (13+),2,17.43038,78.4204,400.05
Mumbai,Powai-Andheri West,Premium,2,1076,3,3,2,Unfurnished,Ground-Low (1-4),4,19.19379,72.86597,245.79
Hyderabad,Tellapur & Nallagandla,Mid-Segment,1,552,1,1,12,Unfurnished,Mid (5-12),1,17.45983,78.33307,37.1
Bengaluru,Electronic City,Mid-Segment,4,3177,4,2,8,Semi-Furnished,Mid (5-12),10,12.86131,77.66852,238.96
Mumbai,Thane West,Mid-Segment,2,1172,2,2,25,Unfurnished,Ground-Low (1-4),5,19.275,72.96362,117.3
Hyderabad,Kondapur & HITECH City,Premium,2,887,2,2,12,Unfurnished,Ground-Low (1-4),8,17.45831,78.38461,84.93
Pune,Koregaon Park & Kalyani Nagar,Ultra Luxury,1,618,1,3,0,Semi-Furnished,Mid (5-12),3,18.54584,73.89605,107.53
Hyderabad,Kondapur & HITECH City,Premium,3,1453,3,1,2,Semi-Furnished,Ground-Low (1-4),2,17.44933,78.39412,158.47
Mumbai,Bandra-Juhu Belt,Ultra Luxury,3,1579,3,3,0,Fully-Furnished,Ground-Low (1-4),8,19.1608,72.84008,675.34
Hyderabad,Miyapur & Kukatpally,Mid-Segment,5,4149,5,2,0,Semi-Furnished,Ground-Low (1-4),2,17.49972,78.39257,273.73
Delhi NCR,Noida Sector 150/62,Mid-Segment,4,2749,5,4,8,Unfurnished,High (13+),1,28.56541,77.37292,214.33
Chennai,Tambaram & Porur,Affordable,4,2466,5,1,2,Unfurnished,Mid (5-12),1,12.92968,80.14797,133.68
Mumbai,Thane West,Mid-Segment,2,850,2,1,8,Unfurnished,Mid (5-12),4,19.26652,72.9648,124.22
Delhi NCR,South Delhi (Vasant Vihar),Ultra Luxury,2,1176,3,2,8,Unfurnished,Ground-Low (1-4),9,28.56632,77.161,316.32
Mumbai,Powai-Andheri West,Premium,4,2282,4,2,5,Semi-Furnished,Ground-Low (1-4),1,19.20526,72.86401,478.67
Bengaluru,Yelahanka & North Blr,Mid-Segment,2,1218,3,1,2,Semi-Furnished,Ground-Low (1-4),4,13.10791,77.59433,97.05
Delhi NCR,Golf Course Rd (Gurugram),Ultra Luxury,2,1152,3,1,5,Fully-Furnished,Mid (5-12),3,28.46203,77.09913,342.36
Pune,Kharadi & Viman Nagar,Premium,4,3010,5,1,8,Unfurnished,Ground-Low (1-4),10,18.54382,73.93618,295.43
Delhi NCR,Greater Noida West,Affordable,2,1196,2,2,8,Semi-Furnished,High (13+),1,28.53634,77.45881,61.09
Pune,Kharadi & Viman Nagar,Premium,2,1034,2,1,12,Unfurnished,Mid (5-12),7,18.54265,73.92889,89.8
Pune,Koregaon Park & Kalyani Nagar,Ultra Luxury,2,1066,3,1,2,Semi-Furnished,Mid (5-12),10,18.53603,73.89524,197.11
Delhi NCR,Noida Sector 150/62,Mid-Segment,2,1194,3,1,0,Unfurnished,Ground-Low (1-4),7,28.5691,77.37433,107.04
Hyderabad,Tellapur & Nallagandla,Mid-Segment,3,1373,3,1,8,Semi-Furnished,High (13+),3,17.47328,78.32971,115.67
Mumbai,Navi Mumbai (Vashi/Kharghar),Mid-Segment,2,1087,2,1,5,Unfurnished,Ground-Low (1-4),7,19.10573,73.02025,121.24
Delhi NCR,Cyber City & Sector 54,Premium,2,943,3,4,5,Unfurnished,High (13+),1,28.46523,77.1,170.9
Pune,Wakad & Hinjewadi,Mid-Segment,2,999,2,3,8,Semi-Furnished,Mid (5-12),4,18.58989,73.74798,77.23
Chennai,Anna Nagar,Premium,2,1183,2,1,8,Unfurnished,High (13+),3,13.08755,80.21923,140.37
Hyderabad,Jubilee Hills & Banjara Hills,Ultra Luxury,3,1607,3,3,2,Fully-Furnished,Ground-Low (1-4),1,17.4356,78.43343,291.99
Delhi NCR,Cyber City & Sector 54,Premium,2,870,3,1,2,Unfurnished,Mid (5-12),8,28.46554,77.11764,165.24
Delhi NCR,Golf Course Rd (Gurugram),Ultra Luxury,2,1147,3,3,5,Fully-Furnished,Ground-Low (1-4),3,28.45475,77.09025,343.19
Delhi NCR,South Delhi (Vasant Vihar),Ultra Luxury,3,1943,3,2,2,Semi-Furnished,Ground-Low (1-4),6,28.57379,77.16349,662.74
Hyderabad,Miyapur & Kukatpally,Mid-Segment,2,974,3,2,0,Semi-Furnished,High (13+),10,17.49936,78.377,78.01
Chennai,Velachery,Mid-Segment,2,877,2,3,8,Fully-Furnished,Mid (5-12),7,12.99068,80.23954,72.6
Mumbai,Thane West,Mid-Segment,2,1240,2,2,8,Unfurnished,Mid (5-12),7,19.26788,72.95191,186.32
Delhi NCR,Golf Course Rd (Gurugram),Ultra Luxury,2,872,3,3,2,Fully-Furnished,Mid (5-12),4,28.44701,77.10061,229.62
Hyderabad,Gachibowli & Financial District,Premium,2,1230,2,2,12,Semi-Furnished,Ground-Low (1-4),7,17.45037,78.3749,133.54
Delhi NCR,South Delhi (Vasant Vihar),Ultra Luxury,2,965,2,3,0,Semi-Furnished,Mid (5-12),7,28.5693,77.15231,343.64
Hyderabad,Jubilee Hills & Banjara Hills,Ultra Luxury,2,987,2,1,2,Semi-Furnished,Mid (5-12),6,17.4331,78.41922,195.54
Chennai,Adyar & Boat Club Area,Ultra Luxury,3,1615,4,3,0,Semi-Furnished,Ground-Low (1-4),1,13.00772,80.24086,248.64
Delhi NCR,Noida Sector 150/62,Mid-Segment,3,1775,4,4,25,Semi-Furnished,Ground-Low (1-4),5,28.57655,77.38877,115.55
Chennai,Anna Nagar,Premium,3,1411,4,1,12,Unfurnished,Mid (5-12),6,13.08499,80.2188,158.51
Delhi NCR,Cyber City & Sector 54,Premium,3,1532,3,2,2,Semi-Furnished,Ground-Low (1-4),3,28.46664,77.10657,242.19
Mumbai,Bandra-Juhu Belt,Ultra Luxury,3,1693,3,1,18,Semi-Furnished,High (13+),5,19.15122,72.84748,544.91
Delhi NCR,Cyber City & Sector 54,Premium,3,1674,4,2,0,Semi-Furnished,Ground-Low (1-4),3,28.47269,77.10455,296.64
Bengaluru,Whitefield (IT Hub),Premium,3,1627,3,2,25,Semi-Furnished,Ground-Low (1-4),4,12.97725,77.73385,119.06
Mumbai,Powai-Andheri West,Premium,3,1392,3,2,2,Fully-Furnished,Ground-Low (1-4),6,19.20207,72.84978,344.61
Hyderabad,Tellapur & Nallagandla,Mid-Segment,3,1444,4,1,2,Semi-Furnished,Mid (5-12),1,17.47279,78.32547,118.73
Hyderabad,Gachibowli & Financial District,Premium,2,1017,2,2,12,Unfurnished,Mid (5-12),3,17.45369,78.35998,107.73
Hyderabad,Gachibowli & Financial District,Premium,2,1072,2,1,25,Unfurnished,Ground-Low (1-4),9,17.45203,78.37343,88.15
Hyderabad,Tellapur & Nallagandla,Mid-Segment,1,479,1,0,18,Unfurnished,Mid (5-12),8,17.45666,78.32534,30.19
Mumbai,South Mumbai (Colaba/Worli),Ultra Luxury,1,649,1,2,12,Unfurnished,Mid (5-12),10,19.13503,72.82227,263.99
Hyderabad,Tellapur & Nallagandla,Mid-Segment,2,1055,3,3,2,Fully-Furnished,Mid (5-12),7,17.47393,78.324,112.24
Chennai,Adyar & Boat Club Area,Ultra Luxury,1,473,1,1,0,Semi-Furnished,Mid (5-12),4,12.99335,80.24518,82.14
Hyderabad,Miyapur & Kukatpally,Mid-Segment,3,1463,3,1,0,Unfurnished,Mid (5-12),1,17.48682,78.38674,100.86
Delhi NCR,Golf Course Rd (Gurugram),Ultra Luxury,4,3192,5,2,0,Semi-Furnished,High (13+),10,28.45465,77.10453,1033.28
Chennai,Tambaram & Porur,Affordable,2,953,3,1,0,Unfurnished,Mid (5-12),8,12.92594,80.15684,59.4
Mumbai,Bandra-Juhu Belt,Ultra Luxury,3,1451,3,3,0,Fully-Furnished,Ground-Low (1-4),2,19.14612,72.83392,532.01
Bengaluru,Yelahanka & North Blr,Mid-Segment,2,1239,2,2,2,Unfurnished,Ground-Low (1-4),1,13.10606,77.57779,89.86
Chennai,Adyar & Boat Club Area,Ultra Luxury,3,1639,4,2,0,Fully-Furnished,High (13+),9,12.99884,80.2603,321.79
Hyderabad,Tellapur & Nallagandla,Mid-Segment,2,1204,3,2,8,Unfurnished,High (13+),9,17.46749,78.33647,97.76
Hyderabad,Jubilee Hills & Banjara Hills,Ultra Luxury,3,1803,4,0,5,Fully-Furnished,High (13+),8,17.42545,78.43365,384.12
Pune,Wakad & Hinjewadi,Mid-Segment,3,1905,4,2,12,Semi-Furnished,Ground-Low (1-4),9,18.5808,73.76446,141.81
Hyderabad,Gachibowli & Financial District,Premium,2,1235,2,2,0,Semi-Furnished,High (13+),7,17.43681,78.36143,182.04
Pune,Koregaon Park & Kalyani Nagar,Ultra Luxury,2,977,3,0,8,Semi-Furnished,Ground-Low (1-4),3,18.54786,73.90567,152.55
Chennai,Anna Nagar,Premium,2,891,3,3,5,Unfurnished,Mid (5-12),9,13.08672,80.21186,124.66
Mumbai,Thane West,Mid-Segment,3,1678,4,2,2,Fully-Furnished,Mid (5-12),4,19.26825,72.96042,289.51
Bengaluru,Indiranagar & Koramangala,Ultra Luxury,1,486,1,0,18,Semi-Furnished,Ground-Low (1-4),5,12.97304,77.63976,69.91
Hyderabad,Gachibowli & Financial District,Premium,2,1187,3,1,25,Unfurnished,Ground-Low (1-4),4,17.44725,78.35812,101.39
Bengaluru,Whitefield (IT Hub),Premium,3,1874,4,2,0,Unfurnished,Ground-Low (1-4),7,12.97288,77.73939,192.97
Hyderabad,Miyapur & Kukatpally,Mid-Segment,1,555,1,1,0,Fully-Furnished,High (13+),1,17.50439,78.38189,40.76
Hyderabad,Kondapur & HITECH City,Premium,3,1642,4,2,5,Unfurnished,Ground-Low (1-4),2,17.45046,78.38562,159.73
Delhi NCR,Golf Course Rd (Gurugram),Ultra Luxury,3,1883,4,2,2,Unfurnished,High (13+),7,28.45405,77.08999,481.6
Pune,Hadapsar & Undri,Mid-Segment,2,983,3,2,8,Semi-Furnished,High (13+),5,18.47373,73.94266,64.81
Delhi NCR,Golf Course Rd (Gurugram),Ultra Luxury,4,2855,4,2,8,Semi-Furnished,High (13+),7,28.44802,77.09314,821.17
Delhi NCR,South Delhi (Vasant Vihar),Ultra Luxury,3,1880,4,1,2,Fully-Furnished,Mid (5-12),8,28.56409,77.15317,671.56
Pune,Hadapsar & Undri,Mid-Segment,4,3055,5,1,0,Semi-Furnished,Ground-Low (1-4),9,18.48347,73.94103,226.84
Delhi NCR,Noida Sector 150/62,Mid-Segment,2,1219,3,1,25,Fully-Furnished,Ground-Low (1-4),2,28.57469,77.38006,83.5
Chennai,Anna Nagar,Premium,1,533,1,3,8,Unfurnished,Ground-Low (1-4),5,13.08519,80.21864,52.99
Chennai,Anna Nagar,Premium,3,1744,3,1,8,Semi-Furnished,Mid (5-12),3,13.09109,80.2155,205.86
Pune,Hadapsar & Undri,Mid-Segment,3,1608,4,2,12,Fully-Furnished,Ground-Low (1-4),2,18.47565,73.93324,96.99
Hyderabad,Gachibowli & Financial District,Premium,3,1387,4,1,2,Unfurnished,Mid (5-12),10,17.45476,78.37668,163.25
Hyderabad,Miyapur & Kukatpally,Mid-Segment,2,860,3,2,0,Unfurnished,High (13+),2,17.48698,78.38627,58.32
Delhi NCR,Cyber City & Sector 54,Premium,2,1202,3,1,0,Semi-Furnished,Mid (5-12),8,28.48049,77.1061,227.43
Bengaluru,Electronic City,Mid-Segment,2,1135,3,1,5,Fully-Furnished,High (13+),9,12.84337,77.67789,98.94
Bengaluru,Electronic City,Mid-Segment,2,897,2,4,0,Unfurnished,High (13+),1,12.84607,77.67268,65.14
Delhi NCR,Cyber City & Sector 54,Premium,2,952,3,2,12,Fully-Furnished,Mid (5-12),10,28.46816,77.10442,166.22
Delhi NCR,Golf Course Rd (Gurugram),Ultra Luxury,3,1374,4,2,0,Semi-Furnished,Mid (5-12),8,28.46028,77.09919,394.73
Pune,Kharadi & Viman Nagar,Premium,1,554,1,1,2,Fully-Furnished,Mid (5-12),2,18.54704,73.92456,59.75
Chennai,OMR IT Corridor (Perungudi),Mid-Segment,1,485,1,3,5,Fully-Furnished,Mid (5-12),6,12.95804,80.29035,46.56
Hyderabad,Miyapur & Kukatpally,Mid-Segment,5,4513,5,3,8,Semi-Furnished,Ground-Low (1-4),4,17.48539,78.39152,276.11
Bengaluru,Electronic City,Mid-Segment,3,1631,4,0,8,Unfurnished,Ground-Low (1-4),10,12.85214,77.67088,108.53
Delhi NCR,Golf Course Rd (Gurugram),Ultra Luxury,3,1903,3,0,0,Unfurnished,Ground-Low (1-4),10,28.44692,77.10353,492.04
Delhi NCR,Cyber City & Sector 54,Premium,2,1206,2,2,2,Semi-Furnished,Ground-Low (1-4),8,28.47633,77.11789,226.02
Hyderabad,Gachibowli & Financial District,Premium,3,1564,4,3,8,Fully-Furnished,Ground-Low (1-4),2,17.44732,78.36278,184.4
Mumbai,Bandra-Juhu Belt,Ultra Luxury,1,583,1,2,0,Unfurnished,High (13+),7,19.15235,72.83082,223.04
Chennai,Anna Nagar,Premium,1,510,1,2,0,Fully-Furnished,High (13+),10,13.08983,80.2082,90.25
Pune,Hadapsar & Undri,Mid-Segment,2,902,3,2,2,Unfurnished,Mid (5-12),9,18.47177,73.94507,61.33
Delhi NCR,Golf Course Rd (Gurugram),Ultra Luxury,2,1233,3,1,18,Unfurnished,Ground-Low (1-4),1,28.44752,77.09821,226.12
Bengaluru,Indiranagar & Koramangala,Ultra Luxury,3,1634,4,1,2,Fully-Furnished,Mid (5-12),2,12.98781,77.64012,320.9
Mumbai,Powai-Andheri West,Premium,1,597,1,2,0,Unfurnished,Ground-Low (1-4),6,19.19169,72.86292,144.59
Hyderabad,Gachibowli & Financial District,Premium,1,632,1,2,2,Unfurnished,High (13+),9,17.44314,78.35897,84.62
Pune,Kharadi & Viman Nagar,Premium,3,1553,4,1,0,Semi-Furnished,Mid (5-12),7,18.54561,73.92451,173.46
Delhi NCR,Greater Noida West,Affordable,3,1679,3,2,12,Semi-Furnished,High (13+),2,28.53894,77.45222,86.04
Mumbai,South Mumbai (Colaba/Worli),Ultra Luxury,3,1768,3,2,18,Unfurnished,Ground-Low (1-4),7,19.12317,72.83166,583.7
Delhi NCR,Noida Sector 150/62,Mid-Segment,2,1074,3,1,5,Semi-Furnished,High (13+),4,28.56713,77.37427,90.74
Mumbai,Navi Mumbai (Vashi/Kharghar),Mid-Segment,2,885,3,2,5,Fully-Furnished,Ground-Low (1-4),4,19.1019,73.01912,103.4
Bengaluru,Indiranagar & Koramangala,Ultra Luxury,2,1132,2,1,12,Semi-Furnished,Ground-Low (1-4),4,12.97916,77.62489,180.45
Chennai,Adyar & Boat Club Area,Ultra Luxury,1,609,1,2,0,Semi-Furnished,Ground-Low (1-4),9,13.00422,80.24278,101.83
Delhi NCR,Greater Noida West,Affordable,4,2282,4,0,8,Unfurnished,High (13+),4,28.53849,77.46598,132.82
Bengaluru,HSR Layout & Sarjapur,Premium,4,2585,5,1,12,Unfurnished,High (13+),4,12.91525,77.64975,263.09
Hyderabad,Jubilee Hills & Banjara Hills,Ultra Luxury,2,1176,3,0,2,Unfurnished,Mid (5-12),4,17.43244,78.41833,210.26
Delhi NCR,Greater Noida West,Affordable,3,1752,4,2,2,Unfurnished,Mid (5-12),5,28.52705,77.46713,92.85
Pune,Wakad & Hinjewadi,Mid-Segment,1,586,1,2,2,Semi-Furnished,Ground-Low (1-4),2,18.58906,73.75492,48.78
Mumbai,Powai-Andheri West,Premium,4,2377,4,3,12,Fully-Furnished,Ground-Low (1-4),10,19.19277,72.85151,555.42
Delhi NCR,Cyber City & Sector 54,Premium,4,2921,4,1,8,Unfurnished,Mid (5-12),5,28.47755,77.11661,432.79
Bengaluru,HSR Layout & Sarjapur,Premium,1,616,1,3,5,Fully-Furnished,Mid (5-12),8,12.90326,77.6471,92.17
Delhi NCR,Cyber City & Sector 54,Premium,2,920,2,3,5,Semi-Furnished,High (13+),5,28.47428,77.11353,167.52
Pune,Baner & Balewadi,Premium,2,900,2,1,0,Semi-Furnished,Mid (5-12),10,18.56781,73.78089,114.94
Mumbai,South Mumbai (Colaba/Worli),Ultra Luxury,3,1706,3,1,8,Fully-Furnished,Ground-Low (1-4),3,19.13087,72.82523,679.1
Chennai,OMR IT Corridor (Perungudi),Mid-Segment,2,1156,2,3,8,Unfurnished,Ground-Low (1-4),6,12.95963,80.28135,94.43
Hyderabad,Gachibowli & Financial District,Premium,2,1022,2,1,12,Fully-Furnished,Mid (5-12),9,17.43834,78.37218,135.03
Pune,Kharadi & Viman Nagar,Premium,3,1804,4,1,0,Unfurnished,Mid (5-12),7,18.54215,73.93558,208.26
Bengaluru,Whitefield (IT Hub),Premium,4,2629,5,1,0,Fully-Furnished,Mid (5-12),9,12.97928,77.73957,337.33
Mumbai,Navi Mumbai (Vashi/Kharghar),Mid-Segment,2,1125,3,2,25,Unfurnished,High (13+),9,19.09761,73.02426,106.6
Chennai,Anna Nagar,Premium,3,1726,3,1,2,Unfurnished,Mid (5-12),4,13.10222,80.21448,214.28
Hyderabad,Gachibowli & Financial District,Premium,2,1224,2,4,5,Semi-Furnished,High (13+),7,17.44078,78.3588,158.29
Chennai,Tambaram & Porur,Affordable,3,1902,4,1,8,Fully-Furnished,Ground-Low (1-4),9,12.92692,80.14929,114.99
Chennai,Velachery,Mid-Segment,1,539,1,2,5,Semi-Furnished,Ground-Low (1-4),3,12.97499,80.22498,40.8
Mumbai,Thane West,Mid-Segment,3,1563,4,3,2,Unfurnished,Ground-Low (1-4),8,19.27787,72.96211,229.58
Pune,Koregaon Park & Kalyani Nagar,Ultra Luxury,3,1852,4,2,18,Semi-Furnished,High (13+),9,18.54654,73.88952,277.45
Hyderabad,Kondapur & HITECH City,Premium,2,946,3,3,2,Unfurnished,High (13+),2,17.45215,78.38357,100.85
Mumbai,Thane West,Mid-Segment,2,947,2,2,5,Fully-Furnished,Ground-Low (1-4),9,19.28406,72.95633,156.05
Delhi NCR,Greater Noida West,Affordable,2,1158,2,2,12,Fully-Furnished,High (13+),2,28.52816,77.45611,63.3
Mumbai,Thane West,Mid-Segment,2,1196,2,3,18,Semi-Furnished,Ground-Low (1-4),1,19.26745,72.95089,142.21
Mumbai,Thane West,Mid-Segment,1,568,1,1,2,Semi-Furnished,Ground-Low (1-4),5,19.26811,72.9556,81.87
Bengaluru,Indiranagar & Koramangala,Ultra Luxury,2,964,3,2,5,Semi-Furnished,Ground-Low (1-4),10,12.99082,77.627,188.28
Chennai,OMR IT Corridor (Perungudi),Mid-Segment,2,860,2,3,2,Unfurnished,Mid (5-12),7,12.96885,80.27712,76.31
Delhi NCR,Golf Course Rd (Gurugram),Ultra Luxury,3,1406,4,2,12,Unfurnished,Ground-Low (1-4),2,28.46375,77.10775,273.03
Hyderabad,Gachibowli & Financial District,Premium,4,2254,4,2,2,Semi-Furnished,Mid (5-12),4,17.45148,78.37022,304.76
Delhi NCR,Greater Noida West,Affordable,2,1099,3,2,0,Semi-Furnished,Ground-Low (1-4),6,28.53283,77.45991,63.66
Hyderabad,Miyapur & Kukatpally,Mid-Segment,2,1121,3,3,18,Semi-Furnished,Mid (5-12),7,17.50393,78.37804,57.16
Hyderabad,Gachibowli & Financial District,Premium,1,610,1,1,8,Fully-Furnished,High (13+),6,17.44503,78.35683,75.93
Hyderabad,Gachibowli & Financial District,Premium,4,2963,4,3,8,Unfurnished,Ground-Low (1-4),7,17.43761,78.37416,327.91
Chennai,Tambaram & Porur,Affordable,2,1240,3,1,5,Semi-Furnished,Mid (5-12),2,12.92669,80.14936,69.02
Mumbai,Powai-Andheri West,Premium,3,1400,3,2,5,Semi-Furnished,High (13+),4,19.1987,72.85024,353.35
Pune,Wakad & Hinjewadi,Mid-Segment,2,1115,3,2,5,Semi-Furnished,Mid (5-12),3,18.59659,73.761,86.59
Hyderabad,Kondapur & HITECH City,Premium,3,1726,3,3,8,Semi-Furnished,Mid (5-12),4,17.45256,78.38147,196.42
Delhi NCR,Greater Noida West,Affordable,1,590,1,2,0,Unfurnished,Ground-Low (1-4),4,28.54234,77.4578,31.75
Chennai,Velachery,Mid-Segment,3,1684,3,1,12,Semi-Furnished,Mid (5-12),7,12.99204,80.2379,116.17
Bengaluru,Yelahanka & North Blr,Mid-Segment,4,2520,4,3,0,Semi-Furnished,Ground-Low (1-4),7,13.10231,77.57536,208.67
Hyderabad,Kondapur & HITECH City,Premium,2,971,2,2,5,Unfurnished,Ground-Low (1-4),5,17.46043,78.39204,102.45
Pune,Koregaon Park & Kalyani Nagar,Ultra Luxury,3,1756,3,2,0,Unfurnished,High (13+),8,18.54594,73.90542,314.12
Chennai,Adyar & Boat Club Area,Ultra Luxury,3,1369,4,2,5,Semi-Furnished,High (13+),4,13.00456,80.25378,246.4
Mumbai,Powai-Andheri West,Premium,3,1827,4,0,2,Fully-Furnished,Ground-Low (1-4),5,19.19997,72.86621,433.28
Delhi NCR,South Delhi (Vasant Vihar),Ultra Luxury,2,878,2,2,2,Unfurnished,Ground-Low (1-4),10,28.56603,77.16698,279.86
Hyderabad,Gachibowli & Financial District,Premium,3,1479,4,2,0,Unfurnished,Ground-Low (1-4),7,17.44293,78.3627,170.56
Mumbai,Bandra-Juhu Belt,Ultra Luxury,3,1550,3,1,12,Fully-Furnished,Ground-Low (1-4),5,19.15177,72.83921,559.29
Chennai,Velachery,Mid-Segment,2,994,3,4,0,Fully-Furnished,Ground-Low (1-4),10,12.98828,80.23763,95.53
Delhi NCR,Noida Sector 150/62,Mid-Segment,2,1126,3,1,5,Unfurnished,Mid (5-12),5,28.5797,77.3757,90.34
Bengaluru,Yelahanka & North Blr,Mid-Segment,1,514,1,3,8,Unfurnished,Mid (5-12),3,13.09722,77.58991,39.34
Chennai,Adyar & Boat Club Area,Ultra Luxury,2,1169,3,3,0,Unfurnished,Mid (5-12),7,12.99444,80.24263,193.54
Hyderabad,Miyapur & Kukatpally,Mid-Segment,3,1406,3,1,8,Fully-Furnished,Mid (5-12),1,17.49949,78.38402,86.96
Hyderabad,Jubilee Hills & Banjara Hills,Ultra Luxury,2,1201,2,1,0,Semi-Furnished,High (13+),5,17.43764,78.43597,228.17
Delhi NCR,Golf Course Rd (Gurugram),Ultra Luxury,2,1134,2,4,2,Fully-Furnished,Ground-Low (1-4),9,28.45302,77.09139,336.23
Delhi NCR,Noida Sector 150/62,Mid-Segment,2,1114,3,1,8,Unfurnished,Ground-Low (1-4),6,28.57213,77.38277,85.76
Chennai,Velachery,Mid-Segment,2,943,3,1,0,Unfurnished,High (13+),1,12.98201,80.23298,76.84
Delhi NCR,Greater Noida West,Affordable,4,3166,5,2,5,Unfurnished,Ground-Low (1-4),4,28.53065,77.46052,166.51
Delhi NCR,South Delhi (Vasant Vihar),Ultra Luxury,2,1005,2,1,2,Fully-Furnished,Ground-Low (1-4),3,28.56053,77.16348,291.1
Hyderabad,Jubilee Hills & Banjara Hills,Ultra Luxury,2,1219,3,2,0,Semi-Furnished,Mid (5-12),8,17.43875,78.42644,229.64
Pune,Hadapsar & Undri,Mid-Segment,3,1719,3,1,2,Semi-Furnished,Ground-Low (1-4),8,18.47314,73.93719,124.32
Hyderabad,Jubilee Hills & Banjara Hills,Ultra Luxury,5,3580,5,2,0,Semi-Furnished,Mid (5-12),9,17.43246,78.43054,682.41
Hyderabad,Gachibowli & Financial District,Premium,4,2657,4,1,12,Semi-Furnished,Mid (5-12),3,17.45116,78.35785,304.38
Bengaluru,Indiranagar & Koramangala,Ultra Luxury,2,1023,3,2,2,Semi-Furnished,Mid (5-12),9,12.98565,77.62842,206.71
Bengaluru,Whitefield (IT Hub),Premium,2,1024,3,1,2,Semi-Furnished,Mid (5-12),5,12.98462,77.7408,110.99
Mumbai,South Mumbai (Colaba/Worli),Ultra Luxury,3,1612,3,1,2,Unfurnished,Ground-Low (1-4),2,19.12745,72.83423,621.81
Delhi NCR,Cyber City & Sector 54,Premium,2,946,3,1,2,Unfurnished,High (13+),9,28.46423,77.11737,172.31
Mumbai,Powai-Andheri West,Premium,1,494,1,3,2,Fully-Furnished,High (13+),2,19.1991,72.85868,124.27
Chennai,Velachery,Mid-Segment,2,1110,2,2,2,Semi-Furnished,Ground-Low (1-4),4,12.99258,80.23426,95.1
Hyderabad,Tellapur & Nallagandla,Mid-Segment,3,1816,3,2,0,Fully-Furnished,Mid (5-12),1,17.45639,78.3315,161.56
Hyderabad,Jubilee Hills & Banjara Hills,Ultra Luxury,2,1057,2,2,2,Semi-Furnished,Mid (5-12),9,17.43669,78.42676,198.26
Hyderabad,Kondapur & HITECH City,Premium,2,898,2,2,0,Semi-Furnished,Mid (5-12),9,17.46256,78.37765,110.57
Bengaluru,HSR Layout & Sarjapur,Premium,2,955,2,1,18,Semi-Furnished,High (13+),1,12.91918,77.66093,99.44
Mumbai,South Mumbai (Colaba/Worli),Ultra Luxury,1,580,1,1,2,Unfurnished,Ground-Low (1-4),7,19.12568,72.83151,239.41
Chennai,Velachery,Mid-Segment,4,3095,5,1,0,Semi-Furnished,Ground-Low (1-4),5,12.98066,80.2215,255.55
Mumbai,South Mumbai (Colaba/Worli),Ultra Luxury,2,911,3,2,12,Semi-Furnished,High (13+),3,19.12552,72.83215,365.94
Pune,Baner & Balewadi,Premium,3,1552,3,2,0,Semi-Furnished,Ground-Low (1-4),5,18.55602,73.78662,174.72
Bengaluru,Indiranagar & Koramangala,Ultra Luxury,1,621,1,3,2,Semi-Furnished,Mid (5-12),3,12.97965,77.63539,123.46
Bengaluru,Indiranagar & Koramangala,Ultra Luxury,4,2670,5,0,5,Semi-Furnished,Mid (5-12),1,12.98006,77.6334,507.68
Delhi NCR,Golf Course Rd (Gurugram),Ultra Luxury,3,1887,3,0,0,Semi-Furnished,High (13+),7,28.44631,77.10261,583.3
Bengaluru,Yelahanka & North Blr,Mid-Segment,3,1563,4,2,2,Unfurnished,Mid (5-12),9,13.09674,77.59182,117.14
Mumbai,Thane West,Mid-Segment,2,1080,2,2,2,Semi-Furnished,Ground-Low (1-4),4,19.28317,72.95531,154.36
Mumbai,Navi Mumbai (Vashi/Kharghar),Mid-Segment,2,1111,2,1,12,Unfurnished,Mid (5-12),6,19.09673,73.03292,122.45
Chennai,Adyar & Boat Club Area,Ultra Luxury,2,1089,3,3,2,Unfurnished,Ground-Low (1-4),7,12.99668,80.25984,186.4
Chennai,Tambaram & Porur,Affordable,2,1201,3,2,12,Unfurnished,High (13+),5,12.91864,80.15777,66.04
Hyderabad,Miyapur & Kukatpally,Mid-Segment,3,1670,3,2,8,Semi-Furnished,Mid (5-12),7,17.49965,78.38253,115.47
Bengaluru,Indiranagar & Koramangala,Ultra Luxury,2,1120,2,1,5,Semi-Furnished,High (13+),7,12.97227,77.62558,234.97
Hyderabad,Kondapur & HITECH City,Premium,2,1204,2,2,5,Semi-Furnished,Mid (5-12),4,17.45876,78.38987,127.41
Bengaluru,Whitefield (IT Hub),Premium,4,2440,4,1,8,Unfurnished,Mid (5-12),8,12.98836,77.73786,255.96
Chennai,Velachery,Mid-Segment,3,1768,4,1,12,Semi-Furnished,Mid (5-12),10,12.97729,80.23449,145.84
Pune,Wakad & Hinjewadi,Mid-Segment,1,452,1,2,2,Fully-Furnished,Mid (5-12),3,18.58147,73.75731,38.55
Delhi NCR,South Delhi (Vasant Vihar),Ultra Luxury,3,1531,3,4,12,Unfurnished,Mid (5-12),4,28.55557,77.1565,454.9
Hyderabad,Gachibowli & Financial District,Premium,3,1648,4,2,0,Unfurnished,Ground-Low (1-4),1,17.45356,78.36432,174.31
Chennai,Tambaram & Porur,Affordable,2,972,3,2,0,Semi-Furnished,Mid (5-12),5,12.91427,80.14749,59.23
Delhi NCR,South Delhi (Vasant Vihar),Ultra Luxury,2,1021,2,2,0,Fully-Furnished,Mid (5-12),5,28.57349,77.16192,370.61
Hyderabad,Tellapur & Nallagandla,Mid-Segment,1,556,1,2,12,Unfurnished,High (13+),9,17.46427,78.33204,42.92
Hyderabad,Miyapur & Kukatpally,Mid-Segment,2,857,2,2,2,Unfurnished,Ground-Low (1-4),3,17.49881,78.38719,51.84
Chennai,OMR IT Corridor (Perungudi),Mid-Segment,1,463,1,3,8,Unfurnished,High (13+),1,12.97208,80.28796,34.01
Delhi NCR,Noida Sector 150/62,Mid-Segment,2,908,3,1,0,Unfurnished,Mid (5-12),10,28.57076,77.37221,92.38
Hyderabad,Miyapur & Kukatpally,Mid-Segment,2,1111,3,3,5,Unfurnished,Ground-Low (1-4),1,17.4997,78.38352,58.03
Chennai,Adyar & Boat Club Area,Ultra Luxury,2,912,3,1,8,Semi-Furnished,Mid (5-12),5,13.00667,80.25194,153.34
Pune,Wakad & Hinjewadi,Mid-Segment,2,929,2,1,2,Semi-Furnished,Mid (5-12),1,18.58577,73.76636,80.75
Bengaluru,HSR Layout & Sarjapur,Premium,2,1161,3,0,5,Unfurnished,Ground-Low (1-4),9,12.90814,77.65727,134.35
Mumbai,Powai-Andheri West,Premium,3,1560,3,1,0,Unfurnished,Ground-Low (1-4),8,19.1953,72.85868,359.98
Hyderabad,Kondapur & HITECH City,Premium,2,1111,3,3,12,Semi-Furnished,Ground-Low (1-4),6,17.45831,78.38966,100.46
Chennai,OMR IT Corridor (Perungudi),Mid-Segment,2,1194,2,2,18,Semi-Furnished,Ground-Low (1-4),7,12.95396,80.2865,86.37
Chennai,Tambaram & Porur,Affordable,2,1000,3,0,5,Unfurnished,Mid (5-12),9,12.91755,80.15281,56.41
Bengaluru,Whitefield (IT Hub),Premium,3,1688,3,3,0,Unfurnished,Ground-Low (1-4),8,12.98765,77.72944,178.52
Hyderabad,Kondapur & HITECH City,Premium,3,1468,3,1,5,Unfurnished,Mid (5-12),9,17.45724,78.39564,160.9
Chennai,Adyar & Boat Club Area,Ultra Luxury,1,506,1,2,2,Fully-Furnished,Mid (5-12),10,13.00275,80.24735,102.21
Mumbai,Navi Mumbai (Vashi/Kharghar),Mid-Segment,3,1705,3,2,5,Unfurnished,Mid (5-12),5,19.11543,73.02725,205.3
Bengaluru,HSR Layout & Sarjapur,Premium,1,489,1,3,8,Semi-Furnished,High (13+),7,12.90458,77.64561,67.83
Mumbai,Thane West,Mid-Segment,1,525,1,2,0,Semi-Furnished,Mid (5-12),6,19.28543,72.96423,87.34
Bengaluru,Indiranagar & Koramangala,Ultra Luxury,2,1089,2,0,18,Semi-Furnished,Mid (5-12),9,12.98049,77.6429,167.69
Delhi NCR,Golf Course Rd (Gurugram),Ultra Luxury,2,966,2,3,12,Semi-Furnished,Ground-Low (1-4),7,28.45923,77.09386,257.86
Mumbai,South Mumbai (Colaba/Worli),Ultra Luxury,2,911,2,0,8,Semi-Furnished,High (13+),8,19.12579,72.82673,408.71
Mumbai,Bandra-Juhu Belt,Ultra Luxury,2,1043,3,2,5,Unfurnished,Mid (5-12),8,19.16272,72.84121,356.08
Delhi NCR,Greater Noida West,Affordable,1,513,1,2,2,Fully-Furnished,High (13+),1,28.52748,77.46089,36.46
Hyderabad,Kondapur & HITECH City,Premium,1,510,1,1,18,Unfurnished,Mid (5-12),1,17.46339,78.38847,38.96
Pune,Koregaon Park & Kalyani Nagar,Ultra Luxury,1,491,1,3,18,Semi-Furnished,Ground-Low (1-4),8,18.54661,73.8907,62.72
Chennai,Tambaram & Porur,Affordable,2,1020,2,0,8,Semi-Furnished,High (13+),2,12.91312,80.14964,55.06
Delhi NCR,Golf Course Rd (Gurugram),Ultra Luxury,2,1022,2,1,5,Fully-Furnished,Ground-Low (1-4),8,28.4502,77.10176,314.61
Mumbai,Thane West,Mid-Segment,2,1249,3,0,2,Semi-Furnished,Mid (5-12),7,19.26969,72.96319,199.19
Delhi NCR,Greater Noida West,Affordable,2,1173,3,1,12,Semi-Furnished,Mid (5-12),10,28.52908,77.46015,65.24
Chennai,OMR IT Corridor (Perungudi),Mid-Segment,1,538,1,3,0,Unfurnished,Mid (5-12),6,12.96715,80.27085,47.27
Chennai,Velachery,Mid-Segment,3,1872,4,1,2,Semi-Furnished,Ground-Low (1-4),4,12.97655,80.23332,145.6
Pune,Hadapsar & Undri,Mid-Segment,2,1018,2,2,5,Unfurnished,Ground-Low (1-4),5,18.48986,73.93303,61.41
Bengaluru,Electronic City,Mid-Segment,3,1445,4,3,0,Unfurnished,Ground-Low (1-4),10,12.84892,77.67185,109.3
Delhi NCR,Greater Noida West,Affordable,2,1011,3,2,0,Fully-Furnished,Mid (5-12),3,28.54005,77.46622,62.88
Bengaluru,Indiranagar & Koramangala,Ultra Luxury,3,1397,3,3,0,Semi-Furnished,Mid (5-12),5,12.97292,77.63618,282.69
Mumbai,Thane West,Mid-Segment,3,1921,4,3,0,Unfurnished,Mid (5-12),5,19.2833,72.96377,290.95
Bengaluru,Whitefield (IT Hub),Premium,4,2709,4,1,5,Semi-Furnished,Mid (5-12),1,12.97397,77.73911,254.96
Mumbai,Powai-Andheri West,Premium,2,1164,3,3,8,Semi-Furnished,Mid (5-12),8,19.20538,72.85463,268.59
Hyderabad,Kondapur & HITECH City,Premium,2,887,2,1,12,Semi-Furnished,Mid (5-12),1,17.45975,78.38399,84.66
Hyderabad,Gachibowli & Financial District,Premium,2,966,3,0,5,Semi-Furnished,Mid (5-12),4,17.45377,78.36354,124.31
Chennai,Anna Nagar,Premium,3,1600,3,1,0,Semi-Furnished,Ground-Low (1-4),10,13.08999,80.21478,238.29
Chennai,Adyar & Boat Club Area,Ultra Luxury,3,1350,4,1,5,Fully-Furnished,Mid (5-12),10,12.99975,80.2421,276.31
Hyderabad,Gachibowli & Financial District,Premium,2,988,2,1,0,Fully-Furnished,Mid (5-12),7,17.44794,78.37313,137.07
Chennai,Adyar & Boat Club Area,Ultra Luxury,1,458,1,0,8,Semi-Furnished,High (13+),2,13.00654,80.24434,78.96
Mumbai,Powai-Andheri West,Premium,2,874,2,2,18,Unfurnished,Ground-Low (1-4),6,19.18659,72.86467,159.56
Bengaluru,Electronic City,Mid-Segment,2,950,2,1,2,Unfurnished,High (13+),6,12.86055,77.67409,76.43
Chennai,Velachery,Mid-Segment,2,1247,3,3,5,Unfurnished,Mid (5-12),2,12.97298,80.23312,95.41
Pune,Kharadi & Viman Nagar,Premium,2,1022,2,2,5,Semi-Furnished,Ground-Low (1-4),6,18.55774,73.92544,98.89
Hyderabad,Miyapur & Kukatpally,Mid-Segment,2,885,2,2,2,Semi-Furnished,High (13+),7,17.49928,78.39637,71.34
Mumbai,Navi Mumbai (Vashi/Kharghar),Mid-Segment,4,2774,5,0,0,Unfurnished,Mid (5-12),4,19.09879,73.03377,342.41
Pune,Wakad & Hinjewadi,Mid-Segment,2,1245,3,0,2,Semi-Furnished,Ground-Low (1-4),3,18.59267,73.75043,101.62
Delhi NCR,Noida Sector 150/62,Mid-Segment,5,3691,5,2,12,Semi-Furnished,High (13+),8,28.58312,77.37405,355.27
Mumbai,Powai-Andheri West,Premium,2,958,2,1,18,Unfurnished,Mid (5-12),5,19.19307,72.85118,176.78
Chennai,OMR IT Corridor (Perungudi),Mid-Segment,1,620,1,1,0,Fully-Furnished,Ground-Low (1-4),10,12.96949,80.27178,59.32
Chennai,Adyar & Boat Club Area,Ultra Luxury,4,2116,4,2,12,Semi-Furnished,Ground-Low (1-4),9,13.00724,80.24455,366.06
Pune,Koregaon Park & Kalyani Nagar,Ultra Luxury,1,575,1,2,0,Semi-Furnished,Ground-Low (1-4),5,18.53523,73.88782,108.45
Pune,Kharadi & Viman Nagar,Premium,3,1868,4,1,8,Unfurnished,Mid (5-12),6,18.54971,73.92403,170.28
Bengaluru,HSR Layout & Sarjapur,Premium,1,589,1,1,5,Semi-Furnished,Mid (5-12),10,12.91333,77.65249,86.66
Mumbai,Bandra-Juhu Belt,Ultra Luxury,3,1787,3,0,25,Fully-Furnished,Ground-Low (1-4),1,19.14627,72.83888,474.17
Pune,Kharadi & Viman Nagar,Premium,2,868,3,3,2,Semi-Furnished,Mid (5-12),6,18.54229,73.9233,92.23
Delhi NCR,Golf Course Rd (Gurugram),Ultra Luxury,2,1086,3,2,18,Unfurnished,High (13+),9,28.46273,77.10872,250.45
Pune,Baner & Balewadi,Premium,2,1131,3,1,0,Semi-Furnished,Ground-Low (1-4),10,18.56472,73.78217,149.88
Delhi NCR,Noida Sector 150/62,Mid-Segment,2,1117,2,2,12,Semi-Furnished,Ground-Low (1-4),7,28.57135,77.37494,97.42
Bengaluru,Indiranagar & Koramangala,Ultra Luxury,2,903,2,2,2,Unfurnished,Ground-Low (1-4),3,12.99018,77.62713,163.7
Hyderabad,Kondapur & HITECH City,Premium,2,962,3,2,5,Fully-Furnished,High (13+),10,17.46065,78.38033,126.66
Chennai,Anna Nagar,Premium,1,565,1,0,5,Unfurnished,Mid (5-12),8,13.09869,80.2123,70.64
Delhi NCR,Noida Sector 150/62,Mid-Segment,3,1465,3,2,18,Unfurnished,Mid (5-12),9,28.56837,77.3726,114.49
Pune,Kharadi & Viman Nagar,Premium,3,1852,3,1,0,Unfurnished,Mid (5-12),1,18.5442,73.926,178.22
Mumbai,Thane West,Mid-Segment,3,1613,3,1,5,Unfurnished,Ground-Low (1-4),3,19.27314,72.95837,210.78
Delhi NCR,Noida Sector 150/62,Mid-Segment,3,1895,4,1,2,Fully-Furnished,Mid (5-12),10,28.57055,77.37519,216.47
Bengaluru,Whitefield (IT Hub),Premium,1,491,1,4,2,Unfurnished,Mid (5-12),1,12.97375,77.74295,50.2
Pune,Hadapsar & Undri,Mid-Segment,2,1160,2,1,12,Semi-Furnished,High (13+),8,18.48129,73.93429,80.87
Delhi NCR,Greater Noida West,Affordable,3,1535,3,2,25,Semi-Furnished,High (13+),7,28.53799,77.4554,68.17
Mumbai,Navi Mumbai (Vashi/Kharghar),Mid-Segment,2,1171,2,3,0,Semi-Furnished,Ground-Low (1-4),2,19.09685,73.02967,156.66
Pune,Koregaon Park & Kalyani Nagar,Ultra Luxury,1,529,1,2,2,Semi-Furnished,Ground-Low (1-4),1,18.54119,73.89766,81.93
Bengaluru,Indiranagar & Koramangala,Ultra Luxury,3,1864,3,1,12,Unfurnished,Mid (5-12),3,12.98947,77.63938,281.62
Hyderabad,Miyapur & Kukatpally,Mid-Segment,2,1041,3,0,5,Semi-Furnished,Mid (5-12),3,17.48939,78.37913,72.07
Delhi NCR,South Delhi (Vasant Vihar),Ultra Luxury,2,1244,3,2,0,Semi-Furnished,High (13+),8,28.56266,77.15848,444.88
Bengaluru,Whitefield (IT Hub),Premium,3,1672,4,1,2,Semi-Furnished,Mid (5-12),9,12.9829,77.7412,191.95
Bengaluru,HSR Layout & Sarjapur,Premium,3,1664,3,4,12,Unfurnished,Mid (5-12),1,12.90351,77.65457,170.13
Chennai,Tambaram & Porur,Affordable,2,1031,2,1,5,Semi-Furnished,High (13+),1,12.91416,80.15873,61.72
Chennai,OMR IT Corridor (Perungudi),Mid-Segment,3,1653,4,4,5,Unfurnished,Mid (5-12),4,12.95935,80.27244,141.35
Bengaluru,Yelahanka & North Blr,Mid-Segment,2,1009,3,3,2,Unfurnished,Ground-Low (1-4),2,13.09932,77.58418,70.86
Delhi NCR,South Delhi (Vasant Vihar),Ultra Luxury,2,923,2,0,12,Fully-Furnished,Mid (5-12),3,28.56729,77.15037,264.1
Delhi NCR,South Delhi (Vasant Vihar),Ultra Luxury,3,1549,4,2,0,Fully-Furnished,Mid (5-12),5,28.55457,77.15447,592.58
Delhi NCR,South Delhi (Vasant Vihar),Ultra Luxury,3,1638,3,1,8,Unfurnished,Mid (5-12),1,28.57111,77.16568,435.93
Pune,Wakad & Hinjewadi,Mid-Segment,2,1135,2,2,2,Fully-Furnished,Mid (5-12),3,18.59774,73.76594,106.84
Delhi NCR,Noida Sector 150/62,Mid-Segment,2,851,3,3,18,Semi-Furnished,High (13+),5,28.58278,77.37214,67.58
Hyderabad,Miyapur & Kukatpally,Mid-Segment,4,2578,5,2,2,Fully-Furnished,Mid (5-12),9,17.49511,78.38074,198.87
Mumbai,Navi Mumbai (Vashi/Kharghar),Mid-Segment,2,1173,2,3,8,Unfurnished,Ground-Low (1-4),4,19.11578,73.03739,120.73
Delhi NCR,Greater Noida West,Affordable,1,480,1,3,12,Semi-Furnished,Ground-Low (1-4),6,28.5267,77.45936,28.02
Hyderabad,Tellapur & Nallagandla,Mid-Segment,3,1869,4,2,0,Unfurnished,Ground-Low (1-4),1,17.46812,78.33357,142.17
Bengaluru,HSR Layout & Sarjapur,Premium,4,2694,5,2,5,Semi-Furnished,Mid (5-12),4,12.90333,77.66053,338.91
Bengaluru,HSR Layout & Sarjapur,Premium,1,458,1,1,0,Semi-Furnished,Ground-Low (1-4),6,12.91076,77.657,61.31
Mumbai,Navi Mumbai (Vashi/Kharghar),Mid-Segment,2,1118,2,0,2,Unfurnished,Ground-Low (1-4),8,19.11439,73.03736,140.15
Hyderabad,Miyapur & Kukatpally,Mid-Segment,2,1090,3,0,5,Unfurnished,High (13+),6,17.50218,78.39595,77.46
Pune,Kharadi & Viman Nagar,Premium,3,1479,4,2,2,Unfurnished,Mid (5-12),2,18.55483,73.92668,133.97
Hyderabad,Jubilee Hills & Banjara Hills,Ultra Luxury,3,1432,3,2,2,Fully-Furnished,High (13+),5,17.44389,78.43079,304.64
Pune,Baner & Balewadi,Premium,2,990,3,1,5,Unfurnished,High (13+),9,18.56839,73.78313,121.81
Bengaluru,Yelahanka & North Blr,Mid-Segment,4,2658,4,2,2,Semi-Furnished,Mid (5-12),9,13.09914,77.57836,236.6
Delhi NCR,Noida Sector 150/62,Mid-Segment,3,1396,3,2,5,Semi-Furnished,Mid (5-12),1,28.57212,77.38204,106.08
Mumbai,Bandra-Juhu Belt,Ultra Luxury,2,1156,3,3,2,Semi-Furnished,Ground-Low (1-4),2,19.1469,72.83104,409.08
Mumbai,Navi Mumbai (Vashi/Kharghar),Mid-Segment,3,1927,4,1,8,Fully-Furnished,Mid (5-12),7,19.09898,73.01846,261.32
Hyderabad,Miyapur & Kukatpally,Mid-Segment,2,1238,2,3,5,Unfurnished,Mid (5-12),6,17.50312,78.38095,83.1
Mumbai,Navi Mumbai (Vashi/Kharghar),Mid-Segment,3,1937,4,2,2,Fully-Furnished,High (13+),1,19.11318,73.0212,267.96
Mumbai,Thane West,Mid-Segment,4,2833,4,2,5,Semi-Furnished,High (13+),1,19.27918,72.94814,432.49
Delhi NCR,Cyber City & Sector 54,Premium,1,602,1,2,18,Semi-Furnished,Mid (5-12),6,28.47501,77.1154,88.58
Pune,Wakad & Hinjewadi,Mid-Segment,2,935,2,2,2,Unfurnished,Ground-Low (1-4),9,18.58184,73.75775,75.49
Pune,Kharadi & Viman Nagar,Premium,3,1821,4,2,2,Fully-Furnished,Mid (5-12),5,18.55582,73.92712,207.7
Delhi NCR,Golf Course Rd (Gurugram),Ultra Luxury,2,974,2,1,2,Unfurnished,Mid (5-12),10,28.45012,77.10161,258.45
Bengaluru,HSR Layout & Sarjapur,Premium,3,1666,4,2,8,Semi-Furnished,Ground-Low (1-4),4,12.90496,77.65345,204.27
Hyderabad,Jubilee Hills & Banjara Hills,Ultra Luxury,2,892,3,2,5,Fully-Furnished,High (13+),3,17.42581,78.42804,174.19
Pune,Hadapsar & Undri,Mid-Segment,1,609,1,1,5,Semi-Furnished,Ground-Low (1-4),8,18.47292,73.93363,45.97
Delhi NCR,Noida Sector 150/62,Mid-Segment,2,976,2,3,0,Fully-Furnished,High (13+),8,28.57191,77.3822,117.55
Pune,Wakad & Hinjewadi,Mid-Segment,2,1201,2,0,2,Fully-Furnished,Mid (5-12),4,18.59627,73.76291,107.82
Delhi NCR,Golf Course Rd (Gurugram),Ultra Luxury,2,911,3,1,8,Unfurnished,Mid (5-12),10,28.45518,77.09424,249.42
Hyderabad,Tellapur & Nallagandla,Mid-Segment,2,942,3,0,12,Unfurnished,High (13+),10,17.46403,78.32252,69.49
Mumbai,Thane West,Mid-Segment,3,1636,4,2,0,Fully-Furnished,Mid (5-12),7,19.28227,72.95947,279.64
Chennai,Anna Nagar,Premium,3,1469,4,1,0,Semi-Furnished,Ground-Low (1-4),5,13.10108,80.20085,167.19
Pune,Hadapsar & Undri,Mid-Segment,3,1694,3,2,12,Unfurnished,Mid (5-12),1,18.47129,73.92934,101.19
Delhi NCR,Cyber City & Sector 54,Premium,3,1618,3,1,2,Fully-Furnished,Mid (5-12),7,28.46399,77.11051,351.52
Chennai,Adyar & Boat Club Area,Ultra Luxury,2,1249,2,2,8,Unfurnished,High (13+),6,12.99777,80.25032,188.21
Pune,Baner & Balewadi,Premium,5,3831,5,1,0,Unfurnished,Mid (5-12),1,18.5674,73.79569,444.29
Delhi NCR,Greater Noida West,Affordable,2,1108,2,2,18,Semi-Furnished,Mid (5-12),6,28.54048,77.44975,56.72
Chennai,Adyar & Boat Club Area,Ultra Luxury,3,1819,4,2,5,Semi-Furnished,Mid (5-12),7,12.99406,80.24782,316.58
Bengaluru,Yelahanka & North Blr,Mid-Segment,3,1615,4,4,25,Unfurnished,Ground-Low (1-4),3,13.103,77.58697,96.78
Bengaluru,Electronic City,Mid-Segment,2,856,2,1,5,Semi-Furnished,Ground-Low (1-4),1,12.84966,77.6821,55.18
Chennai,Velachery,Mid-Segment,2,942,3,2,5,Unfurnished,Ground-Low (1-4),4,12.97903,80.233,66.88
Delhi NCR,Noida Sector 150/62,Mid-Segment,4,2434,4,0,12,Semi-Furnished,Ground-Low (1-4),5,28.56567,77.3818,202.36
Pune,Koregaon Park & Kalyani Nagar,Ultra Luxury,2,1060,2,0,8,Unfurnished,Mid (5-12),2,18.53924,73.90332,153.73
Pune,Kharadi & Viman Nagar,Premium,3,1594,4,1,8,Unfurnished,Mid (5-12),6,18.56022,73.92382,146.01
Hyderabad,Kondapur & HITECH City,Premium,2,1207,2,2,5,Fully-Furnished,High (13+),5,17.45648,78.38961,149.9
Chennai,Velachery,Mid-Segment,3,1438,4,2,25,Semi-Furnished,Mid (5-12),3,12.98008,80.23644,86.82
Chennai,Anna Nagar,Premium,2,891,2,1,12,Semi-Furnished,Mid (5-12),2,13.0951,80.20766,102.84
Bengaluru,Indiranagar & Koramangala,Ultra Luxury,4,2924,4,4,8,Unfurnished,Ground-Low (1-4),2,12.98871,77.64234,497.86
Mumbai,Powai-Andheri West,Premium,2,1144,2,3,0,Unfurnished,High (13+),7,19.19197,72.85224,281.78
Mumbai,Navi Mumbai (Vashi/Kharghar),Mid-Segment,3,1708,3,1,2,Semi-Furnished,Mid (5-12),8,19.1075,73.02769,220.79
Chennai,Anna Nagar,Premium,2,1126,3,1,8,Semi-Furnished,Ground-Low (1-4),4,13.09724,80.20287,123.84
Delhi NCR,South Delhi (Vasant Vihar),Ultra Luxury,2,930,3,2,5,Unfurnished,Mid (5-12),4,28.56256,77.1545,285.17
Delhi NCR,South Delhi (Vasant Vihar),Ultra Luxury,4,2178,5,3,0,Unfurnished,High (13+),2,28.55977,77.16826,759.0
Bengaluru,HSR Layout & Sarjapur,Premium,2,981,2,2,12,Semi-Furnished,Mid (5-12),2,12.9141,77.64753,115.79
Delhi NCR,Golf Course Rd (Gurugram),Ultra Luxury,2,991,2,2,12,Unfurnished,Ground-Low (1-4),3,28.46328,77.10684,215.52
Delhi NCR,Cyber City & Sector 54,Premium,2,979,2,1,2,Unfurnished,Ground-Low (1-4),6,28.46516,77.11515,155.98
Chennai,OMR IT Corridor (Perungudi),Mid-Segment,4,2734,5,3,0,Unfurnished,Mid (5-12),7,12.9601,80.28044,222.22
Hyderabad,Kondapur & HITECH City,Premium,2,1065,3,3,0,Unfurnished,Ground-Low (1-4),9,17.46343,78.3858,115.05
Mumbai,South Mumbai (Colaba/Worli),Ultra Luxury,3,1683,4,1,8,Semi-Furnished,Ground-Low (1-4),5,19.13384,72.82703,688.74
Mumbai,Navi Mumbai (Vashi/Kharghar),Mid-Segment,1,547,1,1,5,Unfurnished,High (13+),7,19.11091,73.02883,61.99
Mumbai,Powai-Andheri West,Premium,2,1121,3,3,2,Semi-Furnished,Mid (5-12),5,19.20072,72.84858,278.65
Mumbai,South Mumbai (Colaba/Worli),Ultra Luxury,2,1102,3,2,0,Fully-Furnished,Ground-Low (1-4),5,19.13182,72.81794,509.22
Delhi NCR,Noida Sector 150/62,Mid-Segment,4,2867,5,3,0,Semi-Furnished,Ground-Low (1-4),9,28.57659,77.37239,286.39
Mumbai,Thane West,Mid-Segment,1,612,1,2,8,Semi-Furnished,Ground-Low (1-4),3,19.27366,72.94776,89.95
Pune,Hadapsar & Undri,Mid-Segment,3,1568,3,2,8,Semi-Furnished,Mid (5-12),9,18.48554,73.93515,104.62
Chennai,Adyar & Boat Club Area,Ultra Luxury,4,2259,5,3,8,Semi-Furnished,Ground-Low (1-4),6,12.99572,80.24946,354.49
Chennai,OMR IT Corridor (Perungudi),Mid-Segment,3,1866,4,1,2,Unfurnished,Mid (5-12),8,12.95339,80.28741,155.86
Hyderabad,Gachibowli & Financial District,Premium,1,531,1,3,12,Unfurnished,High (13+),3,17.45455,78.36111,57.9
Chennai,Adyar & Boat Club Area,Ultra Luxury,3,1920,3,4,0,Unfurnished,Mid (5-12),8,13.00773,80.24981,326.21
Delhi NCR,Noida Sector 150/62,Mid-Segment,1,582,1,0,25,Unfurnished,High (13+),7,28.57082,77.37215,39.88
Delhi NCR,South Delhi (Vasant Vihar),Ultra Luxury,2,891,3,2,12,Fully-Furnished,High (13+),1,28.56635,77.15696,268.94
Pune,Koregaon Park & Kalyani Nagar,Ultra Luxury,1,468,1,2,18,Fully-Furnished,High (13+),4,18.54777,73.89541,68.02
Pune,Kharadi & Viman Nagar,Premium,2,883,2,2,5,Fully-Furnished,High (13+),2,18.54889,73.92211,89.87
Pune,Hadapsar & Undri,Mid-Segment,1,562,1,2,0,Semi-Furnished,Ground-Low (1-4),9,18.47457,73.92933,38.37
Bengaluru,HSR Layout & Sarjapur,Premium,3,1515,4,1,5,Unfurnished,Ground-Low (1-4),7,12.92142,77.65139,189.38
Hyderabad,Gachibowli & Financial District,Premium,2,1057,2,1,5,Semi-Furnished,Ground-Low (1-4),10,17.45468,78.36434,127.46
Delhi NCR,Noida Sector 150/62,Mid-Segment,2,1038,2,3,0,Semi-Furnished,Ground-Low (1-4),3,28.57553,77.38464,94.39
Hyderabad,Tellapur & Nallagandla,Mid-Segment,2,963,2,1,12,Semi-Furnished,Ground-Low (1-4),2,17.47192,78.32449,63.61
Delhi NCR,Greater Noida West,Affordable,3,1647,4,3,5,Fully-Furnished,Mid (5-12),5,28.52526,77.46899,101.29
Bengaluru,HSR Layout & Sarjapur,Premium,2,929,3,1,0,Semi-Furnished,Mid (5-12),8,12.91335,77.64877,133.46
Delhi NCR,Noida Sector 150/62,Mid-Segment,3,1368,4,2,0,Fully-Furnished,High (13+),5,28.57874,77.37779,152.95
Pune,Wakad & Hinjewadi,Mid-Segment,2,1003,2,1,0,Semi-Furnished,Ground-Low (1-4),8,18.59607,73.75398,81.95
Mumbai,Navi Mumbai (Vashi/Kharghar),Mid-Segment,3,1701,3,2,12,Semi-Furnished,Ground-Low (1-4),5,19.1026,73.01864,177.04
Delhi NCR,Cyber City & Sector 54,Premium,2,1124,2,1,0,Unfurnished,High (13+),9,28.48168,77.11834,244.98
Delhi NCR,Golf Course Rd (Gurugram),Ultra Luxury,2,1178,3,2,0,Unfurnished,Mid (5-12),3,28.45498,77.10305,324.49
Hyderabad,Tellapur & Nallagandla,Mid-Segment,4,2286,4,1,2,Unfurnished,Mid (5-12),8,17.47271,78.33558,194.26
Chennai,Anna Nagar,Premium,3,1560,3,2,8,Semi-Furnished,Mid (5-12),3,13.09461,80.20606,194.5
Mumbai,Navi Mumbai (Vashi/Kharghar),Mid-Segment,3,1900,4,2,2,Semi-Furnished,Ground-Low (1-4),7,19.11371,73.0245,220.96
Mumbai,Powai-Andheri West,Premium,2,1239,3,1,8,Fully-Furnished,Mid (5-12),6,19.19969,72.85666,322.83
Chennai,OMR IT Corridor (Perungudi),Mid-Segment,3,1654,4,2,5,Fully-Furnished,Mid (5-12),5,12.96768,80.27405,153.73
Hyderabad,Miyapur & Kukatpally,Mid-Segment,1,514,1,1,5,Semi-Furnished,Mid (5-12),2,17.49741,78.38428,35.91
Mumbai,Navi Mumbai (Vashi/Kharghar),Mid-Segment,3,1857,3,3,5,Semi-Furnished,Ground-Low (1-4),4,19.11253,73.03655,209.03
Mumbai,Thane West,Mid-Segment,4,2724,5,0,5,Semi-Furnished,Mid (5-12),5,19.27969,72.96659,415.27
Bengaluru,Electronic City,Mid-Segment,2,988,3,1,12,Semi-Furnished,Mid (5-12),5,12.85042,77.67857,66.69
Chennai,OMR IT Corridor (Perungudi),Mid-Segment,2,1027,3,4,0,Semi-Furnished,Ground-Low (1-4),7,12.97157,80.28707,97.12
Chennai,Adyar & Boat Club Area,Ultra Luxury,3,1785,3,2,5,Unfurnished,Mid (5-12),7,12.99736,80.25526,290.01
Mumbai,Navi Mumbai (Vashi/Kharghar),Mid-Segment,2,900,3,2,25,Semi-Furnished,Ground-Low (1-4),4,19.104,73.02158,76.8
Chennai,Velachery,Mid-Segment,1,614,1,3,5,Unfurnished,Mid (5-12),8,12.98648,80.22641,43.54
Delhi NCR,Noida Sector 150/62,Mid-Segment,3,1403,4,2,0,Unfurnished,Mid (5-12),10,28.57375,77.37871,137.82
Bengaluru,Indiranagar & Koramangala,Ultra Luxury,2,1108,3,0,2,Fully-Furnished,Ground-Low (1-4),9,12.97808,77.63853,242.55
Mumbai,South Mumbai (Colaba/Worli),Ultra Luxury,1,496,1,0,0,Unfurnished,Mid (5-12),10,19.12739,72.82766,230.28
Hyderabad,Gachibowli & Financial District,Premium,4,2413,5,3,18,Fully-Furnished,Mid (5-12),8,17.45451,78.36175,262.38
Bengaluru,Electronic City,Mid-Segment,2,1006,3,2,2,Semi-Furnished,Mid (5-12),7,12.85631,77.68407,67.29
Bengaluru,Whitefield (IT Hub),Premium,3,1365,3,3,12,Semi-Furnished,Mid (5-12),7,12.98909,77.7386,142.56
Bengaluru,Electronic City,Mid-Segment,3,1852,3,2,2,Semi-Furnished,Mid (5-12),3,12.85671,77.68032,135.72
Hyderabad,Kondapur & HITECH City,Premium,2,873,2,3,2,Semi-Furnished,Ground-Low (1-4),10,17.45315,78.38011,99.63
Mumbai,Thane West,Mid-Segment,3,1742,4,1,2,Fully-Furnished,Ground-Low (1-4),5,19.2698,72.96578,276.59
Hyderabad,Gachibowli & Financial District,Premium,4,2637,5,2,12,Unfurnished,Mid (5-12),1,17.44174,78.36005,265.61
Hyderabad,Gachibowli & Financial District,Premium,2,972,2,4,0,Fully-Furnished,Ground-Low (1-4),7,17.43726,78.3725,133.93
Hyderabad,Miyapur & Kukatpally,Mid-Segment,2,1038,3,1,8,Semi-Furnished,Ground-Low (1-4),3,17.49897,78.377,61.19
Hyderabad,Miyapur & Kukatpally,Mid-Segment,2,879,3,3,5,Semi-Furnished,Ground-Low (1-4),5,17.49884,78.38592,62.77
Bengaluru,HSR Layout & Sarjapur,Premium,1,472,1,2,8,Semi-Furnished,High (13+),3,12.91942,77.65273,63.61
Delhi NCR,Cyber City & Sector 54,Premium,3,1508,4,1,8,Semi-Furnished,Ground-Low (1-4),2,28.47971,77.09915,249.9
Mumbai,Thane West,Mid-Segment,2,1188,3,2,5,Semi-Furnished,High (13+),7,19.26883,72.95013,191.98
Pune,Hadapsar & Undri,Mid-Segment,1,490,1,2,2,Unfurnished,High (13+),3,18.48172,73.93347,39.12
Chennai,Velachery,Mid-Segment,5,3811,6,1,0,Unfurnished,High (13+),9,12.98657,80.2279,349.59
Mumbai,South Mumbai (Colaba/Worli),Ultra Luxury,2,1157,2,3,0,Unfurnished,Ground-Low (1-4),10,19.1253,72.82481,546.28
Pune,Koregaon Park & Kalyani Nagar,Ultra Luxury,1,483,1,2,12,Semi-Furnished,Mid (5-12),5,18.53936,73.90074,73.49
Delhi NCR,Cyber City & Sector 54,Premium,2,1136,3,2,8,Semi-Furnished,Mid (5-12),9,28.46987,77.10703,221.91
Delhi NCR,Golf Course Rd (Gurugram),Ultra Luxury,2,1004,3,3,8,Semi-Furnished,High (13+),8,28.45036,77.10345,316.8
Hyderabad,Miyapur & Kukatpally,Mid-Segment,3,1802,4,0,0,Fully-Furnished,High (13+),2,17.49436,78.38178,147.08
Delhi NCR,Golf Course Rd (Gurugram),Ultra Luxury,2,1129,2,3,2,Semi-Furnished,Mid (5-12),7,28.44838,77.09328,337.08
Bengaluru,Electronic City,Mid-Segment,3,1919,4,1,12,Semi-Furnished,Mid (5-12),5,12.84946,77.68287,126.12
Pune,Koregaon Park & Kalyani Nagar,Ultra Luxury,3,1766,3,2,2,Unfurnished,Ground-Low (1-4),2,18.54467,73.8875,266.27
Delhi NCR,Golf Course Rd (Gurugram),Ultra Luxury,4,2156,5,2,5,Fully-Furnished,Ground-Low (1-4),10,28.45561,77.0931,638.66
Chennai,OMR IT Corridor (Perungudi),Mid-Segment,1,462,1,3,5,Unfurnished,Mid (5-12),2,12.96715,80.28911,37.17
Bengaluru,Indiranagar & Koramangala,Ultra Luxury,3,1869,4,2,5,Unfurnished,High (13+),8,12.98456,77.64279,352.77
Bengaluru,Indiranagar & Koramangala,Ultra Luxury,5,3985,6,3,12,Unfurnished,Mid (5-12),7,12.98617,77.63372,564.27
Mumbai,Powai-Andheri West,Premium,3,1502,3,2,18,Unfurnished,High (13+),2,19.19414,72.85105,287.91
Hyderabad,Gachibowli & Financial District,Premium,2,1007,2,1,2,Unfurnished,Mid (5-12),7,17.44465,78.36791,117.05
Pune,Wakad & Hinjewadi,Mid-Segment,4,2329,4,3,2,Semi-Furnished,Ground-Low (1-4),1,18.58468,73.75767,185.86
Bengaluru,Electronic City,Mid-Segment,2,1143,3,4,5,Semi-Furnished,Mid (5-12),3,12.85777,77.68384,94.54
Bengaluru,HSR Layout & Sarjapur,Premium,3,1756,4,1,2,Unfurnished,Ground-Low (1-4),9,12.908,77.66282,217.56
Bengaluru,HSR Layout & Sarjapur,Premium,3,1784,4,2,2,Semi-Furnished,Ground-Low (1-4),10,12.90689,77.65316,249.2
Chennai,OMR IT Corridor (Perungudi),Mid-Segment,3,1746,4,4,18,Unfurnished,Ground-Low (1-4),2,12.9673,80.28411,109.49
Delhi NCR,Noida Sector 150/62,Mid-Segment,3,1528,3,2,18,Semi-Furnished,Mid (5-12),1,28.57219,77.38108,109.02
Chennai,OMR IT Corridor (Perungudi),Mid-Segment,3,1523,3,1,5,Unfurnished,High (13+),3,12.9581,80.27998,129.79
Pune,Hadapsar & Undri,Mid-Segment,2,1137,2,2,18,Semi-Furnished,Mid (5-12),4,18.4796,73.93661,64.22
Mumbai,Powai-Andheri West,Premium,4,2588,4,1,0,Unfurnished,Ground-Low (1-4),1,19.20076,72.86335,563.53
Hyderabad,Tellapur & Nallagandla,Mid-Segment,2,901,2,2,5,Unfurnished,High (13+),5,17.45576,78.3341,75.79
Chennai,Adyar & Boat Club Area,Ultra Luxury,4,2344,5,2,12,Unfurnished,Mid (5-12),2,12.99621,80.24996,321.69
Bengaluru,Whitefield (IT Hub),Premium,4,3113,4,3,0,Unfurnished,Mid (5-12),8,12.9884,77.74418,328.24
Bengaluru,Electronic City,Mid-Segment,3,1722,3,3,2,Unfurnished,Ground-Low (1-4),7,12.8483,77.67438,116.23
Delhi NCR,South Delhi (Vasant Vihar),Ultra Luxury,2,954,3,1,0,Unfurnished,Ground-Low (1-4),2,28.57382,77.15403,265.87
Chennai,Adyar & Boat Club Area,Ultra Luxury,2,1184,2,2,0,Unfurnished,Ground-Low (1-4),4,13.00425,80.24143,164.43
Pune,Koregaon Park & Kalyani Nagar,Ultra Luxury,4,2487,4,1,5,Unfurnished,Ground-Low (1-4),8,18.53421,73.90128,397.87
Hyderabad,Miyapur & Kukatpally,Mid-Segment,2,1059,3,2,25,Unfurnished,High (13+),3,17.4957,78.39222,55.15
Hyderabad,Jubilee Hills & Banjara Hills,Ultra Luxury,2,984,3,2,18,Fully-Furnished,Ground-Low (1-4),9,17.42702,78.41791,167.59
Mumbai,South Mumbai (Colaba/Worli),Ultra Luxury,1,586,1,3,0,Semi-Furnished,High (13+),7,19.13516,72.8204,283.47
Pune,Baner & Balewadi,Premium,1,642,1,2,12,Semi-Furnished,Mid (5-12),1,18.55155,73.78652,65.15
Bengaluru,Whitefield (IT Hub),Premium,1,457,1,1,0,Unfurnished,Ground-Low (1-4),2,12.97497,77.73368,45.61
Chennai,Adyar & Boat Club Area,Ultra Luxury,2,1092,2,3,0,Semi-Furnished,Mid (5-12),2,13.0076,80.24448,174.89
Mumbai,Bandra-Juhu Belt,Ultra Luxury,2,1070,2,0,18,Unfurnished,Mid (5-12),8,19.15079,72.83585,314.57
Hyderabad,Kondapur & HITECH City,Premium,3,1622,4,1,5,Semi-Furnished,High (13+),2,17.45185,78.39403,182.82
Mumbai,South Mumbai (Colaba/Worli),Ultra Luxury,1,621,1,1,5,Unfurnished,High (13+),1,19.11651,72.83746,238.67
Bengaluru,Whitefield (IT Hub),Premium,3,1465,4,3,8,Unfurnished,Ground-Low (1-4),10,12.97656,77.72737,140.3
Chennai,Velachery,Mid-Segment,4,2160,4,2,0,Semi-Furnished,Mid (5-12),10,12.98102,80.2349,192.63
Bengaluru,Whitefield (IT Hub),Premium,3,1869,4,2,8,Semi-Furnished,Mid (5-12),6,12.99126,77.73898,203.34
Pune,Koregaon Park & Kalyani Nagar,Ultra Luxury,2,1178,2,3,0,Fully-Furnished,Mid (5-12),8,18.54472,73.89314,241.95
Delhi NCR,Noida Sector 150/62,Mid-Segment,3,1428,4,3,18,Unfurnished,Mid (5-12),8,28.57653,77.37247,100.98
Pune,Kharadi & Viman Nagar,Premium,3,1571,3,2,12,Unfurnished,Ground-Low (1-4),6,18.55741,73.9264,133.03
Hyderabad,Gachibowli & Financial District,Premium,3,1655,3,1,5,Unfurnished,Ground-Low (1-4),10,17.43903,78.37205,187.57
Pune,Koregaon Park & Kalyani Nagar,Ultra Luxury,1,472,1,3,5,Unfurnished,Mid (5-12),4,18.5484,73.88708,71.86
Hyderabad,Miyapur & Kukatpally,Mid-Segment,1,578,1,0,12,Unfurnished,Ground-Low (1-4),4,17.48536,78.37747,32.2
Mumbai,Bandra-Juhu Belt,Ultra Luxury,1,571,1,2,12,Semi-Furnished,Ground-Low (1-4),7,19.16236,72.83644,171.33
Delhi NCR,Greater Noida West,Affordable,2,904,3,2,5,Fully-Furnished,Ground-Low (1-4),8,28.53241,77.45046,63.19
Hyderabad,Tellapur & Nallagandla,Mid-Segment,3,1885,4,2,25,Semi-Furnished,Ground-Low (1-4),7,17.46689,78.32552,119.98
Pune,Kharadi & Viman Nagar,Premium,1,555,1,2,0,Fully-Furnished,Mid (5-12),3,18.56006,73.92026,63.21
Bengaluru,Yelahanka & North Blr,Mid-Segment,1,543,1,1,8,Unfurnished,Ground-Low (1-4),4,13.10318,77.57814,33.38
Bengaluru,Electronic City,Mid-Segment,1,609,1,2,0,Unfurnished,Mid (5-12),8,12.85172,77.66579,45.94
Chennai,Anna Nagar,Premium,3,1508,4,2,0,Semi-Furnished,Ground-Low (1-4),6,13.10237,80.21896,185.48
Delhi NCR,South Delhi (Vasant Vihar),Ultra Luxury,2,863,3,1,5,Semi-Furnished,Ground-Low (1-4),10,28.56457,77.16523,272.63
Bengaluru,Yelahanka & North Blr,Mid-Segment,2,855,3,1,5,Fully-Furnished,Ground-Low (1-4),1,13.10204,77.58419,61.62
Delhi NCR,Cyber City & Sector 54,Premium,3,1402,3,2,8,Semi-Furnished,Mid (5-12),2,28.47813,77.11469,226.81
Delhi NCR,Cyber City & Sector 54,Premium,2,977,3,2,0,Unfurnished,High (13+),5,28.46874,77.10874,161.37
Pune,Koregaon Park & Kalyani Nagar,Ultra Luxury,1,563,1,3,12,Fully-Furnished,Ground-Low (1-4),3,18.53757,73.89914,77.71
Mumbai,Powai-Andheri West,Premium,1,613,1,2,2,Unfurnished,Ground-Low (1-4),7,19.20457,72.8514,144.83
Delhi NCR,Cyber City & Sector 54,Premium,4,3100,5,1,18,Semi-Furnished,Mid (5-12),10,28.47751,77.11627,447.14
Hyderabad,Kondapur & HITECH City,Premium,2,1001,2,2,5,Unfurnished,Mid (5-12),3,17.46145,78.38766,93.53
Chennai,OMR IT Corridor (Perungudi),Mid-Segment,3,1686,4,2,5,Unfurnished,High (13+),10,12.95354,80.28394,157.58
Delhi NCR,Greater Noida West,Affordable,4,2412,4,0,12,Unfurnished,Ground-Low (1-4),8,28.5253,77.45968,127.53
Hyderabad,Miyapur & Kukatpally,Mid-Segment,2,944,2,1,0,Unfurnished,Mid (5-12),7,17.4869,78.39606,67.41
Bengaluru,Whitefield (IT Hub),Premium,3,1540,4,4,5,Semi-Furnished,Ground-Low (1-4),5,12.98089,77.7423,147.94
Hyderabad,Jubilee Hills & Banjara Hills,Ultra Luxury,4,2192,4,1,2,Semi-Furnished,Ground-Low (1-4),7,17.43065,78.42539,406.19
Chennai,Tambaram & Porur,Affordable,2,1228,3,2,2,Semi-Furnished,Mid (5-12),7,12.92252,80.14974,74.51
Chennai,Anna Nagar,Premium,2,865,2,2,12,Semi-Furnished,Ground-Low (1-4),7,13.09534,80.2132,105.42
Chennai,OMR IT Corridor (Perungudi),Mid-Segment,2,1162,2,3,0,Unfurnished,Ground-Low (1-4),1,12.96929,80.28507,84.63
Pune,Hadapsar & Undri,Mid-Segment,4,2641,5,1,0,Unfurnished,Ground-Low (1-4),3,18.47486,73.94307,184.75
Pune,Hadapsar & Undri,Mid-Segment,2,1103,3,0,8,Semi-Furnished,Mid (5-12),4,18.47078,73.93229,74.51
Chennai,Tambaram & Porur,Affordable,3,1820,4,1,0,Unfurnished,Mid (5-12),2,12.92172,80.14945,102.49
Delhi NCR,Cyber City & Sector 54,Premium,2,1131,3,1,0,Unfurnished,High (13+),3,28.48082,77.1043,202.09
Delhi NCR,Greater Noida West,Affordable,5,4136,5,3,5,Fully-Furnished,Mid (5-12),4,28.54228,77.46501,260.1
Mumbai,South Mumbai (Colaba/Worli),Ultra Luxury,2,887,2,2,0,Unfurnished,Mid (5-12),9,19.13236,72.83059,431.82
Hyderabad,Gachibowli & Financial District,Premium,3,1949,3,2,8,Semi-Furnished,Ground-Low (1-4),1,17.44029,78.36484,207.74
Delhi NCR,Greater Noida West,Affordable,1,627,1,2,2,Unfurnished,High (13+),7,28.53659,77.4544,40.45
Chennai,Velachery,Mid-Segment,2,1203,2,2,2,Fully-Furnished,Ground-Low (1-4),9,12.99219,80.23884,115.03
Delhi NCR,South Delhi (Vasant Vihar),Ultra Luxury,3,1405,3,1,12,Semi-Furnished,Mid (5-12),7,28.56006,77.15174,445.68
Chennai,Adyar & Boat Club Area,Ultra Luxury,1,551,1,3,8,Fully-Furnished,Ground-Low (1-4),7,12.99383,80.24654,95.63
Hyderabad,Miyapur & Kukatpally,Mid-Segment,5,3996,6,2,0,Fully-Furnished,Mid (5-12),7,17.50138,78.39148,328.83
Mumbai,Navi Mumbai (Vashi/Kharghar),Mid-Segment,1,598,1,2,5,Fully-Furnished,High (13+),7,19.11105,73.02645,86.5
Pune,Hadapsar & Undri,Mid-Segment,4,3017,4,4,5,Fully-Furnished,High (13+),9,18.48622,73.92673,253.08
Chennai,Anna Nagar,Premium,3,1497,4,3,18,Unfurnished,Ground-Low (1-4),2,13.09974,80.21601,134.96
Delhi NCR,Noida Sector 150/62,Mid-Segment,2,1139,2,0,12,Unfurnished,Ground-Low (1-4),1,28.56747,77.38204,83.5
Delhi NCR,Golf Course Rd (Gurugram),Ultra Luxury,1,633,1,2,0,Semi-Furnished,Mid (5-12),3,28.46125,77.09424,175.77
Pune,Koregaon Park & Kalyani Nagar,Ultra Luxury,2,930,3,2,2,Unfurnished,Ground-Low (1-4),7,18.53781,73.89024,143.12
Delhi NCR,Golf Course Rd (Gurugram),Ultra Luxury,4,2856,4,2,2,Unfurnished,High (13+),6,28.46272,77.1089,813.99
Bengaluru,Yelahanka & North Blr,Mid-Segment,2,927,2,2,8,Unfurnished,Mid (5-12),6,13.1027,77.58736,70.22
Mumbai,Powai-Andheri West,Premium,2,1060,3,2,18,Semi-Furnished,Ground-Low (1-4),8,19.19742,72.86684,212.08
Chennai,OMR IT Corridor (Perungudi),Mid-Segment,1,572,1,2,12,Unfurnished,Ground-Low (1-4),1,12.95435,80.2872,36.23
Delhi NCR,Greater Noida West,Affordable,2,887,3,1,18,Fully-Furnished,Mid (5-12),6,28.53849,77.45319,47.53
Pune,Koregaon Park & Kalyani Nagar,Ultra Luxury,3,1765,3,2,5,Unfurnished,Ground-Low (1-4),1,18.53822,73.88983,232.99
Chennai,Adyar & Boat Club Area,Ultra Luxury,2,989,2,2,5,Semi-Furnished,Mid (5-12),2,12.99289,80.24648,159.42
Hyderabad,Miyapur & Kukatpally,Mid-Segment,1,479,1,3,0,Semi-Furnished,High (13+),10,17.49254,78.38214,39.36
Hyderabad,Tellapur & Nallagandla,Mid-Segment,3,1682,3,3,8,Semi-Furnished,Mid (5-12),5,17.45559,78.31768,138.12
Delhi NCR,Greater Noida West,Affordable,1,451,1,2,2,Semi-Furnished,Ground-Low (1-4),9,28.5324,77.45375,27.84
Pune,Koregaon Park & Kalyani Nagar,Ultra Luxury,2,858,3,3,5,Semi-Furnished,Mid (5-12),9,18.53481,73.89548,148.28
Hyderabad,Miyapur & Kukatpally,Mid-Segment,2,1044,2,2,5,Semi-Furnished,Ground-Low (1-4),3,17.50029,78.38609,65.27
Pune,Wakad & Hinjewadi,Mid-Segment,3,1485,4,1,0,Unfurnished,Mid (5-12),4,18.58669,73.74986,129.14
Pune,Baner & Balewadi,Premium,1,613,1,4,12,Unfurnished,Ground-Low (1-4),4,18.55411,73.7956,56.81
Hyderabad,Miyapur & Kukatpally,Mid-Segment,3,1447,4,1,0,Unfurnished,Ground-Low (1-4),5,17.48858,78.3796,93.24
Bengaluru,Electronic City,Mid-Segment,3,1616,3,3,8,Semi-Furnished,Ground-Low (1-4),3,12.85229,77.67285,102.36
Bengaluru,Yelahanka & North Blr,Mid-Segment,3,1459,4,4,0,Unfurnished,Mid (5-12),9,13.09784,77.57483,124.5
Hyderabad,Tellapur & Nallagandla,Mid-Segment,1,565,1,3,2,Fully-Furnished,Ground-Low (1-4),1,17.45963,78.32921,49.22
Chennai,Velachery,Mid-Segment,3,1943,3,3,5,Semi-Furnished,High (13+),3,12.98569,80.22919,158.8
Pune,Hadapsar & Undri,Mid-Segment,2,884,2,1,5,Semi-Furnished,Ground-Low (1-4),9,18.4802,73.93601,59.99
Pune,Hadapsar & Undri,Mid-Segment,2,873,3,2,8,Unfurnished,Ground-Low (1-4),10,18.47166,73.92896,59.71
Mumbai,Thane West,Mid-Segment,2,1068,3,1,0,Unfurnished,Ground-Low (1-4),2,19.28191,72.95335,149.66
Pune,Kharadi & Viman Nagar,Premium,2,878,2,1,12,Unfurnished,Ground-Low (1-4),4,18.54143,73.91685,77.39
Delhi NCR,Greater Noida West,Affordable,2,1193,2,1,12,Unfurnished,Mid (5-12),3,28.53988,77.44975,60.61
Bengaluru,HSR Layout & Sarjapur,Premium,2,880,2,4,0,Semi-Furnished,Ground-Low (1-4),9,12.91125,77.66416,114.71
Chennai,Velachery,Mid-Segment,4,2536,5,0,5,Fully-Furnished,High (13+),10,12.98498,80.22676,251.39
Mumbai,Thane West,Mid-Segment,2,1110,2,1,5,Fully-Furnished,Mid (5-12),4,19.27634,72.96211,177.16
Hyderabad,Tellapur & Nallagandla,Mid-Segment,3,1515,3,3,0,Semi-Furnished,Mid (5-12),8,17.46971,78.32051,147.52
Pune,Hadapsar & Undri,Mid-Segment,2,963,2,3,8,Fully-Furnished,Ground-Low (1-4),7,18.4727,73.93283,68.15
Bengaluru,HSR Layout & Sarjapur,Premium,4,2959,4,2,0,Unfurnished,Ground-Low (1-4),3,12.9129,77.65393,336.67
Mumbai,Bandra-Juhu Belt,Ultra Luxury,5,4232,6,2,2,Unfurnished,Ground-Low (1-4),9,19.16304,72.84256,1469.37
Bengaluru,HSR Layout & Sarjapur,Premium,2,1245,2,0,0,Semi-Furnished,Mid (5-12),8,12.90733,77.64909,188.26
Hyderabad,Miyapur & Kukatpally,Mid-Segment,2,1155,2,2,0,Unfurnished,Mid (5-12),5,17.49023,78.38058,78.28
Mumbai,South Mumbai (Colaba/Worli),Ultra Luxury,2,905,2,2,0,Semi-Furnished,Ground-Low (1-4),4,19.12334,72.83575,333.09
Pune,Wakad & Hinjewadi,Mid-Segment,2,1134,2,1,2,Unfurnished,Mid (5-12),3,18.59404,73.76614,84.51
Hyderabad,Miyapur & Kukatpally,Mid-Segment,2,1001,2,2,5,Semi-Furnished,High (13+),4,17.49041,78.38383,72.97
Bengaluru,Indiranagar & Koramangala,Ultra Luxury,2,991,3,2,2,Fully-Furnished,Mid (5-12),5,12.97489,77.63308,203.43
Bengaluru,HSR Layout & Sarjapur,Premium,4,2239,5,2,2,Semi-Furnished,Mid (5-12),2,12.90765,77.65527,291.36
Mumbai,Thane West,Mid-Segment,2,979,3,1,8,Semi-Furnished,High (13+),1,19.27794,72.95646,137.81
Bengaluru,Whitefield (IT Hub),Premium,4,2877,4,2,2,Unfurnished,Mid (5-12),10,12.97671,77.73114,348.36
Chennai,Tambaram & Porur,Affordable,2,1210,2,1,5,Fully-Furnished,Ground-Low (1-4),8,12.91455,80.14636,76.47
Mumbai,Bandra-Juhu Belt,Ultra Luxury,4,3191,5,0,0,Fully-Furnished,Mid (5-12),6,19.16575,72.83895,1359.81
Mumbai,South Mumbai (Colaba/Worli),Ultra Luxury,2,1221,2,2,0,Semi-Furnished,Ground-Low (1-4),1,19.12413,72.82509,527.63
Chennai,Adyar & Boat Club Area,Ultra Luxury,3,1541,3,1,5,Semi-Furnished,Mid (5-12),4,13.00705,80.24936,279.65
Chennai,Tambaram & Porur,Affordable,1,539,1,3,8,Semi-Furnished,High (13+),5,12.91477,80.15197,30.83
Hyderabad,Jubilee Hills & Banjara Hills,Ultra Luxury,1,646,1,2,0,Semi-Furnished,Ground-Low (1-4),7,17.44017,78.42361,122.01
Delhi NCR,Golf Course Rd (Gurugram),Ultra Luxury,3,1946,3,2,5,Unfurnished,Ground-Low (1-4),9,28.44968,77.10141,514.23
Hyderabad,Jubilee Hills & Banjara Hills,Ultra Luxury,2,1128,3,2,12,Unfurnished,High (13+),9,17.44249,78.42265,189.47
Bengaluru,Yelahanka & North Blr,Mid-Segment,3,1548,4,2,12,Semi-Furnished,Mid (5-12),5,13.0951,77.59138,107.15
Mumbai,South Mumbai (Colaba/Worli),Ultra Luxury,2,984,2,2,0,Semi-Furnished,Ground-Low (1-4),10,19.13273,72.83381,438.51
Delhi NCR,South Delhi (Vasant Vihar),Ultra Luxury,4,2168,4,2,0,Semi-Furnished,Mid (5-12),1,28.57208,77.16601,695.7
Bengaluru,Electronic City,Mid-Segment,2,1105,3,1,2,Unfurnished,High (13+),7,12.86054,77.67109,82.23
Delhi NCR,Greater Noida West,Affordable,3,1367,3,1,12,Semi-Furnished,Mid (5-12),7,28.54016,77.46221,74.83
Delhi NCR,Golf Course Rd (Gurugram),Ultra Luxury,2,967,2,4,8,Semi-Furnished,Ground-Low (1-4),2,28.45581,77.09983,203.87
Chennai,Velachery,Mid-Segment,4,2341,4,3,5,Unfurnished,Mid (5-12),8,12.98899,80.23755,198.76
Hyderabad,Jubilee Hills & Banjara Hills,Ultra Luxury,3,1694,4,4,0,Unfurnished,Ground-Low (1-4),9,17.43217,78.42766,308.87
Chennai,Tambaram & Porur,Affordable,3,1925,3,3,0,Unfurnished,High (13+),7,12.92885,80.14902,132.28
Mumbai,South Mumbai (Colaba/Worli),Ultra Luxury,3,1404,4,1,2,Unfurnished,Ground-Low (1-4),7,19.11971,72.82997,610.05
Chennai,OMR IT Corridor (Perungudi),Mid-Segment,2,898,3,1,12,Semi-Furnished,High (13+),4,12.97123,80.28019,61.13
Bengaluru,Yelahanka & North Blr,Mid-Segment,4,2406,4,2,12,Semi-Furnished,Mid (5-12),4,13.10483,77.58012,183.93
Bengaluru,Yelahanka & North Blr,Mid-Segment,2,1148,2,2,2,Fully-Furnished,Ground-Low (1-4),2,13.09748,77.58349,91.09
Pune,Wakad & Hinjewadi,Mid-Segment,2,1106,3,0,18,Semi-Furnished,Ground-Low (1-4),3,18.59527,73.75084,72.54
Bengaluru,HSR Layout & Sarjapur,Premium,3,1826,3,2,0,Semi-Furnished,High (13+),1,12.91422,77.64553,245.88
Mumbai,South Mumbai (Colaba/Worli),Ultra Luxury,4,2345,5,2,0,Fully-Furnished,Mid (5-12),7,19.12852,72.83225,1119.97
Pune,Wakad & Hinjewadi,Mid-Segment,2,1069,3,2,0,Semi-Furnished,High (13+),4,18.59737,73.7641,91.27
Hyderabad,Tellapur & Nallagandla,Mid-Segment,2,1144,2,2,5,Semi-Furnished,Ground-Low (1-4),8,17.47435,78.32157,93.5
Delhi NCR,Noida Sector 150/62,Mid-Segment,3,1832,3,2,0,Semi-Furnished,Mid (5-12),6,28.5817,77.38264,178.55
Chennai,OMR IT Corridor (Perungudi),Mid-Segment,1,564,1,1,2,Semi-Furnished,Mid (5-12),5,12.96815,80.27773,53.9
Delhi NCR,Greater Noida West,Affordable,2,1111,2,3,5,Unfurnished,Ground-Low (1-4),6,28.52788,77.45502,58.57
Chennai,Velachery,Mid-Segment,1,632,1,2,5,Semi-Furnished,Mid (5-12),2,12.97537,80.22425,46.36
Mumbai,Thane West,Mid-Segment,2,1095,2,1,12,Unfurnished,Ground-Low (1-4),8,19.28507,72.96241,135.74
Hyderabad,Jubilee Hills & Banjara Hills,Ultra Luxury,1,631,1,2,5,Unfurnished,Ground-Low (1-4),2,17.44427,78.42091,87.82
Delhi NCR,Cyber City & Sector 54,Premium,2,1172,2,2,8,Semi-Furnished,Mid (5-12),1,28.47047,77.11445,184.07
Pune,Kharadi & Viman Nagar,Premium,3,1501,3,3,0,Semi-Furnished,Mid (5-12),3,18.55734,73.9352,168.43
Delhi NCR,Noida Sector 150/62,Mid-Segment,2,1038,3,2,18,Fully-Furnished,Ground-Low (1-4),4,28.58006,77.38569,80.24
Bengaluru,HSR Layout & Sarjapur,Premium,3,1924,3,3,0,Semi-Furnished,Mid (5-12),8,12.91073,77.65502,286.02
Hyderabad,Miyapur & Kukatpally,Mid-Segment,3,1754,3,1,0,Unfurnished,Mid (5-12),6,17.48612,78.39186,134.19
Chennai,Anna Nagar,Premium,3,1600,3,1,8,Unfurnished,Ground-Low (1-4),10,13.10243,80.20744,185.67
Hyderabad,Kondapur & HITECH City,Premium,3,1701,4,0,0,Semi-Furnished,High (13+),1,17.45095,78.38407,187.21
Bengaluru,Whitefield (IT Hub),Premium,1,647,1,3,0,Fully-Furnished,Mid (5-12),4,12.97192,77.7347,73.84
Delhi NCR,Cyber City & Sector 54,Premium,2,1032,3,4,2,Unfurnished,Mid (5-12),9,28.46569,77.11272,176.06
Chennai,Tambaram & Porur,Affordable,1,514,1,4,5,Semi-Furnished,High (13+),3,12.92233,80.15589,29.06
Hyderabad,Gachibowli & Financial District,Premium,2,1030,3,3,5,Semi-Furnished,Mid (5-12),3,17.44287,78.36161,121.66
Delhi NCR,Golf Course Rd (Gurugram),Ultra Luxury,1,465,1,2,8,Semi-Furnished,Mid (5-12),5,28.45327,77.08943,111.0
Hyderabad,Kondapur & HITECH City,Premium,3,1614,3,2,2,Unfurnished,Mid (5-12),10,17.45464,78.38607,180.53
Bengaluru,Indiranagar & Koramangala,Ultra Luxury,3,1765,4,1,8,Unfurnished,Mid (5-12),6,12.97178,77.62593,317.0
Mumbai,Thane West,Mid-Segment,2,932,2,1,2,Semi-Furnished,Mid (5-12),10,19.26654,72.96362,155.33
Bengaluru,Whitefield (IT Hub),Premium,1,473,1,2,25,Unfurnished,Mid (5-12),4,12.97975,77.73726,38.0
Mumbai,Thane West,Mid-Segment,3,1382,4,1,0,Semi-Furnished,Ground-Low (1-4),7,19.2663,72.94777,229.69
Chennai,Velachery,Mid-Segment,1,632,1,4,0,Unfurnished,Mid (5-12),8,12.97463,80.2362,60.62
Delhi NCR,South Delhi (Vasant Vihar),Ultra Luxury,2,951,3,2,5,Fully-Furnished,Ground-Low (1-4),6,28.56766,77.1593,295.27
Bengaluru,HSR Layout & Sarjapur,Premium,3,1522,3,2,8,Semi-Furnished,High (13+),2,12.90409,77.64506,188.45
Chennai,Velachery,Mid-Segment,2,1044,2,1,0,Semi-Furnished,Mid (5-12),3,12.97942,80.23685,79.61
Hyderabad,Miyapur & Kukatpally,Mid-Segment,1,636,1,0,5,Semi-Furnished,Mid (5-12),6,17.49261,78.37808,45.74
Delhi NCR,Cyber City & Sector 54,Premium,3,1892,4,0,8,Unfurnished,Mid (5-12),3,28.4782,77.10014,291.92
Pune,Koregaon Park & Kalyani Nagar,Ultra Luxury,3,1938,4,1,8,Semi-Furnished,Ground-Low (1-4),7,18.53134,73.90038,339.44
Pune,Baner & Balewadi,Premium,3,1513,3,2,8,Semi-Furnished,Ground-Low (1-4),2,18.56363,73.79025,149.09
Chennai,OMR IT Corridor (Perungudi),Mid-Segment,1,577,1,0,0,Semi-Furnished,Ground-Low (1-4),5,12.95428,80.28361,50.84
Mumbai,Navi Mumbai (Vashi/Kharghar),Mid-Segment,2,1091,2,2,8,Unfurnished,High (13+),6,19.0967,73.02011,129.76
Delhi NCR,Noida Sector 150/62,Mid-Segment,4,3109,5,0,12,Semi-Furnished,High (13+),10,28.56931,77.37419,299.13
Delhi NCR,Golf Course Rd (Gurugram),Ultra Luxury,2,1193,3,1,5,Semi-Furnished,Mid (5-12),2,28.45312,77.10689,311.33
Pune,Koregaon Park & Kalyani Nagar,Ultra Luxury,5,4628,5,2,2,Unfurnished,Ground-Low (1-4),9,18.53611,73.89296,792.95
Bengaluru,HSR Layout & Sarjapur,Premium,3,1843,4,1,0,Semi-Furnished,Ground-Low (1-4),7,12.90274,77.6603,246.97
Pune,Koregaon Park & Kalyani Nagar,Ultra Luxury,2,1179,2,2,0,Fully-Furnished,Mid (5-12),1,18.54994,73.88937,213.08
Bengaluru,Whitefield (IT Hub),Premium,3,1914,3,2,8,Unfurnished,Ground-Low (1-4),4,12.98044,77.73841,166.16
Mumbai,Powai-Andheri West,Premium,2,1151,2,3,2,Unfurnished,Ground-Low (1-4),9,19.19008,72.85586,281.32
Delhi NCR,Greater Noida West,Affordable,3,1371,3,1,5,Fully-Furnished,Ground-Low (1-4),1,28.53313,77.45485,73.11
Bengaluru,HSR Layout & Sarjapur,Premium,3,1582,4,2,5,Semi-Furnished,Ground-Low (1-4),7,12.9031,77.64579,200.0
Delhi NCR,South Delhi (Vasant Vihar),Ultra Luxury,2,985,3,2,0,Semi-Furnished,Ground-Low (1-4),3,28.55423,77.16027,309.37
Bengaluru,Indiranagar & Koramangala,Ultra Luxury,2,907,2,1,12,Semi-Furnished,Ground-Low (1-4),2,12.97966,77.63997,138.1
Hyderabad,Miyapur & Kukatpally,Mid-Segment,2,960,3,1,2,Unfurnished,Mid (5-12),2,17.48754,78.39198,66.67
Hyderabad,Jubilee Hills & Banjara Hills,Ultra Luxury,3,1805,3,2,0,Unfurnished,Ground-Low (1-4),3,17.43041,78.42452,297.83
Delhi NCR,South Delhi (Vasant Vihar),Ultra Luxury,2,933,3,4,0,Fully-Furnished,Ground-Low (1-4),8,28.57265,77.15062,320.5
Bengaluru,Indiranagar & Koramangala,Ultra Luxury,2,1210,3,2,2,Unfurnished,Mid (5-12),8,12.97626,77.63812,231.59
Pune,Wakad & Hinjewadi,Mid-Segment,5,3559,6,1,25,Fully-Furnished,High (13+),5,18.59294,73.76003,256.55
Pune,Wakad & Hinjewadi,Mid-Segment,3,1691,3,0,2,Semi-Furnished,High (13+),8,18.59532,73.76563,173.44
